HoortBijGeoobject.identificatie;GHPR;gebied;Gbdafk;Doel;bronddoel;HandelingsperspectiefWBP;Doel_2022
NL11_VaartenAmsterdam;Fytoplankton-kwaliteit  ;1000-EAG-1;BzmADM,O;0.6;KRW_2016;;
NL11_VaartenAmsterdam;Macrofauna-kwaliteit ;1000-EAG-1;BzmADM,O;0.6;KRW_2016;;
NL11_VaartenAmsterdam;Overige waterflora-kwaliteit ;1000-EAG-1;BzmADM,O;0.6;KRW_2016;;
NL11_VaartenAmsterdam;Vis-kwaliteit ;1000-EAG-1;BzmADM,O;0.6;KRW_2016;;
NL11_VaartenAmsterdam;Vis-kwaliteit ;1000-EAG-2;BzmADM,O;0.6;KRW_2016;;
NL11_VaartenAmsterdam;Vis-kwaliteit ;1000-EAG-4;BzmADM,O;0.6;KRW_2016;;
OvWa_1010-EAG-1_Erasmusp;Overige waterflora-kwaliteit ;1010-EAG-1;Erasmusprk;;;;
NL11_OvWa_1010-EAG-1_Erasmusp;Overige waterflora-kwaliteit ;1010-EAG-1;Erasmusprk;;;;
OvWa_1020-EAG-1_Westerpa;Overige waterflora-kwaliteit ;1020-EAG-1;Wrprk;;;;
NL11_OvWa_1020-EAG-1_Westerpa;Overige waterflora-kwaliteit ;1020-EAG-1;Wrprk;;;;
OvWa_1050-EAG-1_SP_Zuid_;Overige waterflora-kwaliteit ;1050-EAG-1;SPZ;;;;
NL11_OvWa_1050-EAG-1_SP_Zuid_;Overige waterflora-kwaliteit ;1050-EAG-1;SPZ;;;;
OvWa_1060-EAG-1_Vondelpa;Overige waterflora-kwaliteit ;1060-EAG-1;Vondelprk;;;;
NL11_OvWa_1060-EAG-1_Vondelpa;Overige waterflora-kwaliteit ;1060-EAG-1;Vondelprk;;;;
NL11_VaartenAmsterdam;Fytoplankton-kwaliteit  ;2000-EAG-1;BzAmslW,N;0.6;KRW_2016;;
NL11_VaartenAmsterdam;Macrofauna-kwaliteit ;2000-EAG-1;BzAmslW,N;0.6;KRW_2016;;
NL11_VaartenAmsterdam;Overige waterflora-kwaliteit ;2000-EAG-1;BzAmslW,N;0.6;KRW_2016;;
NL11_VaartenAmsterdam;Vis-kwaliteit ;2000-EAG-1;BzAmslW,N;0.6;KRW_2016;;
NL11_VaartenAmsterdam;Vis-kwaliteit ;2000-EAG-1;BzAmslW,N;0.6;KRW_2016;;
NL11_Amstellandboezem;Fytoplankton-kwaliteit  ;2000-EAG-2;BzAmslW,NW;0.6;KRW_2016;;
NL11_Amstellandboezem;Macrofauna-kwaliteit ;2000-EAG-2;BzAmslW,NW;0.6;KRW_2016;;
NL11_Amstellandboezem;Overige waterflora-kwaliteit ;2000-EAG-2;BzAmslW,NW;0.6;KRW_2016;;
NL11_Amstellandboezem;Vis-kwaliteit ;2000-EAG-2;BzAmslW,NW;0.6;KRW_2016;;
NL11_Amstellandboezem;Vis-kwaliteit ;2000-EAG-2;BzAmslW,NW;0.6;KRW_2016;;
NL11_Amstellandboezem;Fytoplankton-kwaliteit  ;2000-EAG-3;BzAmslW,NO;0.6;KRW_2016;;
NL11_Amstellandboezem;Macrofauna-kwaliteit ;2000-EAG-3;BzAmslW,NO;0.6;KRW_2016;;
NL11_Amstellandboezem;Overige waterflora-kwaliteit ;2000-EAG-3;BzAmslW,NO;0.6;KRW_2016;;
NL11_Amstellandboezem;Vis-kwaliteit ;2000-EAG-3;BzAmslW,NO;0.6;KRW_2016;;
NL11_Amstellandboezem;Fytoplankton-kwaliteit  ;2000-EAG-4;BzAmslW,O;0.6;KRW_2016;;
NL11_Amstellandboezem;Macrofauna-kwaliteit ;2000-EAG-4;BzAmslW,O;0.6;KRW_2016;;
NL11_Amstellandboezem;Overige waterflora-kwaliteit ;2000-EAG-4;BzAmslW,O;0.6;KRW_2016;;
NL11_Amstellandboezem;Vis-kwaliteit ;2000-EAG-4;BzAmslW,O;0.6;KRW_2016;;
NL11_Amstellandboezem;Vis-kwaliteit ;2000-EAG-4;BzAmslW,O;0.6;KRW_2016;;
NL11_Amstellandboezem;Fytoplankton-kwaliteit  ;2000-EAG-5;BzAmslW,mid;0.6;KRW_2016;;
NL11_Amstellandboezem;Macrofauna-kwaliteit ;2000-EAG-5;BzAmslW,mid;0.6;KRW_2016;;
NL11_Amstellandboezem;Overige waterflora-kwaliteit ;2000-EAG-5;BzAmslW,mid;0.6;KRW_2016;;
NL11_Amstellandboezem;Vis-kwaliteit ;2000-EAG-5;BzAmslW,mid;0.6;KRW_2016;;
NL11_Amstellandboezem;Fytoplankton-kwaliteit  ;2000-EAG-6;BzAmslW,W;0.6;KRW_2016;;
NL11_Amstellandboezem;Macrofauna-kwaliteit ;2000-EAG-6;BzAmslW,W;0.6;KRW_2016;;
NL11_Amstellandboezem;Overige waterflora-kwaliteit ;2000-EAG-6;BzAmslW,W;0.6;KRW_2016;;
NL11_Amstellandboezem;Vis-kwaliteit ;2000-EAG-6;BzAmslW,W;0.6;KRW_2016;;
NL11_Amstellandboezem;Fytoplankton-kwaliteit  ;2000-EAG-7;BzAmslW,Z;0.6;KRW_2016;;
NL11_Amstellandboezem;Macrofauna-kwaliteit ;2000-EAG-7;BzAmslW,Z;0.6;KRW_2016;;
NL11_Amstellandboezem;Overige waterflora-kwaliteit ;2000-EAG-7;BzAmslW,Z;0.6;KRW_2016;;
NL11_Amstellandboezem;Vis-kwaliteit ;2000-EAG-7;BzAmslW,Z;0.6;KRW_2016;;
NL11_Amstellandboezem;Vis-kwaliteit ;2000-EAG-7;BzAmslW,Z;0.6;KRW_2016;;
NL11_Amstellandboezem;Macrofauna-kwaliteit ;2000-EAG-8;;0.6;KRW_2016;;
NL11_Amstellandboezem;Overige waterflora-kwaliteit ;2000-EAG-8;;0.6;KRW_2016;;
OvWa_2010-EAG-1_Diemerpo;Overige waterflora-kwaliteit ;2010-EAG-1;DiemerP,Dm-N;;;;
NL11_OvWa_2010-EAG-1_Diemerpo;Overige waterflora-kwaliteit ;2010-EAG-1;DiemerP,Dm-N;;;;
OvWa_2010-EAG-2_Diemerpo;Overige waterflora-kwaliteit ;2010-EAG-2;DiemerP,Dm;;;;
NL11_OvWa_2010-EAG-2_Diemerpo;Overige waterflora-kwaliteit ;2010-EAG-2;DiemerP,Dm;;;;
OvWa_2020-EAG-1_Flevopar;Overige waterflora-kwaliteit ;2020-EAG-1;Flevoprk;;;;
NL11_OvWa_2020-EAG-1_Flevopar;Overige waterflora-kwaliteit ;2020-EAG-1;Flevoprk;;;;
OvWa_2030-EAG-1_Sarphati;Overige waterflora-kwaliteit ;2030-EAG-1;Sarphatiprk;;;;
NL11_OvWa_2030-EAG-1_Sarphati;Overige waterflora-kwaliteit ;2030-EAG-1;Sarphatiprk;;;;
OvWa_2040-EAG-1_Oosterpa;Overige waterflora-kwaliteit ;2040-EAG-1;OOerprk;;;;
NL11_OvWa_2040-EAG-1_Oosterpa;Overige waterflora-kwaliteit ;2040-EAG-1;OOerprk;;;;
OvWa_2050-EAG-1_Atekpold;Overige waterflora-kwaliteit ;2050-EAG-1;AtekP;;;;
NL11_OvWa_2050-EAG-1_Atekpold;Overige waterflora-kwaliteit ;2050-EAG-1;AtekP;;;;
OvWa_2100-EAG-1_Binnendi;Overige waterflora-kwaliteit ;2100-EAG-1;BinndijkseBuitvelderseP;0.559;handelingsperspectief_score2008-2014;0.11;
NL11_OvWa_2100-EAG-1_Binnendi;Overige waterflora-kwaliteit ;2100-EAG-1;BinndijkseBuitvelderseP;0.5594;handelingsperspectief_score2008-2014;0.11;
OvWa_2110-EAG-1_Middelpo;Overige waterflora-kwaliteit ;2110-EAG-1;MiPAmsvbmlgbd;0.5815;handelingsperspectief_score2008-2014;0.21;
NL11_OvWa_2110-EAG-1_Middelpo;Overige waterflora-kwaliteit ;2110-EAG-1;MiPAmsvbmlgbd;0.579;handelingsperspectief_score2008-2014;0.21;
OvWa_2110-EAG-2_Middelpo;Overige waterflora-kwaliteit ;2110-EAG-2;AmseBos;0.625;handelingsperspectief_score2008-2014;0.21;
NL11_OvWa_2110-EAG-2_Middelpo;Overige waterflora-kwaliteit ;2110-EAG-2;AmseBos;0.625;handelingsperspectief_score2008-2014;0.21;
OvWa_2110-EAG-3_Middelpo;Overige waterflora-kwaliteit ;2110-EAG-3;MiPAmsvbvnland;0.476666667;handelingsperspectief_score2008-2014;0.21;
NL11_OvWa_2110-EAG-3_Middelpo;Overige waterflora-kwaliteit ;2110-EAG-3;MiPAmsvbvnland;0.471363636;handelingsperspectief_score2008-2014;0.21;
OvWa_2110-EAG-4_Middelpo;Overige waterflora-kwaliteit ;2110-EAG-4;MiPAmsvNtrGeb;0.396;handelingsperspectief_score2008-2014;0.21;
NL11_OvWa_2110-EAG-4_Middelpo;Overige waterflora-kwaliteit ;2110-EAG-4;MiPAmsvNtrGeb;0.399833333;handelingsperspectief_score2008-2014;0.21;
OvWa_2110-EAG-5_Middelpo;Overige waterflora-kwaliteit ;2110-EAG-5;MiPAmsvbebGbd;0.393;handelingsperspectief_score2008-2014;0.21;
NL11_OvWa_2110-EAG-5_Middelpo;Overige waterflora-kwaliteit ;2110-EAG-5;MiPAmsvbebGbd;0.393142857;handelingsperspectief_score2008-2014;0.21;
OvWa_2110-EAG-6_Middelpo;Overige waterflora-kwaliteit ;2110-EAG-6;MiPAmsvlndsprtpk;0.521;handelingsperspectief_score2008-2014;0.21;
NL11_OvWa_2110-EAG-6_Middelpo;Overige waterflora-kwaliteit ;2110-EAG-6;MiPAmsvlndsprtpk;0.508428571;handelingsperspectief_score2008-2014;0.21;
NL11_VaartenWesteramstel;Fytoplankton-kwaliteit  ;2110-EAG-8;;0.6;KRW_2016;;
NL11_VaartenWesteramstel;Macrofauna-kwaliteit ;2110-KRW-1;;0.6;KRW_2016;;
NL11_VaartenWesteramstel;Overige waterflora-kwaliteit ;2110-KRW-1;;0.6;KRW_2016;;
OvWa_2120-EAG-1_Bovenker;Overige waterflora-kwaliteit ;2120-EAG-1;BKP,lnd;0.52;WGP_Westeramstel;0.1125;
NL11_OvWa_2120-EAG-1_Bovenker;Overige waterflora-kwaliteit ;2120-EAG-1;BKP,lnd;0.52;WGP_Westeramstel;0.1125;
OvWa_2120-EAG-2_Bovenker;Overige waterflora-kwaliteit ;2120-EAG-2;BKP,AmsdijkZ;0.52;WGP_Westeramstel;0.1125;
NL11_OvWa_2120-EAG-2_Bovenker;Overige waterflora-kwaliteit ;2120-EAG-2;BKP,AmsdijkZ;0.52;WGP_Westeramstel;0.1125;
OvWa_2120-EAG-3_Bovenker;Overige waterflora-kwaliteit ;2120-EAG-3;BKP,Amsvn;0.52;WGP_Westeramstel;0.1125;
NL11_OvWa_2120-EAG-3_Bovenker;Overige waterflora-kwaliteit ;2120-EAG-3;BKP,Amsvn;0.52;WGP_Westeramstel;0.1125;
NL11_VaartenWesteramstel;Fytoplankton-kwaliteit  ;2120-EAG-4;;0.6;KRW_2016;;
NL11_VaartenWesteramstel;Macrofauna-kwaliteit ;2120-KRW-1;;0.6;KRW_2016;;
NL11_VaartenWesteramstel;Overige waterflora-kwaliteit ;2120-KRW-1;;0.6;KRW_2016;;
OvWa_2130-EAG-1_Noorder_;Overige waterflora-kwaliteit ;2130-EAG-1;NdrLgmrP,lnd;0.53;WGP_Westeramstel;0.07;
NL11_OvWa_2130-EAG-1_Noorder_;Overige waterflora-kwaliteit ;2130-EAG-1;NdrLgmrP,lnd;0.53;WGP_Westeramstel;0.07;
OvWa_2130-EAG-2_Noorder_;Overige waterflora-kwaliteit ;2130-EAG-2;NdrLgmrP,bvnkerk;0.53;WGP_Westeramstel;0.07;
NL11_OvWa_2130-EAG-2_Noorder_;Overige waterflora-kwaliteit ;2130-EAG-2;NdrLgmrP,bvnkerk;0.53;WGP_Westeramstel;0.07;
OvWa_2130-EAG-3_Noorder_;Overige waterflora-kwaliteit ;2130-EAG-3;NdrLgmrP,Uithr;0.53;WGP_Westeramstel;0.07;
NL11_OvWa_2130-EAG-3_Noorder_;Overige waterflora-kwaliteit ;2130-EAG-3;NdrLgmrP,Uithr;0.53;WGP_Westeramstel;0.07;
NL11_VaartenWesteramstel;Fytoplankton-kwaliteit  ;2130-EAG-5;;0.6;KRW_2016;;
NL11_VaartenWesteramstel;Macrofauna-kwaliteit ;2130-KRW-1;;0.6;KRW_2016;;
NL11_VaartenWesteramstel;Overige waterflora-kwaliteit ;2130-KRW-1;;0.6;KRW_2016;;
OvWa_2140-EAG-1_Uithoorn;Overige waterflora-kwaliteit ;2140-EAG-1;UithrnPmid;0.44;WGP_Westeramstel;;
NL11_OvWa_2140-EAG-1_Uithoorn;Overige waterflora-kwaliteit ;2140-EAG-1;UithrnPmid;0.44;WGP_Westeramstel;;
OvWa_2140-EAG-2_Uithoorn;Overige waterflora-kwaliteit ;2140-EAG-2;UithrnP,UithrnPZ;0.44;WGP_Westeramstel;;
NL11_OvWa_2140-EAG-2_Uithoorn;Overige waterflora-kwaliteit ;2140-EAG-2;UithrnP,UithrnPZ;0.44;WGP_Westeramstel;;
OvWa_2140-EAG-3_Uithoorn;Overige waterflora-kwaliteit ;2140-EAG-3;Zijdelmeer;0.44;WGP_Westeramstel;0;
NL11_OvWa_2140-EAG-3_Uithoorn;Overige waterflora-kwaliteit ;2140-EAG-3;Zijdelmeer;0.44;WGP_Westeramstel;;
OvWa_2140-EAG-4_Uithoorn;Overige waterflora-kwaliteit ;2140-EAG-4;StdlkUithr-Z;0.44;WGP_Westeramstel;0.05;
NL11_OvWa_2140-EAG-4_Uithoorn;Overige waterflora-kwaliteit ;2140-EAG-4;StdlkUithr-Z;0.44;WGP_Westeramstel;;
OvWa_2140-EAG-5_Uithoorn;Overige waterflora-kwaliteit ;2140-EAG-5;UithrnP,NtrGebUithr;0.44;WGP_Westeramstel;0.05;
NL11_OvWa_2140-EAG-5_Uithoorn;Overige waterflora-kwaliteit ;2140-EAG-5;UithrnP,NtrGebUithr;0.44;WGP_Westeramstel;;
NL11_OvWa_2140-EAG-5_Uithoorn;Overige waterflora-kwaliteit ;2140-EAG-5;UithrnP,NtrGebUithr;0.44;WGP_Westeramstel;;
OvWa_2140-EAG-6_Uithoorn;Overige waterflora-kwaliteit ;2140-EAG-6;UithrnP,DKwkl;0.44;WGP_Westeramstel;0.05;
NL11_OvWa_2140-EAG-6_Uithoorn;Overige waterflora-kwaliteit ;2140-EAG-6;UithrnP,DKwkl;0.44;WGP_Westeramstel;;
OvWa_2150-EAG-2_Zuider_L;Overige waterflora-kwaliteit ;2150-EAG-2;ZLP,Kdlstrt;0.46;WGP_Westeramstel;0.05;
NL11_OvWa_2150-EAG-2_Zuider_L;Overige waterflora-kwaliteit ;2150-EAG-2;ZLP,Kdlstrt;0.46;WGP_Westeramstel;0.05;
OvWa_2150-EAG-3_Zuider_L;Overige waterflora-kwaliteit ;2150-EAG-3;ZLP,lnd;0.46;WGP_Westeramstel;0.05;
NL11_OvWa_2150-EAG-3_Zuider_L;Overige waterflora-kwaliteit ;2150-EAG-3;ZLP,lnd;0.46;WGP_Westeramstel;0.05;
OvWa_2160-EAG-1_Fred_Roe;Overige waterflora-kwaliteit ;2160-EAG-1;FredRoeskestr;;;;
NL11_OvWa_2160-EAG-1_Fred_Roe;Overige waterflora-kwaliteit ;2160-EAG-1;FredRoeskestr;;;;
OvWa_2200-EAG-1_Venserpo;Overige waterflora-kwaliteit ;2200-EAG-1;VserPvlktn;;;;
NL11_OvWa_2200-EAG-1_Venserpo;Overige waterflora-kwaliteit ;2200-EAG-1;VserPvlktn;;;;
OvWa_2210-EAG-1_Bijlmer_;Overige waterflora-kwaliteit ;2210-EAG-1;Blmr;;;;
NL11_OvWa_2210-EAG-1_Bijlmer_;Overige waterflora-kwaliteit ;2210-EAG-1;Blmr;;;;
NL11_Gaasperplas;Fytoplankton-kwaliteit  ;2220-EAG-1;Gaasperplas;0.6;KRW_2016;;
NL11_Gaasperplas;Macrofauna-kwaliteit ;2220-EAG-1;Gaasperplas;0.5;KRW_2016;;
NL11_Gaasperplas;Overige waterflora-kwaliteit ;2220-EAG-1;Gaasperplas;0.534167;KRW_2016;;
NL11_Gaasperplas;Vis-kwaliteit ;2220-EAG-1;Gaasperplas;0.6;KRW_2016;;
OvWa_2220-EAG-2_Zuid_Bij;Overige waterflora-kwaliteit ;2220-EAG-2;ZBlmr,Gsprdm;0.74;handelingsperspectief_score2008-2014;0.1;
NL11_OvWa_2220-EAG-2_Zuid_Bij;Overige waterflora-kwaliteit ;2220-EAG-2;ZBlmr,Gsprdm;0.7395;handelingsperspectief_score2008-2014;0.1;
OvWa_2220-EAG-3_Zuid_Bij;Overige waterflora-kwaliteit ;2220-EAG-3;ZBlmr,HgeDijk;0.773;handelingsperspectief_score2008-2014;0.1;
NL11_OvWa_2220-EAG-3_Zuid_Bij;Overige waterflora-kwaliteit ;2220-EAG-3;ZBlmr,HgeDijk;0.773;handelingsperspectief_score2008-2014;0.1;
OvWa_2230-EAG-1_Broekzij;Overige waterflora-kwaliteit ;2230-EAG-1;BrkZP,lnd;0.558333333;handelingsperspectief_score2008-2014;0.08;
NL11_OvWa_2230-EAG-1_Broekzij;Overige waterflora-kwaliteit ;2230-EAG-1;BrkZP,lnd;0.550369565;handelingsperspectief_score2008-2014;0.08;
OvWa_2230-EAG-2_Broekzij;Overige waterflora-kwaliteit ;2230-EAG-2;BrkZP,Abcoude;0.1767;handelingsperspectief_score2015-2017;0.08;
NL11_OvWa_2230-EAG-2_Broekzij;Overige waterflora-kwaliteit ;2230-EAG-2;BrkZP,Abcoude;0.177;handelingsperspectief_score2015-2017;0.08;
OvWa_2240-EAG-1_Holendre;Overige waterflora-kwaliteit ;2240-EAG-1;HBPZW;0.382;handelingsperspectief_score2008-2014;0.1;
NL11_OvWa_2240-EAG-1_Holendre;Overige waterflora-kwaliteit ;2240-EAG-1;HBPZW;0.381428571;handelingsperspectief_score2008-2014;0.1;
NL11_Ouderkerkerplas;Fytoplankton-kwaliteit  ;2250-EAG-1;Ouderkerkerplas;0.6;KRW_2016;;
NL11_Ouderkerkerplas;Macrofauna-kwaliteit ;2250-EAG-1;Ouderkerkerplas;0.5;KRW_2016;;
NL11_Ouderkerkerplas;Overige waterflora-kwaliteit ;2250-EAG-1;Ouderkerkerplas;0.504167;KRW_2016;;
NL11_Ouderkerkerplas;Vis-kwaliteit ;2250-EAG-1;Ouderkerkerplas;0.510083311;KRW_2016;;
OvWa_2250-EAG-2_Polder_d;Overige waterflora-kwaliteit ;2250-EAG-2;PNBWKrtDwarswg;0.496;handelingsperspectief_score2008-2014;0.065;
NL11_OvWa_2250-EAG-2_Polder_d;Overige waterflora-kwaliteit ;2250-EAG-2;PNBWKrtDwarswg;0.4962;handelingsperspectief_score2008-2014;0.065;
OvWa_2250-EAG-3_Polder_d;Overige waterflora-kwaliteit ;2250-EAG-3;PNBWOdrkrkadAms;0.253;handelingsperspectief_score2015-2017;0.065;
NL11_OvWa_2250-EAG-3_Polder_d;Overige waterflora-kwaliteit ;2250-EAG-3;PNBWOdrkrkadAms;0.253;handelingsperspectief_score2015-2017;0.065;
OvWa_2250-EAG-4_Polder_d;Overige waterflora-kwaliteit ;2250-EAG-4;PNBWAMC;0.065;handelingsperspectief_score2008-2014;0.065;
NL11_OvWa_2250-EAG-4_Polder_d;Overige waterflora-kwaliteit ;2250-EAG-4;PNBWAMC;0.065;handelingsperspectief_score2008-2014;0.065;
OvWa_2250-EAG-5_Polder_d;Overige waterflora-kwaliteit ;2250-EAG-5;PNBWgolftrrn;0.1275;handelingsperspectief_score2008-2014;0.065;
NL11_OvWa_2250-EAG-5_Polder_d;Overige waterflora-kwaliteit ;2250-EAG-5;PNBWgolftrrn;0.128;handelingsperspectief_score2008-2014;0.065;
OvWa_2250-EAG-6_Polder_d;Overige waterflora-kwaliteit ;2250-EAG-6;PNBWrcrGbd;0.223;handelingsperspectief_score2008-2014;0.065;
NL11_OvWa_2250-EAG-6_Polder_d;Overige waterflora-kwaliteit ;2250-EAG-6;PNBWrcrGbd;0.2225;handelingsperspectief_score2008-2014;0.065;
OvWa_2250-EAG-7_Polder_d;Overige waterflora-kwaliteit ;2250-EAG-7;PNBWBllwkPdrN;0.148333333;handelingsperspectief_score2008-2014;0.065;
NL11_OvWa_2250-EAG-7_Polder_d;Overige waterflora-kwaliteit ;2250-EAG-7;PNBWBllwkPdrN;0.273583333;handelingsperspectief_score2008-2014;0.065;
OvWa_2270-EAG-1_Duivendr;Overige waterflora-kwaliteit ;2270-EAG-1;DVDPN-mid;0.5485;handelingsperspectief_score2008-2014;0.27;
NL11_OvWa_2270-EAG-1_Duivendr;Overige waterflora-kwaliteit ;2270-EAG-1;DVDPN-mid;0.557;handelingsperspectief_score2008-2014;0.27;
OvWa_2280-EAG-1_Venserpo;Overige waterflora-kwaliteit ;2280-EAG-1;VserP;;;;
NL11_OvWa_2280-EAG-1_Venserpo;Overige waterflora-kwaliteit ;2280-EAG-1;VserP;;;;
OvWa_2290-EAG-1_Polder_D;Overige waterflora-kwaliteit ;2290-EAG-1;PDeToekomst;0.435;handelingsperspectief_score2008-2014;0.1;
NL11_OvWa_2290-EAG-1_Polder_D;Overige waterflora-kwaliteit ;2290-EAG-1;PDeToekomst;0.435;handelingsperspectief_score2008-2014;0.1;
OvWa_2300-EAG-1_Overdiem;Overige waterflora-kwaliteit ;2300-EAG-1;OverdiemerP;0.475;handelingsperspectief_score2008-2014;0.075;
NL11_OvWa_2300-EAG-1_Overdiem;Overige waterflora-kwaliteit ;2300-EAG-1;OverdiemerP;0.475;handelingsperspectief_score2008-2014;0.075;
OvWa_2310-EAG-1_Gemeensc;Overige waterflora-kwaliteit ;2310-EAG-1;GMsPW,lnd;0.23675;handelingsperspectief_score2008-2014;0.05;
NL11_OvWa_2310-EAG-1_Gemeensc;Overige waterflora-kwaliteit ;2310-EAG-1;GMsPW,lnd;0.408653846;handelingsperspectief_score2008-2014;0.05;
OvWa_2310-EAG-2_Gemeensc;Overige waterflora-kwaliteit ;2310-EAG-2;GMsPW,Driemond;0.156;handelingsperspectief_score2015-2017;0.05;
NL11_OvWa_2310-EAG-2_Gemeensc;Overige waterflora-kwaliteit ;2310-EAG-2;GMsPW,Driemond;0.156;handelingsperspectief_score2015-2017;0.05;
OvWa_2330-EAG-1_Baambrug;Overige waterflora-kwaliteit ;2330-EAG-1;BmbrgOzijdsW;0.4805;handelingsperspectief_score2008-2014;0.12;
NL11_OvWa_2330-EAG-1_Baambrug;Overige waterflora-kwaliteit ;2330-EAG-1;BmbrgOzijdsW;0.478083333;handelingsperspectief_score2008-2014;0.12;
OvWa_2340-EAG-1_Polder_H;Overige waterflora-kwaliteit ;2340-EAG-1;PHSVW,bemal;0.672666667;handelingsperspectief_score2008-2014;0.14;
NL11_OvWa_2340-EAG-1_Polder_H;Overige waterflora-kwaliteit ;2340-EAG-1;PHSVW,bemal;0.668468085;handelingsperspectief_score2008-2014;0.14;
OvWa_2340-EAG-2_Polder_H;Overige waterflora-kwaliteit ;2340-EAG-2;PHSVW,Lnrslt;0.672;handelingsperspectief_score2008-2014;0.14;
NL11_OvWa_2340-EAG-2_Polder_H;Overige waterflora-kwaliteit ;2340-EAG-2;PHSVW,Lnrslt;0.6715;handelingsperspectief_score2008-2014;0.14;
OvWa_2350-EAG-1_Venserpo;Overige waterflora-kwaliteit ;2350-EAG-1;VserPvlktn;;;;
NL11_OvWa_2350-EAG-1_Venserpo;Overige waterflora-kwaliteit ;2350-EAG-1;VserPvlktn;;;;
OvWa_2370-EAG-1_Gemeensc;Overige waterflora-kwaliteit ;2370-EAG-1;GmsPWBetlem;;;;
NL11_OvWa_2370-EAG-1_Gemeensc;Overige waterflora-kwaliteit ;2370-EAG-1;GmsPWBetlem;;;;
NL11_OvWa_2380-EAG-1_Honderds;Overige waterflora-kwaliteit ;2380-EAG-1;;;;;
NL11_2380-EAG-1_Honderds;Overige waterflora-kwaliteit ;2380-EAG-1;;;;;
OvWa_2380-EAG-1_Honderds;Overige waterflora-kwaliteit ;2380-EAG-1;;;;;
OvWa_2400-EAG-1_Polder_d;Overige waterflora-kwaliteit ;2400-EAG-1;PdeRndHp,bmlgbd;0.4135;handelingsperspectief_score2008-2014;0.14;
NL11_OvWa_2400-EAG-1_Polder_d;Overige waterflora-kwaliteit ;2400-EAG-1;PdeRndHp,bmlgbd;0.442041667;handelingsperspectief_score2008-2014;0.14;
OvWa_2400-EAG-2_Polder_d;Overige waterflora-kwaliteit ;2400-EAG-2;PdeRndHp,ZW;0.415666667;handelingsperspectief_score2008-2014;0.14;
NL11_OvWa_2400-EAG-2_Polder_d;Overige waterflora-kwaliteit ;2400-EAG-2;PdeRndHp,ZW;0.467935484;handelingsperspectief_score2008-2014;0.14;
OvWa_2400-EAG-3_Polder_d;Overige waterflora-kwaliteit ;2400-EAG-3;PdeRndHp,NW;0.3754;handelingsperspectief_score2008-2014;0.14;
NL11_OvWa_2400-EAG-3_Polder_d;Overige waterflora-kwaliteit ;2400-EAG-3;PdeRndHp,NW;0.449619048;handelingsperspectief_score2008-2014;0.14;
OvWa_2400-EAG-4_Polder_d;Overige waterflora-kwaliteit ;2400-EAG-4;PdeRndHp,NO;0.477;handelingsperspectief_score2008-2014;0.14;
NL11_OvWa_2400-EAG-4_Polder_d;Overige waterflora-kwaliteit ;2400-EAG-4;PdeRndHp,NO;0.477;handelingsperspectief_score2008-2014;0.14;
OvWa_2400-EAG-5_Polder_d;Overige waterflora-kwaliteit ;2400-EAG-5;PdeRndHp,wdvglGb;0.4425;handelingsperspectief_score2008-2014;0.14;
NL11_OvWa_2400-EAG-5_Polder_d;Overige waterflora-kwaliteit ;2400-EAG-5;PdeRndHp,wdvglGb;0.446714286;handelingsperspectief_score2008-2014;0.14;
OvWa_2400-EAG-6_Polder_d;Overige waterflora-kwaliteit ;2400-EAG-6;PdeRndHp,OukrkAms;0.351;handelingsperspectief_score2008-2014;0.14;
NL11_OvWa_2400-EAG-6_Polder_d;Overige waterflora-kwaliteit ;2400-EAG-6;PdeRndHp,OukrkAms;0.351;handelingsperspectief_score2008-2014;0.14;
NL11_VaartenRondeHoep;Fytoplankton-kwaliteit  ;2400-EAG-9;;0.6;KRW_2016;;
NL11_VaartenRondeHoep;Macrofauna-kwaliteit ;2400-EAG-9;;0.6;KRW_2016;;
NL11_VaartenRondeHoep;Overige waterflora-kwaliteit ;2400-EAG-9;;0.6;KRW_2016;;
OvWa_2410-EAG-1_Polder_W;Overige waterflora-kwaliteit ;2410-EAG-1;HDRTerP;0.5045;handelingsperspectief_score2008-2014;0.1595;
NL11_OvWa_2410-EAG-1_Polder_W;Overige waterflora-kwaliteit ;2410-EAG-1;HDRTerP;0.504742857;handelingsperspectief_score2008-2014;0.1595;
OvWa_2410-EAG-2_Polder_W;Overige waterflora-kwaliteit ;2410-EAG-2;PWrdHDRT,stdlijkNd;0.5055;handelingsperspectief_score2008-2014;0.1595;
NL11_OvWa_2410-EAG-2_Polder_W;Overige waterflora-kwaliteit ;2410-EAG-2;PWrdHDRT,stdlijkNd;0.5055;handelingsperspectief_score2008-2014;0.1595;
OvWa_2410-EAG-3_Polder_W;Overige waterflora-kwaliteit ;2410-EAG-3;PWrdHDRT,stdlijkZ;0.4975;handelingsperspectief_score2008-2014;0.1595;
NL11_OvWa_2410-EAG-3_Polder_W;Overige waterflora-kwaliteit ;2410-EAG-3;PWrdHDRT,stdlijkZ;0.489384615;handelingsperspectief_score2008-2014;0.1595;
OvWa_2410-EAG-4_Polder_W;Overige waterflora-kwaliteit ;2410-EAG-4;PWrdHDRT,SlotP;0.54;handelingsperspectief_score2008-2014;0.1595;
NL11_OvWa_2410-EAG-4_Polder_W;Overige waterflora-kwaliteit ;2410-EAG-4;PWrdHDRT,SlotP;0.54;handelingsperspectief_score2008-2014;0.1595;
OvWa_2500-EAG-1_Polder_G;Overige waterflora-kwaliteit ;2500-EAG-1;GWV,Overig;0.381;handelingsperspectief_score2008-2014;0;
NL11_OvWa_2500-EAG-1_Polder_G;Overige waterflora-kwaliteit ;2500-EAG-1;GWV,Overig;0.409026316;handelingsperspectief_score2008-2014;0;
NL11_Tussenboezema;Fytoplankton-kwaliteit  ;2500-EAG-2;RsvtDemmerik;0.6;KRW_2016;;
NL11_Tussenboezema;Macrofauna-kwaliteit ;2500-EAG-2;RsvtDemmerik;0.6;KRW_2016;;
NL11_Tussenboezema;Overige waterflora-kwaliteit ;2500-EAG-2;RsvtDemmerik;0.6;KRW_2016;;
NL11_Tussenboezema;Vis-kwaliteit ;2500-EAG-2;RsvtDemmerik;0.6;KRW_2016;;
NL11_Vinkeveenseplassen;Fytoplankton-kwaliteit  ;2500-EAG-3;GWV,Klnplas;0.6;KRW_2016;;
NL11_Vinkeveenseplassen;Macrofauna-kwaliteit ;2500-EAG-3;GWV,Klnplas;0.521536299;KRW_2016;;
NL11_Vinkeveenseplassen;Overige waterflora-kwaliteit ;2500-EAG-3;GWV,Klnplas;0.54;KRW_2016;;
NL11_Vinkeveenseplassen;Vis-kwaliteit ;2500-EAG-3;GWV,Klnplas;0.500656395;KRW_2016;;
NL11_Vinkeveenseplassen;Fytoplankton-kwaliteit  ;2500-EAG-4;GWV,Zplas;0.6;KRW_2016;;
NL11_Vinkeveenseplassen;Macrofauna-kwaliteit ;2500-EAG-4;GWV,Zplas;0.521536299;KRW_2016;;
NL11_Vinkeveenseplassen;Overige waterflora-kwaliteit ;2500-EAG-4;GWV,Zplas;0.54;KRW_2016;;
NL11_Vinkeveenseplassen;Vis-kwaliteit ;2500-EAG-4;GWV,Zplas;0.500656395;KRW_2016;;
NL11_Vinkeveenseplassen;Fytoplankton-kwaliteit  ;2500-EAG-5;GWV,Nplas;0.6;KRW_2016;;
NL11_Vinkeveenseplassen;Macrofauna-kwaliteit ;2500-EAG-5;GWV,Nplas;0.521536299;KRW_2016;;
NL11_Vinkeveenseplassen;Overige waterflora-kwaliteit ;2500-EAG-5;GWV,Nplas;0.54;KRW_2016;;
NL11_Vinkeveenseplassen;Vis-kwaliteit ;2500-EAG-5;GWV,Nplas;0.500656395;KRW_2016;;
NL11_Tussenboezemb;Fytoplankton-kwaliteit  ;2500-EAG-6;GWV, Mdrbvnlnd;0.6;KRW_2016;;
NL11_Tussenboezemb;Macrofauna-kwaliteit ;2500-EAG-6;GWV, Mdrbvnlnd;0.6;KRW_2016;;
NL11_Tussenboezemb;Overige waterflora-kwaliteit ;2500-EAG-6;GWV, Mdrbvnlnd;0.6;KRW_2016;;
OvWa_2501-EAG-1_Polder_O;Overige waterflora-kwaliteit ;2501-EAG-1;Oukoop;0.42;WGP_GWV;0.1;
NL11_OvWa_2501-EAG-1_Polder_O;Overige waterflora-kwaliteit ;2501-EAG-1;Oukoop;0.42;WGP_GWV;0.1;
OvWa_2501-EAG-2_Polder_O;Overige waterflora-kwaliteit ;2501-EAG-2;Demmerik;0.47;WGP_GWV;0.2;
NL11_OvWa_2501-EAG-2_Polder_O;Overige waterflora-kwaliteit ;2501-EAG-2;Demmerik;0.47;WGP_GWV;0.2;
NL11_VaartenRondeHoep;Vis-kwaliteit ;2400-EAG-9;;0.6;KRW_2016;;
NL11_VaartenRondeHoep;Fytoplankton-kwaliteit  ;2400-EAG-8;;0.6;KRW_2016;;
NL11_VaartenRondeHoep;Macrofauna-kwaliteit ;2400-EAG-8;;0.6;KRW_2016;;
OvWa_2502-EAG-1_Polder_G;Overige waterflora-kwaliteit ;2502-EAG-1;GWVmid,O;0.41;WGP_GWV;0.1475;
NL11_OvWa_2502-EAG-1_Polder_G;Overige waterflora-kwaliteit ;2502-EAG-1;GWVmid,O;0.41;WGP_GWV;0.1475;
OvWa_2502-EAG-2_Polder_G;Overige waterflora-kwaliteit ;2502-EAG-2;GWVmid,W;0.41;WGP_GWV;0.1475;
NL11_OvWa_2502-EAG-2_Polder_G;Overige waterflora-kwaliteit ;2502-EAG-2;GWVmid,W;0.41;WGP_GWV;0.1475;
OvWa_2503-EAG-1_Polder_W;Overige waterflora-kwaliteit ;2503-EAG-1;PWilnis-Veldzijde;0.36;WGP_GWV;0.1;
NL11_OvWa_2503-EAG-1_Polder_W;Overige waterflora-kwaliteit ;2503-EAG-1;PWilnis-Veldzijde;0.36;WGP_GWV;0.1;
OvWa_2504-EAG-1_Polder_d;Overige waterflora-kwaliteit ;2504-EAG-1;P2eBdkng;0.534;handelingsperspectief_score2008-2014;0.145;
NL11_OvWa_2504-EAG-1_Polder_d;Overige waterflora-kwaliteit ;2504-EAG-1;P2eBdkng;0.53825;handelingsperspectief_score2008-2014;0.145;
OvWa_2505-EAG-1_Veldhuis;Overige waterflora-kwaliteit ;2505-EAG-1;Veldhuiswtrng;0.44;WGP_GWV;0.2;
NL11_OvWa_2505-EAG-1_Veldhuis;Overige waterflora-kwaliteit ;2505-EAG-1;Veldhuiswtrng;0.44;WGP_GWV;0.2;
OvWa_2510-EAG-1_Groot_Wi;Overige waterflora-kwaliteit ;2510-EAG-1;GWVZ,HcpGeer;0.46;WGP_GWV;0.17;
NL11_OvWa_2510-EAG-1_Groot_Wi;Overige waterflora-kwaliteit ;2510-EAG-1;GWVZ,HcpGeer;0.46;WGP_GWV;0.17;
OvWa_2510-EAG-2_Groot_Wi;Overige waterflora-kwaliteit ;2510-EAG-2;GWVZ,Armland;;;;
NL11_OvWa_2510-EAG-2_Groot_Wi;Overige waterflora-kwaliteit ;2510-EAG-2;GWVZ,Armland;;;;
OvWa_2510-EAG-3_Groot_Wi;Overige waterflora-kwaliteit ;2510-EAG-3;GWVZ,bvnland;0.55;WGP_GWV;0.2;
NL11_OvWa_2510-EAG-3_Groot_Wi;Overige waterflora-kwaliteit ;2510-EAG-3;GWVZ,bvnland;0.55;WGP_GWV;0.2;
NL11_VaartenRondeHoep;Overige waterflora-kwaliteit ;2400-EAG-8;;0.6;KRW_2016;;
NL11_VaartenRondeHoep;Vis-kwaliteit ;2400-EAG-8;;0.6;KRW_2016;;
NL11_VaartenRondeHoep;Fytoplankton-kwaliteit  ;2400-EAG-7;;0.6;KRW_2016;;
NL11_VaartenRondeHoep;Macrofauna-kwaliteit ;2400-EAG-7;;0.6;KRW_2016;;
OvWa_2511-EAG-1_Hoogwate;Overige waterflora-kwaliteit ;2511-EAG-1;HWZAmskadeP1;0.268;handelingsperspectief_score2008-2014;0;
NL11_OvWa_2511-EAG-1_Hoogwate;Overige waterflora-kwaliteit ;2511-EAG-1;HWZAmskadeP1;0.267;handelingsperspectief_score2008-2014;0;
OvWa_2512-EAG-1_Hoogwate;Overige waterflora-kwaliteit ;2512-EAG-1;HWZAmskadeP2;;;;
NL11_OvWa_2512-EAG-1_Hoogwate;Overige waterflora-kwaliteit ;2512-EAG-1;HWZAmskadeP2;;;;
OvWa_2520-EAG-1_Polder_d;Overige waterflora-kwaliteit ;2520-EAG-1;PDrdBeding,stdlijklnd;0.4515;handelingsperspectief_score2008-2014;0.085;
NL11_OvWa_2520-EAG-1_Polder_d;Overige waterflora-kwaliteit ;2520-EAG-1;PDrdBeding,stdlijklnd;0.448542373;handelingsperspectief_score2008-2014;0.085;
OvWa_2520-EAG-2_Polder_d;Overige waterflora-kwaliteit ;2520-EAG-2;PDrdBeding,stdlijk;0.2575;handelingsperspectief_score2008-2014;0.085;
NL11_OvWa_2520-EAG-2_Polder_d;Overige waterflora-kwaliteit ;2520-EAG-2;PDrdBeding,stdlijk;0.257;handelingsperspectief_score2008-2014;0.085;
OvWa_2520-EAG-4_Polder_d;Overige waterflora-kwaliteit ;2520-EAG-4;PDrdBeding,stdlijkkass;0.4735;handelingsperspectief_score2008-2014;0.085;
NL11_OvWa_2520-EAG-4_Polder_d;Overige waterflora-kwaliteit ;2520-EAG-4;PDrdBeding,stdlijkkass;0.47;handelingsperspectief_score2008-2014;0.085;
OvWa_2530-EAG-1_Polder_d;Overige waterflora-kwaliteit ;2530-EAG-1;P1eBdkngWW;0.5295;handelingsperspectief_score2008-2014;0.095;
NL11_OvWa_2530-EAG-1_Polder_d;Overige waterflora-kwaliteit ;2530-EAG-1;P1eBdkngWW;0.529647619;handelingsperspectief_score2008-2014;0.095;
OvWa_2530-EAG-2_Polder_d;Overige waterflora-kwaliteit ;2530-EAG-2;P1eBdkngWO;0.5305;handelingsperspectief_score2008-2014;0.095;
NL11_OvWa_2530-EAG-2_Polder_d;Overige waterflora-kwaliteit ;2530-EAG-2;P1eBdkngWO;0.543790698;handelingsperspectief_score2008-2014;0.095;
OvWa_2540-EAG-1_Polder_G;Overige waterflora-kwaliteit ;2540-EAG-1;PGM1eBdkngO,lnd;0.299;handelingsperspectief_score2008-2014;0.05;
NL11_OvWa_2540-EAG-1_Polder_G;Overige waterflora-kwaliteit ;2540-EAG-1;PGM1eBdkngO,lnd;0.299;handelingsperspectief_score2008-2014;0.05;
OvWa_2540-EAG-2_Polder_G;Overige waterflora-kwaliteit ;2540-EAG-2;PGM1eBdkngO,Ntrreservaat;0.1378;handelingsperspectief_score2015-2017;0.05;
NL11_OvWa_2540-EAG-2_Polder_G;Overige waterflora-kwaliteit ;2540-EAG-2;PGM1eBdkngO,Ntrreservaat;0.138;handelingsperspectief_score2015-2017;0.05;
OvWa_2540-EAG-3_Polder_G;Overige waterflora-kwaliteit ;2540-EAG-3;PGMij,BotsholW;0.587;handelingsperspectief_score2008-2014;0.05;
NL11_OvWa_2540-EAG-3_Polder_G;Overige waterflora-kwaliteit ;2540-EAG-3;PGMij,BotsholW;0.568222222;handelingsperspectief_score2008-2014;0.05;
OvWa_2540-EAG-4_Polder_G;Overige waterflora-kwaliteit ;2540-EAG-4;PGM1eBdkngO,stdlijk;0.302;handelingsperspectief_score2015-2017;0.05;
NL11_OvWa_2540-EAG-4_Polder_G;Overige waterflora-kwaliteit ;2540-EAG-4;PGM1eBdkngO,stdlijk;0.302625;handelingsperspectief_score2015-2017;0.05;
OvWa_2540-EAG-5_Polder_G;Overige waterflora-kwaliteit ;2540-EAG-5;PGM1eBdkngO,Veldwg;0.235;handelingsperspectief_score2015-2017;0.05;
NL11_OvWa_2540-EAG-5_Polder_G;Overige waterflora-kwaliteit ;2540-EAG-5;PGM1eBdkngO,Veldwg;0.234;handelingsperspectief_score2015-2017;0.05;
NL11_VaartenGrootMijdrec;Fytoplankton-kwaliteit  ;2540-EAG-6;;0.6;KRW_2016;;
NL11_VaartenGrootMijdrec;Macrofauna-kwaliteit ;2540-KRW-1;;0.6;KRW_2016;;
NL11_VaartenGrootMijdrec;Overige waterflora-kwaliteit ;2540-KRW-1;;0.6;KRW_2016;;
NL11_Botshol;Fytoplankton-kwaliteit  ;2550-EAG-1;Botsholmid;0.6;KRW_2016;;
NL11_Botshol;Macrofauna-kwaliteit ;2550-EAG-1;Botsholmid;0.5;KRW_2016;;
NL11_Botshol;Overige waterflora-kwaliteit ;2550-EAG-1;Botsholmid;0.55833;KRW_2016;;
NL11_Botshol;Vis-kwaliteit ;2550-EAG-1;Botsholmid;0.5;KRW_2016;;
NL11_Botshol;Overige waterflora-kwaliteit ;2550-EAG-2;Botsholmid;0.55833;KRW_2016;;
NL11_Botshol;Vis-kwaliteit ;2550-EAG-2;Botsholmid;0.5;KRW_2016;;
OvWa_2550-EAG-4_Noorderp;Overige waterflora-kwaliteit ;2550-EAG-4;Botshol,NdrPW;0.342833333;handelingsperspectief_score2008-2014;0.1;
NL11_OvWa_2550-EAG-4_Noorderp;Overige waterflora-kwaliteit ;2550-EAG-4;Botshol,NdrPW;0.369595238;handelingsperspectief_score2008-2014;0.1;
OvWa_2550-EAG-5_Noorderp;Overige waterflora-kwaliteit ;2550-EAG-5;Botshol,NdrPW;0.5585;handelingsperspectief_score2008-2014;0.1;
NL11_OvWa_2550-EAG-5_Noorderp;Overige waterflora-kwaliteit ;2550-EAG-5;Botshol,NdrPW;0.557677419;handelingsperspectief_score2008-2014;0.1;
OvWa_2560-EAG-1_Noorderp;Overige waterflora-kwaliteit ;2560-EAG-1;BotsholNellesteinagrarisch;0.564;handelingsperspectief_score2008-2014;0.085;
NL11_OvWa_2560-EAG-1_Noorderp;Overige waterflora-kwaliteit ;2560-EAG-1;BotsholNellesteinagrarisch;0.566217391;handelingsperspectief_score2008-2014;0.085;
OvWa_2560-EAG-2_Noorderp;Overige waterflora-kwaliteit ;2560-EAG-2;BotsholNellesteinNtrGeb;0.4805;handelingsperspectief_score2008-2014;0.085;
NL11_OvWa_2560-EAG-2_Noorderp;Overige waterflora-kwaliteit ;2560-EAG-2;BotsholNellesteinNtrGeb;0.47075;handelingsperspectief_score2008-2014;0.085;
OvWa_2570-EAG-1_Baambrug;Overige waterflora-kwaliteit ;2570-EAG-1;BmbrgWzijds,P;0.482;handelingsperspectief_score2008-2014;0.085;
NL11_OvWa_2570-EAG-1_Baambrug;Overige waterflora-kwaliteit ;2570-EAG-1;BmbrgWzijds,P;0.469509804;handelingsperspectief_score2008-2014;0.085;
OvWa_2570-EAG-2_Baambrug;Overige waterflora-kwaliteit ;2570-EAG-2;BBW,SchrbbrP;0.621;handelingsperspectief_score2008-2014;0.085;
NL11_OvWa_2570-EAG-2_Baambrug;Overige waterflora-kwaliteit ;2570-EAG-2;BBW,SchrbbrP;0.6205;handelingsperspectief_score2008-2014;0.085;
OvWa_2600-EAG-1_Polder_Z;Overige waterflora-kwaliteit ;2600-EAG-1;PZevhov,bmlgbd;0.521;handelingsperspectief_score2008-2014;0.06;
NL11_OvWa_2600-EAG-1_Polder_Z;Overige waterflora-kwaliteit ;2600-EAG-1;PZevhov,bmlgbd;0.520875;handelingsperspectief_score2008-2014;0.06;
OvWa_2600-EAG-2_Polder_Z;Overige waterflora-kwaliteit ;2600-EAG-2;PZevhov,OdNwvnswg;0.421;handelingsperspectief_score2008-2014;0.06;
NL11_OvWa_2600-EAG-2_Polder_Z;Overige waterflora-kwaliteit ;2600-EAG-2;PZevhov,OdNwvnswg;0.4205;handelingsperspectief_score2008-2014;0.06;
OvWa_2600-EAG-3_Polder_Z;Overige waterflora-kwaliteit ;2600-EAG-3;PZevhov,NieuwAms;0.3005;handelingsperspectief_score2008-2014;0.06;
NL11_OvWa_2600-EAG-3_Polder_Z;Overige waterflora-kwaliteit ;2600-EAG-3;PZevhov,NieuwAms;0.22725;handelingsperspectief_score2008-2014;0.06;
OvWa_2600-EAG-4_Polder_Z;Overige waterflora-kwaliteit ;2600-EAG-4;PZevhov,Bloklandsewg;0.229;handelingsperspectief_score2008-2014;0.06;
NL11_OvWa_2600-EAG-4_Polder_Z;Overige waterflora-kwaliteit ;2600-EAG-4;PZevhov,Bloklandsewg;0.229;handelingsperspectief_score2008-2014;0.06;
OvWa_2600-EAG-5_Polder_Z;Overige waterflora-kwaliteit ;2600-EAG-5;PZevhov,OdDspJnk;0.568;handelingsperspectief_score2008-2014;0.06;
NL11_OvWa_2600-EAG-5_Polder_Z;Overige waterflora-kwaliteit ;2600-EAG-5;PZevhov,OdDspJnk;0.568333333;handelingsperspectief_score2008-2014;0.06;
OvWa_2600-EAG-6_Polder_Z;Overige waterflora-kwaliteit ;2600-EAG-6;PZ,Achtwg;0.3915;handelingsperspectief_score2008-2014;0.06;
NL11_OvWa_2600-EAG-6_Polder_Z;Overige waterflora-kwaliteit ;2600-EAG-6;PZ,Achtwg;0.3745;handelingsperspectief_score2008-2014;0.06;
OvWa_2600-EAG-8_Polder_Z;Overige waterflora-kwaliteit ;2600-EAG-8;PZevhov,Ksmltcht;0.3545;handelingsperspectief_score2008-2014;0.06;
NL11_OvWa_2600-EAG-8_Polder_Z;Overige waterflora-kwaliteit ;2600-EAG-8;PZevhov,Ksmltcht;0.478;handelingsperspectief_score2008-2014;0.06;
OvWa_2600-EAG-9_Polder_Z;Overige waterflora-kwaliteit ;2600-EAG-9;PZ,GroenJonker;0.166;handelingsperspectief_score2008-2014;0.06;
NL11_OvWa_2600-EAG-9_Polder_Z;Overige waterflora-kwaliteit ;2600-EAG-9;PZ,GroenJonker;0.166;handelingsperspectief_score2008-2014;0.06;
NL11_VaartenZevenhoven;Fytoplankton-kwaliteit  ;2600-EAG-10;;0.6;KRW_2016;;
NL11_VaartenZevenhoven;Macrofauna-kwaliteit ;2600-KRW-1;;0.6;KRW_2016;;
NL11_VaartenZevenhoven;Overige waterflora-kwaliteit ;2600-KRW-1;;0.6;KRW_2016;;
OvWa_2610-EAG-1_Buitendi;Overige waterflora-kwaliteit ;2610-EAG-1;WOB-bmgbd;0.357666667;handelingsperspectief_score2008-2014;0.12;
NL11_OvWa_2610-EAG-1_Buitendi;Overige waterflora-kwaliteit ;2610-EAG-1;WOB-bmgbd;0.404705882;handelingsperspectief_score2008-2014;0.12;
NL11_OvWa_2610-EAG-1_Buitendi;Overige waterflora-kwaliteit ;2610-EAG-1;WOB-bmgbd;0.404705882;handelingsperspectief_score2008-2014;0.12;
NL11_Tussenboezemb;Macrofauna-kwaliteit ;2620-EAG-1;VoordijkscheP;0.6;KRW_2016;;
NL11_Tussenboezemb;Macrofauna-kwaliteit ;2620-EAG-1;VoordijkscheP;0.6;KRW_2016;;
NL11_Tussenboezemb;Overige waterflora-kwaliteit ;2620-EAG-1;VoordijkscheP;0.6;KRW_2016;;
NL11_Tussenboezemb;Vis-kwaliteit ;2620-EAG-1;VoordijkscheP;0.546666667;KRW_2016;;
NL11_OvWa_2625-EAG-1_Blokland;Overige waterflora-kwaliteit ;2620-EAG-3;;;;;
NL11_2625-EAG-1_Blokland;Overige waterflora-kwaliteit ;2625-EAG-1;;;;;
OvWa_2625-EAG-1_Blokland;Overige waterflora-kwaliteit ;2625-EAG-1;;;;;
OvWa_2630-EAG-1_Noordse_;Overige waterflora-kwaliteit ;2630-EAG-1;NrBrstWvnNseBrt;0.3895;handelingsperspectief_score2008-2014;0.1975;
NL11_OvWa_2630-EAG-1_Noordse_;Overige waterflora-kwaliteit ;2630-EAG-1;NrBrstWvnNseBrt;0.390404762;handelingsperspectief_score2008-2014;0.1975;
OvWa_2630-EAG-2_Noordse_;Overige waterflora-kwaliteit ;2630-EAG-2;NrBrstWvnNsedorp;0.3875;handelingsperspectief_score2008-2014;0.1975;
NL11_OvWa_2630-EAG-2_Noordse_;Overige waterflora-kwaliteit ;2630-EAG-2;NrBrstWvnNsedorp;0.384583333;handelingsperspectief_score2008-2014;0.1975;
OvWa_2630-EAG-3_Noordse_;Overige waterflora-kwaliteit ;2630-EAG-3;NrBrstWvnWvn;0.465;handelingsperspectief_score2008-2014;0.1975;
NL11_OvWa_2630-EAG-3_Noordse_;Overige waterflora-kwaliteit ;2630-EAG-3;NrBrstWvnWvn;0.465868421;handelingsperspectief_score2008-2014;0.1975;
NL11_Vecht;Fytoplankton-kwaliteit  ;3000-EAG-1;Vecht;0.6;KRW_2016;;
NL11_Vecht;Macrofauna-kwaliteit ;3000-EAG-1;Vecht;0.6;KRW_2016;;
NL11_Vecht;Overige waterflora-kwaliteit ;3000-EAG-1;Vecht;0.6;KRW_2016;;
NL11_Vecht;Vis-kwaliteit ;3000-EAG-1;Vecht;0.6;KRW_2016;;
OvWa_3020-EAG-1_Noorder-;Overige waterflora-kwaliteit ;3020-EAG-1;NORlnd;;;;
NL11_OvWa_3020-EAG-1_Noorder-;Overige waterflora-kwaliteit ;3020-EAG-1;NORlnd;;;;
OvWa_3020-EAG-2_Noorder-;Overige waterflora-kwaliteit ;3020-EAG-2;NORKruitfabriekeo;;;;
NL11_OvWa_3020-EAG-2_Noorder-;Overige waterflora-kwaliteit ;3020-EAG-2;NORKruitfabriekeo;;;;
OvWa_3040-EAG-1_Bloemend;Overige waterflora-kwaliteit ;3040-EAG-1;BlmdPN;;;;
NL11_OvWa_3040-EAG-1_Bloemend;Overige waterflora-kwaliteit ;3040-EAG-1;BlmdPN;;;;
OvWa_3050-EAG-1_Gemeensc;Overige waterflora-kwaliteit ;3050-EAG-1;GmschpPZO;;;;
NL11_OvWa_3050-EAG-1_Gemeensc;Overige waterflora-kwaliteit ;3050-EAG-1;GmschpPZO;;;;
OvWa_3050-EAG-2_Gemeensc;Overige waterflora-kwaliteit ;3050-EAG-2;GMsPZO,BlmdPWsp;;;;
NL11_OvWa_3050-EAG-2_Gemeensc;Overige waterflora-kwaliteit ;3050-EAG-2;GMsPZO,BlmdPWsp;;;;
OvWa_3070-EAG-1_Holland_;Overige waterflora-kwaliteit ;3070-EAG-1;HSVO-Vrbg;0.580666667;handelingsperspectief_score2008-2014;0.1;
NL11_OvWa_3070-EAG-1_Holland_;Overige waterflora-kwaliteit ;3070-EAG-1;HSVO-Vrbg;0.57455;handelingsperspectief_score2008-2014;0.1;
OvWa_3070-EAG-2_Holland_;Overige waterflora-kwaliteit ;3070-EAG-2;HSVOEAGz;0.572;handelingsperspectief_score2008-2014;0.1;
NL11_OvWa_3070-EAG-2_Holland_;Overige waterflora-kwaliteit ;3070-EAG-2;HSVOEAGz;0.57167619;handelingsperspectief_score2008-2014;0.1;
NL11_Naardermeer;Fytoplankton-kwaliteit  ;3100-EAG-1;NdrmrSpookgat;0.6;KRW_2016;;
NL11_Naardermeer;Macrofauna-kwaliteit ;3100-EAG-1;NdrmrSpookgat;0.6;KRW_2016;;
NL11_Naardermeer;Overige waterflora-kwaliteit ;3100-EAG-1;NdrmrSpookgat;0.6;KRW_2016;;
NL11_Naardermeer;Vis-kwaliteit ;3100-EAG-1;NdrmrSpookgat;0.6;KRW_2016;;
OvWa_3100-EAG-10_Naarderm;Overige waterflora-kwaliteit ;3100-EAG-1;NdrmrSpookgat;;;;
NL11_OvWa_3100-EAG-10_Naarderm;Overige waterflora-kwaliteit ;3100-EAG-10;NdrmrMeerland;;;;
NL11_Naardermeer;Fytoplankton-kwaliteit  ;3100-EAG-2;NdrmrGrMeerN;0.6;KRW_2016;;
NL11_Naardermeer;Macrofauna-kwaliteit ;3100-EAG-2;NdrmrGrMeerN;0.6;KRW_2016;;
NL11_Naardermeer;Overige waterflora-kwaliteit ;3100-EAG-2;NdrmrGrMeerN;0.6;KRW_2016;;
NL11_Naardermeer;Vis-kwaliteit ;3100-EAG-2;NdrmrGrMeerN;0.6;KRW_2016;;
NL11_Naardermeer;Fytoplankton-kwaliteit  ;3100-EAG-3;NdrmrGrMeerZO;0.6;KRW_2016;;
NL11_Naardermeer;Macrofauna-kwaliteit ;3100-EAG-3;NdrmrGrMeerZO;0.6;KRW_2016;;
NL11_Naardermeer;Overige waterflora-kwaliteit ;3100-EAG-3;NdrmrGrMeerZO;0.6;KRW_2016;;
NL11_Naardermeer;Vis-kwaliteit ;3100-EAG-3;NdrmrGrMeerZO;0.6;KRW_2016;;
NL11_Naardermeer;Fytoplankton-kwaliteit  ;3100-EAG-4;Ndrmr40morg;0.6;KRW_2016;;
NL11_Naardermeer;Macrofauna-kwaliteit ;3100-EAG-4;Ndrmr40morg;0.6;KRW_2016;;
NL11_Naardermeer;Overige waterflora-kwaliteit ;3100-EAG-4;Ndrmr40morg;0.6;KRW_2016;;
NL11_Naardermeer;Vis-kwaliteit ;3100-EAG-4;Ndrmr40morg;0.6;KRW_2016;;
NL11_Naardermeer;Fytoplankton-kwaliteit  ;3100-EAG-5;NdrmrBvnsteBlik;0.6;KRW_2016;;
NL11_Naardermeer;Macrofauna-kwaliteit ;3100-EAG-5;NdrmrBvnsteBlik;0.6;KRW_2016;;
NL11_Naardermeer;Overige waterflora-kwaliteit ;3100-EAG-5;NdrmrBvnsteBlik;0.6;KRW_2016;;
NL11_Naardermeer;Vis-kwaliteit ;3100-EAG-5;NdrmrBvnsteBlik;0.6;KRW_2016;;
NL11_Naardermeer;Vis-kwaliteit ;3100-EAG-9;NdrmrKwelgbN;0.6;KRW_2016;;
OvWa_3110-EAG-1_Nieuwe_K;Overige waterflora-kwaliteit ;3110-EAG-1;Meerland,LndbwZO;0.599666667;handelingsperspectief_score2008-2014;0.07;
NL11_OvWa_3110-EAG-1_Nieuwe_K;Overige waterflora-kwaliteit ;3110-EAG-1;Meerland,LndbwZO;0.593914286;handelingsperspectief_score2008-2014;0.07;
OvWa_3110-EAG-2_Nieuwe_K;Overige waterflora-kwaliteit ;3110-EAG-2;Meerland,LndbwZO;0.6745;handelingsperspectief_score2008-2014;0.07;
NL11_OvWa_3110-EAG-2_Nieuwe_K;Overige waterflora-kwaliteit ;3110-EAG-2;Meerland,LndbwZO;0.679055556;handelingsperspectief_score2008-2014;0.07;
OvWa_3110-EAG-3_Nieuwe_K;Overige waterflora-kwaliteit ;3110-EAG-3;NKPHilBvMnt,EAGz;0.576666667;handelingsperspectief_score2008-2014;0.07;
NL11_OvWa_3110-EAG-3_Nieuwe_K;Overige waterflora-kwaliteit ;3110-EAG-3;NKPHilBvMnt,EAGz;0.565814815;handelingsperspectief_score2008-2014;0.07;
OvWa_3110-EAG-4_Nieuwe_K;Overige waterflora-kwaliteit ;3110-EAG-4;NKPHilBvMnt,Aalschlvr;0.3235;handelingsperspectief_score2015-2017;0.07;
NL11_OvWa_3110-EAG-4_Nieuwe_K;Overige waterflora-kwaliteit ;3110-EAG-4;NKPHilBvMnt,Aalschlvr;0.3235;handelingsperspectief_score2015-2017;0.07;
OvWa_3110-EAG-5_Nieuwe_K;Overige waterflora-kwaliteit ;3110-EAG-5;NKPHilBvMnt,EAGz;0.513;handelingsperspectief_score2008-2014;0.07;
NL11_OvWa_3110-EAG-5_Nieuwe_K;Overige waterflora-kwaliteit ;3110-EAG-5;NKPHilBvMnt,EAGz;0.511402597;handelingsperspectief_score2008-2014;0.07;
NL11_Spiegelplas;Fytoplankton-kwaliteit  ;3200-EAG-1;Spiegelplas;0.6;KRW_2016;;
NL11_Spiegelplas;Macrofauna-kwaliteit ;3200-EAG-1;Spiegelplas;0.6;KRW_2016;;
NL11_Spiegelplas;Overige waterflora-kwaliteit ;3200-EAG-1;Spiegelplas;0.550833;KRW_2016;;
NL11_Spiegelplas;Vis-kwaliteit ;3200-EAG-1;Spiegelplas;0.6;KRW_2016;;
OvWa_3200-EAG-2_Spiegelp;Overige waterflora-kwaliteit ;3200-EAG-2;SpiegelP,Spiegelwg;0.6;WGP_NVP-noord;;
NL11_OvWa_3200-EAG-2_Spiegelp;Overige waterflora-kwaliteit ;3200-EAG-2;SpiegelP,Spiegelwg;0.6;WGP_NVP-noord;;
NL11_StichtsAnkeveen;Fytoplankton-kwaliteit  ;3201-EAG-1;SAPN;0.6;KRW_2016;;
NL11_StichtsAnkeveen;Macrofauna-kwaliteit ;3201-EAG-1;SAPN;0.6;KRW_2016;;
NL11_StichtsAnkeveen;Overige waterflora-kwaliteit ;3201-EAG-1;SAPN;0.550833;KRW_2016;;
NL11_StichtsAnkeveen;Vis-kwaliteit ;3201-EAG-1;SAPN;0.6;KRW_2016;;
NL11_StichtsAnkeveen;Fytoplankton-kwaliteit  ;3201-EAG-2;SAPZ;0.6;KRW_2016;;
NL11_StichtsAnkeveen;Macrofauna-kwaliteit ;3201-EAG-2;SAPZ;0.6;KRW_2016;;
NL11_StichtsAnkeveen;Overige waterflora-kwaliteit ;3201-EAG-2;SAPZ;0.550833;KRW_2016;;
OvWa_3201-EAG-3_Stichtsc;Overige waterflora-kwaliteit ;3201-EAG-3;SaPO;0.482;handelingsperspectief_score2008-2014;0.085;
NL11_OvWa_3201-EAG-3_Stichtsc;Overige waterflora-kwaliteit ;3201-EAG-3;SaPO;0.482035714;handelingsperspectief_score2008-2014;0.085;
OvWa_3210-EAG-1_Horn-_en;Overige waterflora-kwaliteit ;3210-EAG-1;HKPbmlgbd;0.577;handelingsperspectief_score2008-2014;0.15;
NL11_OvWa_3210-EAG-1_Horn-_en;Overige waterflora-kwaliteit ;3210-EAG-1;HKPbmlgbd;0.576791667;handelingsperspectief_score2008-2014;0.15;
OvWa_3210-EAG-2_Horn-_en;Overige waterflora-kwaliteit ;3210-EAG-2;HKPgstwdGbd;0.7285;handelingsperspectief_score2008-2014;0.15;
NL11_OvWa_3210-EAG-2_Horn-_en;Overige waterflora-kwaliteit ;3210-EAG-2;HKPgstwdGbd;0.72875;handelingsperspectief_score2008-2014;0.15;
OvWa_3210-EAG-3_Horn-_en;Overige waterflora-kwaliteit ;3210-EAG-3;NederhorstBerg;0.6795;handelingsperspectief_score2008-2014;0.15;
NL11_OvWa_3210-EAG-3_Horn-_en;Overige waterflora-kwaliteit ;3210-EAG-3;NederhorstBerg;0.679375;handelingsperspectief_score2008-2014;0.15;
OvWa_3220-EAG-1_Horsterm;Overige waterflora-kwaliteit ;3220-EAG-1;Korremof;0.452;handelingsperspectief_score2008-2014;0.05;
NL11_OvWa_3220-EAG-1_Horsterm;Overige waterflora-kwaliteit ;3220-EAG-1;Korremof;0.451625;handelingsperspectief_score2008-2014;0.05;
OvWa_3220-EAG-2_Horsterm;Overige waterflora-kwaliteit ;3220-EAG-2;HorstermeerP;0.484;handelingsperspectief_score2008-2014;0.05;
NL11_OvWa_3220-EAG-2_Horsterm;Overige waterflora-kwaliteit ;3220-EAG-2;HorstermeerP;0.483716981;handelingsperspectief_score2008-2014;0.05;
OvWa_3220-EAG-3_Horsterm;Overige waterflora-kwaliteit ;3220-EAG-3;AnkoZ;0.445;handelingsperspectief_score2008-2014;0.05;
NL11_OvWa_3220-EAG-3_Horsterm;Overige waterflora-kwaliteit ;3220-EAG-3;AnkoZ;0.4451;handelingsperspectief_score2008-2014;0.05;
OvWa_3220-EAG-4_Horsterm;Overige waterflora-kwaliteit ;3220-EAG-4;MuitdkPZ;0.54;handelingsperspectief_score2008-2014;0.05;
NL11_OvWa_3220-EAG-4_Horsterm;Overige waterflora-kwaliteit ;3220-EAG-4;MuitdkPZ;0.540375;handelingsperspectief_score2008-2014;0.05;
OvWa_3220-EAG-5_Horsterm;Overige waterflora-kwaliteit ;3220-EAG-5;MuitdkPN;0.193;handelingsperspectief_score2015-2017;0.05;
NL11_OvWa_3220-EAG-5_Horsterm;Overige waterflora-kwaliteit ;3220-EAG-5;MuitdkPN;0.193;handelingsperspectief_score2015-2017;0.05;
OvWa_3220-EAG-6_Horsterm;Overige waterflora-kwaliteit ;3220-EAG-6;HorsSpiegelPZ;0.5375;handelingsperspectief_score2008-2014;0.05;
NL11_OvWa_3220-EAG-6_Horsterm;Overige waterflora-kwaliteit ;3220-EAG-6;HorsSpiegelPZ;0.5375;handelingsperspectief_score2008-2014;0.05;
NL11_Kortenhoefseplassen;Fytoplankton-kwaliteit  ;3230-EAG-1;PKH,Hol;0.6;KRW_2016;;
NL11_Kortenhoefseplassen;Macrofauna-kwaliteit ;3230-EAG-1;PKH,Hol;0.6;KRW_2016;;
NL11_Kortenhoefseplassen;Overige waterflora-kwaliteit ;3230-EAG-1;PKH,Hol;0.550833;KRW_2016;;
NL11_Kortenhoefseplassen;Vis-kwaliteit ;3230-EAG-1;PKH,Hol;0.6;KRW_2016;;
NL11_WijdeBlik;Fytoplankton-kwaliteit  ;3230-EAG-2;PKH,WijdeBlik;0.6;KRW_2016;;
NL11_WijdeBlik;Macrofauna-kwaliteit ;3230-EAG-2;PKH,WijdeBlik;0.5;KRW_2016;;
NL11_WijdeBlik;Overige waterflora-kwaliteit ;3230-EAG-2;PKH,WijdeBlik;0.535833;KRW_2016;;
NL11_WijdeBlik;Vis-kwaliteit ;3230-EAG-2;PKH,WijdeBlik;0.511710611;KRW_2016;;
NL11_Kortenhoefseplassen;Fytoplankton-kwaliteit  ;3230-EAG-3;PKhf,WijdeGat;0.6;KRW_2016;;
NL11_Kortenhoefseplassen;Macrofauna-kwaliteit ;3230-EAG-3;PKhf,WijdeGat;0.6;KRW_2016;;
NL11_Kortenhoefseplassen;Overige waterflora-kwaliteit ;3230-EAG-3;PKhf,WijdeGat;0.550833;KRW_2016;;
NL11_Kortenhoefseplassen;Vis-kwaliteit ;3230-EAG-3;PKhf,WijdeGat;0.6;KRW_2016;;
OvWa_3230-EAG-4_Polder_K;Overige waterflora-kwaliteit ;3230-EAG-4;PKhf;0.408;handelingsperspectief_score2008-2014;0.06;
NL11_OvWa_3230-EAG-4_Polder_K;Overige waterflora-kwaliteit ;3230-EAG-4;PKhf;0.40790625;handelingsperspectief_score2008-2014;0.06;
NL11_Kortenhoefseplassen;Fytoplankton-kwaliteit  ;3230-EAG-5;HilvKanplas/dras;0.6;KRW_2016;;
NL11_Kortenhoefseplassen;Macrofauna-kwaliteit ;3230-EAG-5;HilvKanplas/dras;0.6;KRW_2016;;
NL11_Kortenhoefseplassen;Overige waterflora-kwaliteit ;3230-EAG-5;HilvKanplas/dras;0.550833;KRW_2016;;
NL11_Kortenhoefseplassen;Vis-kwaliteit ;3230-EAG-5;HilvKanplas/dras;0.6;KRW_2016;;
NL11_Kortenhoefseplassen;Fytoplankton-kwaliteit  ;3230-EAG-6;HilvKan;0.6;KRW_2016;;
NL11_Kortenhoefseplassen;Overige waterflora-kwaliteit ;3230-EAG-6;HilvKan;0.550833;KRW_2016;;
NL11_Kortenhoefseplassen;Vis-kwaliteit ;3230-EAG-6;HilvKan;0.6;KRW_2016;;
OvWa_3240-EAG-1_Polder_D;Overige waterflora-kwaliteit ;3240-EAG-1;PDorssewrd;0.594;handelingsperspectief_score2008-2014;0.115;
NL11_OvWa_3240-EAG-1_Polder_D;Overige waterflora-kwaliteit ;3240-EAG-1;PDorssewrd;0.594;handelingsperspectief_score2008-2014;0.115;
OvWa_3250-EAG-1_Vreeland;Overige waterflora-kwaliteit ;3250-EAG-1;VreelandO;;;;
NL11_OvWa_3250-EAG-1_Vreeland;Overige waterflora-kwaliteit ;3250-EAG-1;VreelandO;;;;
OvWa_3260-EAG-1_Blijkpol;Overige waterflora-kwaliteit ;3260-EAG-1;BlijkP;0.618;handelingsperspectief_score2008-2014;0.075;
NL11_OvWa_3260-EAG-1_Blijkpol;Overige waterflora-kwaliteit ;3260-EAG-1;BlijkP;0.618;handelingsperspectief_score2008-2014;0.075;
NL11_Loosdrechtseplassen;Fytoplankton-kwaliteit  ;3300-EAG-1;LoosdrechtschePlas;0.6;KRW_2016;;
NL11_Loosdrechtseplassen;Macrofauna-kwaliteit ;3300-EAG-1;LoosdrechtschePlas;0.587786651;KRW_2016;;
NL11_Loosdrechtseplassen;Overige waterflora-kwaliteit ;3300-EAG-1;LoosdrechtschePlas;0.550833;KRW_2016;;
NL11_Loosdrechtseplassen;Vis-kwaliteit ;3300-EAG-1;LoosdrechtschePlas;0.548371965;KRW_2016;;
OvWa_3300-EAG-12_Muyeveld;Overige waterflora-kwaliteit ;3300-EAG-1;LoosdrechtschePlas;;;;
NL11_Sterenzodden;Fytoplankton-kwaliteit  ;3300-EAG-10;Weersloot;0.6;KRW_2016;;
NL11_Sterenzodden;Macrofauna-kwaliteit ;3300-EAG-10;Weersloot;0.6;KRW_2016;;
NL11_Sterenzodden;Overige waterflora-kwaliteit ;3300-EAG-10;Weersloot;0.550833;KRW_2016;;
NL11_Sterenzodden;Vis-kwaliteit ;3300-EAG-10;Weersloot;0.6;KRW_2016;;
NL11_Sterenzodden;Fytoplankton-kwaliteit  ;3300-EAG-11;OlijkeDrecht;0.6;KRW_2016;;
NL11_Sterenzodden;Macrofauna-kwaliteit ;3300-EAG-11;OlijkeDrecht;0.6;KRW_2016;;
NL11_Sterenzodden;Overige waterflora-kwaliteit ;3300-EAG-11;OlijkeDrecht;0.550833;KRW_2016;;
NL11_Sterenzodden;Vis-kwaliteit ;3300-EAG-11;OlijkeDrecht;0.6;KRW_2016;;
NL11_OvWa_3300-EAG-12_Muyeveld;Overige waterflora-kwaliteit ;3300-EAG-12;DeSter;0.519516667;handelingsperspectief_score2008-2014;0.055;
NL11_Loosdrechtseplassen;Fytoplankton-kwaliteit  ;3300-EAG-3;KievitsbuurtN;0.6;KRW_2016;;
NL11_Loosdrechtseplassen;Macrofauna-kwaliteit ;3300-EAG-3;KievitsbuurtN;0.587786651;KRW_2016;;
NL11_Loosdrechtseplassen;Overige waterflora-kwaliteit ;3300-EAG-3;KievitsbuurtN;0.550833;KRW_2016;;
NL11_Loosdrechtseplassen;Vis-kwaliteit ;3300-EAG-3;KievitsbuurtN;0.548371965;KRW_2016;;
NL11_Loosdrechtseplassen;Fytoplankton-kwaliteit  ;3300-EAG-4;KievitsbuurtZ;0.6;KRW_2016;;
NL11_Loosdrechtseplassen;Macrofauna-kwaliteit ;3300-EAG-4;KievitsbuurtZ;0.587786651;KRW_2016;;
NL11_Loosdrechtseplassen;Overige waterflora-kwaliteit ;3300-EAG-4;KievitsbuurtZ;0.550833;KRW_2016;;
NL11_Loosdrechtseplassen;Vis-kwaliteit ;3300-EAG-4;KievitsbuurtZ;0.548371965;KRW_2016;;
NL11_Loosdrechtseplassen;Fytoplankton-kwaliteit  ;3300-EAG-5;BreukelevnschePlas;0.6;KRW_2016;;
NL11_Loosdrechtseplassen;Macrofauna-kwaliteit ;3300-EAG-5;BreukelevnschePlas;0.587786651;KRW_2016;;
NL11_Loosdrechtseplassen;Overige waterflora-kwaliteit ;3300-EAG-5;BreukelevnschePlas;0.550833;KRW_2016;;
NL11_Loosdrechtseplassen;Vis-kwaliteit ;3300-EAG-5;BreukelevnschePlas;0.548371965;KRW_2016;;
NL11_Loosdrechtseplassen;Fytoplankton-kwaliteit  ;3300-EAG-6;TihovschePlassN;0.6;KRW_2016;;
NL11_Loosdrechtseplassen;Macrofauna-kwaliteit ;3300-EAG-6;TihovschePlassN;0.587786651;KRW_2016;;
NL11_Loosdrechtseplassen;Overige waterflora-kwaliteit ;3300-EAG-6;TihovschePlassN;0.550833;KRW_2016;;
NL11_Loosdrechtseplassen;Vis-kwaliteit ;3300-EAG-6;TihovschePlassN;0.548371965;KRW_2016;;
NL11_Loosdrechtseplassen;Fytoplankton-kwaliteit  ;3300-EAG-7;TihovschePlassZ;0.6;KRW_2016;;
NL11_Loosdrechtseplassen;Macrofauna-kwaliteit ;3300-EAG-7;TihovschePlassZ;0.587786651;KRW_2016;;
NL11_Loosdrechtseplassen;Overige waterflora-kwaliteit ;3300-EAG-7;TihovschePlassZ;0.550833;KRW_2016;;
NL11_Loosdrechtseplassen;Vis-kwaliteit ;3300-EAG-7;TihovschePlassZ;0.548371965;KRW_2016;;
NL11_Loosdrechtseplassen;Fytoplankton-kwaliteit  ;3300-EAG-8;Vuntus;0.6;KRW_2016;;
NL11_Loosdrechtseplassen;Macrofauna-kwaliteit ;3300-EAG-8;Vuntus;0.587786651;KRW_2016;;
NL11_Loosdrechtseplassen;Overige waterflora-kwaliteit ;3300-EAG-8;Vuntus;0.550833;KRW_2016;;
NL11_Loosdrechtseplassen;Vis-kwaliteit ;3300-EAG-8;Vuntus;0.548371965;KRW_2016;;
NL11_Sterenzodden;Fytoplankton-kwaliteit  ;3300-EAG-9;KrommeRade;0.6;KRW_2016;;
NL11_Sterenzodden;Macrofauna-kwaliteit ;3300-EAG-9;KrommeRade;0.6;KRW_2016;;
NL11_Sterenzodden;Overige waterflora-kwaliteit ;3300-EAG-9;KrommeRade;0.550833;KRW_2016;;
NL11_Sterenzodden;Vis-kwaliteit ;3300-EAG-9;KrommeRade;0.6;KRW_2016;;
NL11_Sterenzodden;Vis-kwaliteit ;3300-EAG-9;KrommeRade;0.6;KRW_2016;;
OvWa_3301-EAG-1_Gansenho;Overige waterflora-kwaliteit ;3301-EAG-1;GanshoefO;0.508666667;handelingsperspectief_score2008-2014;0.08;
NL11_OvWa_3301-EAG-1_Gansenho;Overige waterflora-kwaliteit ;3301-EAG-1;GanshoefO;0.47525;handelingsperspectief_score2008-2014;0.08;
OvWa_3301-EAG-2_Gansenho;Overige waterflora-kwaliteit ;3301-EAG-2;GanshoefO,SBB;0.5885;handelingsperspectief_score2008-2014;0.0525;
NL11_OvWa_3301-EAG-2_Gansenho;Overige waterflora-kwaliteit ;3301-EAG-2;GanshoefO,SBB;0.602166667;handelingsperspectief_score2008-2014;0.0525;
NL11_MolenpolderTienhove;Fytoplankton-kwaliteit  ;3302-EAG-1;OBToverig;0.6;KRW_2016;;
NL11_MolenpolderTienhove;Macrofauna-kwaliteit ;3302-EAG-1;OBToverig;0.6;KRW_2016;;
NL11_MolenpolderTienhove;Vis-kwaliteit ;3302-EAG-1;OBToverig;0.6;KRW_2016;;
NL11_MolenpolderTienhove;Fytoplankton-kwaliteit  ;3302-EAG-2;OBTpetgat;0.6;KRW_2016;;
NL11_MolenpolderTienhove;Macrofauna-kwaliteit ;3302-EAG-2;OBTpetgat;0.6;KRW_2016;;
NL11_MolenpolderTienhove;Overige waterflora-kwaliteit ;3302-EAG-2;OBTpetgat;0.5425;KRW_2016;;
NL11_MolenpolderTienhove;Vis-kwaliteit ;3302-EAG-2;OBTpetgat;0.6;KRW_2016;;
OvWa_3303-EAG-1_Gansenho;Overige waterflora-kwaliteit ;3303-EAG-1;GanshoefW;;;;
NL11_OvWa_3303-EAG-1_Gansenho;Overige waterflora-kwaliteit ;3303-EAG-1;GanshoefW;;;;
OvWa_3310-EAG-1_Loenderv;Overige waterflora-kwaliteit ;3310-EAG-1;Waterleidingkanaal;;;;
NL11_OvWa_3310-EAG-1_Loenderv;Overige waterflora-kwaliteit ;3310-EAG-1;Waterleidingkanaal;;;;
NL11_Waterleidingplas;Fytoplankton-kwaliteit  ;3310-EAG-2;Waterleidingplas;0.6;KRW_2016;;
NL11_Waterleidingplas;Macrofauna-kwaliteit ;3310-EAG-2;Waterleidingplas;0.5;KRW_2016;;
NL11_Waterleidingplas;Overige waterflora-kwaliteit ;3310-EAG-2;Waterleidingplas;0.53;KRW_2016;;
NL11_Waterleidingplas;Vis-kwaliteit ;3310-EAG-2;Waterleidingplas;0.55631202;KRW_2016;;
OvWa_3311-EAG-1_Bethunep;Overige waterflora-kwaliteit ;3311-EAG-1;BethuneP,;0.533;handelingsperspectief_score2008-2014;0.215;
NL11_OvWa_3311-EAG-1_Bethunep;Overige waterflora-kwaliteit ;3311-EAG-1;BethuneP,;0.533130435;handelingsperspectief_score2008-2014;0.215;
NL11_OvWa_3311-EAG-10_Bethunep;Overige waterflora-kwaliteit ;3311-EAG-10;;;;0.215;
OvWa_3311-EAG-10_Bethunep;Overige waterflora-kwaliteit ;3311-EAG-10;;;;0.215;
OvWa_3311-EAG-2_Bethunep;Overige waterflora-kwaliteit ;3311-EAG-2;BethuneP,;0.626;handelingsperspectief_score2008-2014;0.215;
NL11_OvWa_3311-EAG-2_Bethunep;Overige waterflora-kwaliteit ;3311-EAG-2;BethuneP,;0.626333333;handelingsperspectief_score2008-2014;0.215;
OvWa_3311-EAG-3_Bethunep;Overige waterflora-kwaliteit ;3311-EAG-3;BethuneP,;0.537;handelingsperspectief_score2008-2014;0.215;
NL11_OvWa_3311-EAG-3_Bethunep;Overige waterflora-kwaliteit ;3311-EAG-3;BethuneP,;0.5363;handelingsperspectief_score2008-2014;0.215;
OvWa_3311-EAG-5_Bethunep;Overige waterflora-kwaliteit ;3311-EAG-5;BethuneP,;0.581;handelingsperspectief_score2008-2014;0.215;
NL11_OvWa_3311-EAG-5_Bethunep;Overige waterflora-kwaliteit ;3311-EAG-5;BethuneP,;0.581;handelingsperspectief_score2008-2014;0.215;
OvWa_3311-EAG-6_Bethunep;Overige waterflora-kwaliteit ;3311-EAG-6;BethuneP,;0.452;handelingsperspectief_score2008-2014;0.215;
NL11_OvWa_3311-EAG-6_Bethunep;Overige waterflora-kwaliteit ;3311-EAG-6;BethuneP,;0.453333333;handelingsperspectief_score2008-2014;0.215;
OvWa_3311-EAG-7_Bethunep;Overige waterflora-kwaliteit ;3311-EAG-7;BethuneP,;0.632;handelingsperspectief_score2008-2014;0.215;
NL11_OvWa_3311-EAG-7_Bethunep;Overige waterflora-kwaliteit ;3311-EAG-7;BethuneP,;0.6325;handelingsperspectief_score2008-2014;0.215;
NL11_OvWa_3311-EAG-8_Bethunep;Overige waterflora-kwaliteit ;3311-EAG-8;;;;0.215;
OvWa_3311-EAG-8_Bethunep;Overige waterflora-kwaliteit ;3311-EAG-8;;;;0.215;
OvWa_3311-EAG-9_Bethunep;Overige waterflora-kwaliteit ;3311-EAG-9;BethuneP,;0.618;handelingsperspectief_score2008-2014;0.215;
NL11_OvWa_3311-EAG-9_Bethunep;Overige waterflora-kwaliteit ;3311-EAG-9;BethuneP,;0.618125;handelingsperspectief_score2008-2014;0.215;
NL11_TerraNova;Fytoplankton-kwaliteit  ;3320-EAG-1;TerraNovalndN;0.6;KRW_2016;;
NL11_TerraNova;Macrofauna-kwaliteit ;3320-EAG-1;TerraNovalndN;0.5;KRW_2016;;
NL11_TerraNova;Overige waterflora-kwaliteit ;3320-EAG-1;TerraNovalndN;0.550833;KRW_2016;;
NL11_TerraNova;Vis-kwaliteit ;3320-EAG-1;TerraNovalndN;0.415942698;KRW_2016;;
NL11_TerraNova;Fytoplankton-kwaliteit  ;3320-EAG-2;TerraNova;0.6;KRW_2016;;
NL11_TerraNova;Macrofauna-kwaliteit ;3320-EAG-2;TerraNova;0.5;KRW_2016;;
NL11_TerraNova;Overige waterflora-kwaliteit ;3320-EAG-2;TerraNova;0.550833;KRW_2016;;
NL11_TerraNova;Vis-kwaliteit ;3320-EAG-2;TerraNova;0.415942698;KRW_2016;;
OvWa_3320-EAG-3_Loenderv;Overige waterflora-kwaliteit ;3320-EAG-3;TerraNovalndZ;0.357;handelingsperspectief_score2008-2014;0.065;
NL11_OvWa_3320-EAG-3_Loenderv;Overige waterflora-kwaliteit ;3320-EAG-3;TerraNovalndZ;0.3571;handelingsperspectief_score2008-2014;0.065;
NL11_Loenderveenoost;Fytoplankton-kwaliteit  ;3320-EAG-4;LoendervnschePlas;0.6;KRW_2016;;
NL11_Loenderveenoost;Macrofauna-kwaliteit ;3320-EAG-4;LoendervnschePlas;0.5;KRW_2016;;
NL11_Loenderveenoost;Overige waterflora-kwaliteit ;3320-EAG-4;LoendervnschePlas;0.505833;KRW_2016;;
NL11_Loenderveenoost;Vis-kwaliteit ;3320-EAG-4;LoendervnschePlas;0.586115674;KRW_2016;;
OvWa_3340-EAG-1_Polder_M;Overige waterflora-kwaliteit ;3340-EAG-1;PMijndW;0.479;handelingsperspectief_score2008-2014;0.06;
NL11_OvWa_3340-EAG-1_Polder_M;Overige waterflora-kwaliteit ;3340-EAG-1;PMijndW;0.476333333;handelingsperspectief_score2008-2014;0.06;
OvWa_3340-EAG-2_Polder_M;Overige waterflora-kwaliteit ;3340-EAG-2;PMijndO;0.616666667;handelingsperspectief_score2008-2014;0.15;
NL11_OvWa_3340-EAG-2_Polder_M;Overige waterflora-kwaliteit ;3340-EAG-2;PMijndO;0.6385;handelingsperspectief_score2008-2014;0.15;
OvWa_3340-EAG-3_Polder_M;Overige waterflora-kwaliteit ;3340-EAG-3;PMijnd,SBB;0.576333333;handelingsperspectief_score2008-2014;0.11;
NL11_OvWa_3340-EAG-3_Polder_M;Overige waterflora-kwaliteit ;3340-EAG-3;PMijnd,SBB;0.576083333;handelingsperspectief_score2008-2014;0.11;
OvWa_3350-EAG-1_Polder_B;Overige waterflora-kwaliteit ;3350-EAG-1;PbrPrdijbmlgbd;0.419;handelingsperspectief_score2008-2014;0.08;
NL11_OvWa_3350-EAG-1_Polder_B;Overige waterflora-kwaliteit ;3350-EAG-1;PbrPrdijbmlgbd;0.419111111;handelingsperspectief_score2008-2014;0.08;
OvWa_3350-EAG-2_Polder_B;Overige waterflora-kwaliteit ;3350-EAG-2;PbrPrdijBrngdelnd;0.4455;handelingsperspectief_score2008-2014;0.08;
NL11_OvWa_3350-EAG-2_Polder_B;Overige waterflora-kwaliteit ;3350-EAG-2;PbrPrdijBrngdelnd;0.445666667;handelingsperspectief_score2008-2014;0.08;
OvWa_3360-EAG-1_Polder_M;Overige waterflora-kwaliteit ;3360-EAG-1;PMWBAgrarischMolP;;;;
OvWa_3360-EAG-18_Polder_M;Overige waterflora-kwaliteit ;3360-EAG-1;PMWBAgrarischMolP;;;;
NL11_OvWa_3360-EAG-1_Polder_M;Overige waterflora-kwaliteit ;3360-EAG-1;PMWBAgrarischMolP;;;;
NL11_MolenpolderTienhove;Fytoplankton-kwaliteit  ;3360-EAG-10;PMWBMrsvnsZodd;0.6;KRW_2016;;
NL11_MolenpolderTienhove;Macrofauna-kwaliteit ;3360-EAG-10;PMWBMrsvnsZodd;0.6;KRW_2016;;
NL11_MolenpolderTienhove;Overige waterflora-kwaliteit ;3360-EAG-10;PMWBMrsvnsZodd;0.5425;KRW_2016;;
NL11_MolenpolderTienhove;Vis-kwaliteit ;3360-EAG-10;PMWBMrsvnsZodd;0.6;KRW_2016;;
NL11_GroteMaarsseveensep;Fytoplankton-kwaliteit  ;3360-EAG-11;GrMrsvnsPlas;0.6;KRW_2016;;
NL11_GroteMaarsseveensep;Macrofauna-kwaliteit ;3360-EAG-11;GrMrsvnsPlas;0.532;KRW_2016;;
NL11_GroteMaarsseveensep;Overige waterflora-kwaliteit ;3360-EAG-11;GrMrsvnsPlas;0.535;KRW_2016;;
NL11_GroteMaarsseveensep;Vis-kwaliteit ;3360-EAG-11;GrMrsvnsPlas;0.6;KRW_2016;;
NL11_MolenpolderTienhove;Fytoplankton-kwaliteit  ;3360-EAG-12;PMWBNdreindsVrt;0.6;KRW_2016;;
NL11_MolenpolderTienhove;Vis-kwaliteit ;3360-EAG-12;PMWBNdreindsVrt;0.6;KRW_2016;;
NL11_MolenpolderTienhove;Fytoplankton-kwaliteit  ;3360-EAG-13;PMWBKleinMolP;0.6;KRW_2016;;
NL11_MolenpolderTienhove;Macrofauna-kwaliteit ;3360-EAG-13;PMWBKleinMolP;0.6;KRW_2016;;
NL11_MolenpolderTienhove;Overige waterflora-kwaliteit ;3360-EAG-13;PMWBKleinMolP;0.5425;KRW_2016;;
NL11_MolenpolderTienhove;Vis-kwaliteit ;3360-EAG-13;PMWBKleinMolP;0.6;KRW_2016;;
NL11_MolenpolderTienhove;Fytoplankton-kwaliteit  ;3360-EAG-14;PMWBTrtpntZodd;0.6;KRW_2016;;
NL11_MolenpolderTienhove;Macrofauna-kwaliteit ;3360-EAG-14;PMWBTrtpntZodd;0.6;KRW_2016;;
NL11_MolenpolderTienhove;Overige waterflora-kwaliteit ;3360-EAG-14;PMWBTrtpntZodd;0.5425;KRW_2016;;
NL11_MolenpolderTienhove;Vis-kwaliteit ;3360-EAG-14;PMWBTrtpntZodd;0.6;KRW_2016;;
NL11_MolenpolderTienhove;Vis-kwaliteit ;3360-EAG-15;PMWBTrtpnt;0.6;KRW_2016;;
NL11_OvWa_3360-EAG-15_Polder_M;Overige waterflora-kwaliteit ;3360-EAG-15;;;;;
OvWa_3360-EAG-15_Polder_M;Overige waterflora-kwaliteit ;3360-EAG-15;;;;;
NL11_MolenpolderTienhove;Fytoplankton-kwaliteit  ;3360-EAG-16;PMWMolPNtr;0.6;KRW_2016;;
NL11_MolenpolderTienhove;Macrofauna-kwaliteit ;3360-EAG-16;PMWMolPNtr;0.6;KRW_2016;;
NL11_MolenpolderTienhove;Overige waterflora-kwaliteit ;3360-EAG-16;PMWMolPNtr;0.5425;KRW_2016;;
NL11_MolenpolderTienhove;Vis-kwaliteit ;3360-EAG-16;PMWMolPNtr;0.6;KRW_2016;;
NL11_MolenpolderTienhove;Fytoplankton-kwaliteit  ;3360-EAG-17;PMWBWbroekseZodd;0.6;KRW_2016;;
NL11_MolenpolderTienhove;Macrofauna-kwaliteit ;3360-EAG-17;PMWBWbroekseZodd;0.6;KRW_2016;;
NL11_MolenpolderTienhove;Overige waterflora-kwaliteit ;3360-EAG-17;PMWBWbroekseZodd;0.5425;KRW_2016;;
NL11_MolenpolderTienhove;Vis-kwaliteit ;3360-EAG-17;PMWBWbroekseZodd;0.6;KRW_2016;;
NL11_OvWa_3360-EAG-18_Polder_M;Overige waterflora-kwaliteit ;3360-EAG-18;PMWBPhetHuisteHart;;;;
OvWa_3360-EAG-2_Polder_M;Overige waterflora-kwaliteit ;3360-EAG-2;PMWBPBuitwg;;;;
NL11_OvWa_3360-EAG-2_Polder_M;Overige waterflora-kwaliteit ;3360-EAG-2;PMWBPBuitwg;;;;
OvWa_3360-EAG-3_Polder_M;Overige waterflora-kwaliteit ;3360-EAG-3;PMWBZogwtrng;;;;
NL11_OvWa_3360-EAG-3_Polder_M;Overige waterflora-kwaliteit ;3360-EAG-3;PMWBZogwtrng;;;;
OvWa_3360-EAG-4_Polder_M;Overige waterflora-kwaliteit ;3360-EAG-4;PMWBWilgplas;;;;
NL11_OvWa_3360-EAG-4_Polder_M;Overige waterflora-kwaliteit ;3360-EAG-4;PMWBWilgplas;;;;
OvWa_3360-EAG-5_Polder_M;Overige waterflora-kwaliteit ;3360-EAG-5;PMWBrondKlnMVPlas;;;;
NL11_OvWa_3360-EAG-5_Polder_M;Overige waterflora-kwaliteit ;3360-EAG-5;PMWBrondKlnMVPlas;;;;
OvWa_3360-EAG-6_Polder_M;Overige waterflora-kwaliteit ;3360-EAG-6;PMWBKass;;;;
NL11_OvWa_3360-EAG-6_Polder_M;Overige waterflora-kwaliteit ;3360-EAG-6;PMWBKass;;;;
OvWa_3360-EAG-7_Polder_M;Overige waterflora-kwaliteit ;3360-EAG-7;PMWBVlktn;;;;
NL11_OvWa_3360-EAG-7_Polder_M;Overige waterflora-kwaliteit ;3360-EAG-7;PMWBVlktn;;;;
OvWa_3360-EAG-8_Polder_M;Overige waterflora-kwaliteit ;3360-EAG-8;PMWBOudTnbwGbd;;;;
NL11_OvWa_3360-EAG-8_Polder_M;Overige waterflora-kwaliteit ;3360-EAG-8;PMWBOudTnbwGbd;;;;
OvWa_3360-EAG-9_Polder_M;Overige waterflora-kwaliteit ;3360-EAG-9;PMWBKlnMrsvnsPlas;;;;
NL11_OvWa_3360-EAG-9_Polder_M;Overige waterflora-kwaliteit ;3360-EAG-9;PMWBKlnMrsvnsPlas;;;;
OvWa_3370-EAG-1_Polder_A;Overige waterflora-kwaliteit ;3370-EAG-1;PAHGagelwg;0.6535;handelingsperspectief_score2008-2014;0.115;
NL11_OvWa_3370-EAG-1_Polder_A;Overige waterflora-kwaliteit ;3370-EAG-1;PAHGagelwg;0.653776471;handelingsperspectief_score2008-2014;0.115;
OvWa_3370-EAG-2_Polder_A;Overige waterflora-kwaliteit ;3370-EAG-2;PAHGagelbos;0.557;handelingsperspectief_score2008-2014;0.005;
NL11_OvWa_3370-EAG-2_Polder_A;Overige waterflora-kwaliteit ;3370-EAG-2;PAHGagelbos;0.5738;handelingsperspectief_score2008-2014;0.005;
OvWa_3370-EAG-3_Polder_A;Overige waterflora-kwaliteit ;3370-EAG-3;PAHKerkeindseP;0.663;handelingsperspectief_score2008-2014;0.0775;
NL11_OvWa_3370-EAG-3_Polder_A;Overige waterflora-kwaliteit ;3370-EAG-3;PAHKerkeindseP;0.689961538;handelingsperspectief_score2008-2014;0.0775;
OvWa_3370-EAG-4_Polder_A;Overige waterflora-kwaliteit ;3370-EAG-4;PAHHetAchteraf;0.6935;handelingsperspectief_score2008-2014;0.0775;
NL11_OvWa_3370-EAG-4_Polder_A;Overige waterflora-kwaliteit ;3370-EAG-4;PAHHetAchteraf;0.701148148;handelingsperspectief_score2008-2014;0.0775;
OvWa_3370-EAG-5_Polder_A;Overige waterflora-kwaliteit ;3370-EAG-5;PAHKorssesteeg;;;;
NL11_OvWa_3370-EAG-5_Polder_A;Overige waterflora-kwaliteit ;3370-EAG-5;PAHKorssesteeg;;;;
NL11_VaartenVechtstreek;Fytoplankton-kwaliteit  ;4000-EAG-1;s-GravelandscheVrt;0.6;KRW_2016;;
NL11_VaartenVechtstreek;Macrofauna-kwaliteit ;4000-EAG-1;s-GravelandscheVrt;0.6;KRW_2016;;
NL11_VaartenVechtstreek;Overige waterflora-kwaliteit ;4000-EAG-1;s-GravelandscheVrt;0.6;KRW_2016;;
NL11_VaartenVechtstreek;Overige waterflora-kwaliteit ;4000-EAG-2;Cruijsberg;0.6;KRW_2016;;
NL11_VaartenVechtstreek;Fytoplankton-kwaliteit  ;4000-EAG-3;Karnemelksloot;0.6;KRW_2016;;
NL11_VaartenVechtstreek;Macrofauna-kwaliteit ;4000-EAG-3;Karnemelksloot;0.6;KRW_2016;;
NL11_VaartenVechtstreek;Overige waterflora-kwaliteit ;4000-EAG-3;Karnemelksloot;0.6;KRW_2016;;
NL11_VaartenVechtstreek;Vis-kwaliteit ;4000-EAG-3;Karnemelksloot;0.6;KRW_2016;;
NL11_VaartenVechtstreek;Fytoplankton-kwaliteit  ;4000-EAG-4;NaardertrekVrt;0.6;KRW_2016;;
NL11_VaartenVechtstreek;Macrofauna-kwaliteit ;4000-EAG-4;NaardertrekVrt;0.6;KRW_2016;;
NL11_VaartenVechtstreek;Overige waterflora-kwaliteit ;4000-EAG-4;NaardertrekVrt;0.6;KRW_2016;;
NL11_VaartenVechtstreek;Fytoplankton-kwaliteit  ;4000-EAG-6;VestingNaard;0.6;KRW_2016;;
NL11_VaartenVechtstreek;Overige waterflora-kwaliteit ;4000-EAG-6;VestingNaard;0.6;KRW_2016;;
NL11_VaartenVechtstreek;Overige waterflora-kwaliteit ;4000-EAG-7;Naard-Bussum;0.6;KRW_2016;;
NL11_VaartenVechtstreek;Fytoplankton-kwaliteit  ;4000-EAG-8;ZanderijVrt;0.6;KRW_2016;;
NL11_VaartenVechtstreek;Overige waterflora-kwaliteit ;4000-EAG-8;ZanderijVrt;0.6;KRW_2016;;
OvWa_4100-EAG-1_Noordpol;Overige waterflora-kwaliteit ;4100-EAG-1;NPbeOMuid,bemal;0.549;handelingsperspectief_score2008-2014;0.19;
NL11_OvWa_4100-EAG-1_Noordpol;Overige waterflora-kwaliteit ;4100-EAG-1;NPbeOMuid,bemal;0.5485;handelingsperspectief_score2008-2014;0.19;
OvWa_4100-EAG-2_Noordpol;Overige waterflora-kwaliteit ;4100-EAG-2;NPbeOMuid,N;0.52;handelingsperspectief_score2008-2014;0.19;
NL11_OvWa_4100-EAG-2_Noordpol;Overige waterflora-kwaliteit ;4100-EAG-2;NPbeOMuid,N;0.519333333;handelingsperspectief_score2008-2014;0.19;
OvWa_4110-EAG-1_B.O.B.M.;Overige waterflora-kwaliteit ;4110-EAG-1;BOBMbemal;0.614;handelingsperspectief_score2008-2014;0.15;
NL11_OvWa_4110-EAG-1_B.O.B.M.;Overige waterflora-kwaliteit ;4110-EAG-1;BOBMbemal;0.590444444;handelingsperspectief_score2008-2014;0.15;
OvWa_4110-EAG-2_B.O.B.M.;Overige waterflora-kwaliteit ;4110-EAG-2;BOBMO;0.586;handelingsperspectief_score2008-2014;0.15;
NL11_OvWa_4110-EAG-2_B.O.B.M.;Overige waterflora-kwaliteit ;4110-EAG-2;BOBMO;0.585666667;handelingsperspectief_score2008-2014;0.15;
OvWa_4120-EAG-1_Buitendi;Overige waterflora-kwaliteit ;4120-EAG-1;BtdkNSchapmet;0.182;handelingsperspectief_score2008-2014;0;
NL11_OvWa_4120-EAG-1_Buitendi;Overige waterflora-kwaliteit ;4120-EAG-1;BtdkNSchapmet;0.182333333;handelingsperspectief_score2008-2014;0;
OvWa_4120-EAG-2_Buitendi;Overige waterflora-kwaliteit ;4120-EAG-2;BtdkNHaverland;0.388;handelingsperspectief_score2015-2017;0;
NL11_OvWa_4120-EAG-2_Buitendi;Overige waterflora-kwaliteit ;4120-EAG-2;BtdkNHaverland;0.388;handelingsperspectief_score2015-2017;0;
OvWa_4130-EAG-1_Zuidpold;Overige waterflora-kwaliteit ;4130-EAG-1;ZPbeOMuid;0.48925;handelingsperspectief_score2008-2014;0.1;
NL11_OvWa_4130-EAG-1_Zuidpold;Overige waterflora-kwaliteit ;4130-EAG-1;ZPbeOMuid;0.516029851;handelingsperspectief_score2008-2014;0.1;
OvWa_4140-EAG-1_Keverdij;Overige waterflora-kwaliteit ;4140-EAG-1;KOP;0.611333333;handelingsperspectief_score2008-2014;0.17;
NL11_OvWa_4140-EAG-1_Keverdij;Overige waterflora-kwaliteit ;4140-EAG-1;KOP;0.611083333;handelingsperspectief_score2008-2014;0.17;
OvWa_4140-EAG-2_Keverdij;Overige waterflora-kwaliteit ;4140-EAG-2;KOP;0.591333333;handelingsperspectief_score2008-2014;0.17;
NL11_OvWa_4140-EAG-2_Keverdij;Overige waterflora-kwaliteit ;4140-EAG-2;KOP;0.58665;handelingsperspectief_score2008-2014;0.17;
OvWa_4140-EAG-3_Keverdij;Overige waterflora-kwaliteit ;4140-EAG-3;KOP;0.710666667;handelingsperspectief_score2008-2014;0.17;
NL11_OvWa_4140-EAG-3_Keverdij;Overige waterflora-kwaliteit ;4140-EAG-3;KOP;0.714521739;handelingsperspectief_score2008-2014;0.17;
OvWa_4140-EAG-4_Keverdij;Overige waterflora-kwaliteit ;4140-EAG-4;KOP;0.671333333;handelingsperspectief_score2008-2014;0.17;
NL11_OvWa_4140-EAG-4_Keverdij;Overige waterflora-kwaliteit ;4140-EAG-4;KOP;0.671333333;handelingsperspectief_score2008-2014;0.17;
OvWa_4140-EAG-5_Keverdij;Overige waterflora-kwaliteit ;4140-EAG-5;KOPStadzicht;0.4215;handelingsperspectief_score2008-2014;0.17;
NL11_OvWa_4140-EAG-5_Keverdij;Overige waterflora-kwaliteit ;4140-EAG-5;KOPStadzicht;0.4324;handelingsperspectief_score2008-2014;0.17;
OvWa_4200-EAG-1_Heintjes;Overige waterflora-kwaliteit ;4200-EAG-1;HBP,faunapas;0.4505;handelingsperspectief_score2008-2014;0.11;
NL11_OvWa_4200-EAG-1_Heintjes;Overige waterflora-kwaliteit ;4200-EAG-1;HBP,faunapas;0.451166667;handelingsperspectief_score2008-2014;0.11;
OvWa_4200-EAG-2_Heintjes;Overige waterflora-kwaliteit ;4200-EAG-2;BroekerP;0.607;handelingsperspectief_score2008-2014;0.11;
NL11_OvWa_4200-EAG-2_Heintjes;Overige waterflora-kwaliteit ;4200-EAG-2;BroekerP;0.62;handelingsperspectief_score2008-2014;0.11;
OvWa_4200-EAG-3_Heintjes;Overige waterflora-kwaliteit ;4200-EAG-3;HeintjesrakP;0.5515;handelingsperspectief_score2008-2014;0.11;
NL11_OvWa_4200-EAG-3_Heintjes;Overige waterflora-kwaliteit ;4200-EAG-3;HeintjesrakP;0.54948;handelingsperspectief_score2008-2014;0.11;
NL11_HollandsAnkeveen;Macrofauna-kwaliteit ;4210-EAG-1;HAPbemal;0.6;KRW_2016;;
NL11_HollandsAnkeveen;Overige waterflora-kwaliteit ;4210-EAG-1;HAPbemal;0.550833;KRW_2016;;
NL11_HollandsAnkeveen;Vis-kwaliteit ;4210-EAG-1;HAPbemal;0.6;KRW_2016;;
NL11_HollandsAnkeveen;Fytoplankton-kwaliteit  ;4210-EAG-2;HAPN;0.6;KRW_2016;;
NL11_HollandsAnkeveen;Macrofauna-kwaliteit ;4210-EAG-2;HAPN;0.6;KRW_2016;;
NL11_HollandsAnkeveen;Overige waterflora-kwaliteit ;4210-EAG-2;HAPN;0.550833;KRW_2016;;
NL11_HollandsAnkeveen;Vis-kwaliteit ;4210-EAG-2;HAPN;0.6;KRW_2016;;
NL11_HollandsAnkeveen;Fytoplankton-kwaliteit  ;4210-EAG-3;HAPZ;0.6;KRW_2016;;
NL11_HollandsAnkeveen;Macrofauna-kwaliteit ;4210-EAG-3;HAPZ;0.6;KRW_2016;;
NL11_HollandsAnkeveen;Overige waterflora-kwaliteit ;4210-EAG-3;HAPZ;0.550833;KRW_2016;;
NL11_HollandsAnkeveen;Vis-kwaliteit ;4210-EAG-3;HAPZ;0.6;KRW_2016;;
OvWa_4210-EAG-4_Hollands;Overige waterflora-kwaliteit ;4210-EAG-4;HaPO;0.7;WGP_NVP-noord;0.0525;
NL11_OvWa_4210-EAG-4_Hollands;Overige waterflora-kwaliteit ;4210-EAG-4;HaPO;0.7;WGP_NVP-noord;0.0525;
NL11_HollandsAnkeveen;Fytoplankton-kwaliteit  ;4210-EAG-5;HAPO;0.6;KRW_2016;;
NL11_HollandsAnkeveen;Macrofauna-kwaliteit ;4210-EAG-5;HAPO;0.6;KRW_2016;;
NL11_HollandsAnkeveen;Overige waterflora-kwaliteit ;4210-EAG-5;HAPO;0.550833;KRW_2016;;
NL11_HollandsAnkeveen;Vis-kwaliteit ;4210-EAG-5;HAPO;0.6;KRW_2016;;
OvWa_4230-EAG-1_Hilversu;Overige waterflora-kwaliteit ;4230-EAG-1;Hilvsmsmnt;0.50025;handelingsperspectief_score2008-2014;0.16;
NL11_OvWa_4230-EAG-1_Hilversu;Overige waterflora-kwaliteit ;4230-EAG-1;Hilvsmsmnt;0.575151515;handelingsperspectief_score2008-2014;0.16;
NL11_OvWa_4230-EAG-1_Hilversu;Overige waterflora-kwaliteit ;4230-EAG-1;;;;;
NL11_OvWa_4240-EAG-1_Hilversu;Overige waterflora-kwaliteit ;4240-EAG-1;;;;;
OvWa_4240-EAG-1_Hilversu;Overige waterflora-kwaliteit ;4240-EAG-1;Hilvsmsmnt;;;;
NL11_OvWa_4240-EAG-1_Hilversu;Overige waterflora-kwaliteit ;4240-EAG-1;Hilvsmsmnt;;;;
OvWa_4250-EAG-1__s-Grave;Overige waterflora-kwaliteit ;4250-EAG-1;s-GrvlndsP;0.3215;handelingsperspectief_score2008-2014;0;
NL11_OvWa_4250-EAG-1__s-Grave;Overige waterflora-kwaliteit ;4250-EAG-1;s-GrvlndsP;0.291766667;handelingsperspectief_score2008-2014;0;
NL11_VaartenVechtstreek;Overige waterflora-kwaliteit ;4250-KRW-1;;0.6;KRW_2016;;
OvWa_6040-EAG-1_Sportpar;Overige waterflora-kwaliteit ;6040-EAG-1;SportprkTDO;;;;
NL11_OvWa_6040-EAG-1_Sportpar;Overige waterflora-kwaliteit ;6040-EAG-1;SportprkTDO;;;;
OvWa_6050-EAG-1_Krasseur;Overige waterflora-kwaliteit ;6050-EAG-1;Krasseurstr,Krasseurstr;;;;
NL11_OvWa_6050-EAG-1_Krasseur;Overige waterflora-kwaliteit ;6050-EAG-1;Krasseurstr,Krasseurstr;;;;
OvWa_6060-EAG-1_W.H._Vli;Overige waterflora-kwaliteit ;6060-EAG-1;Vliegbos;;;;
NL11_OvWa_6060-EAG-1_W.H._Vli;Overige waterflora-kwaliteit ;6060-EAG-1;Vliegbos;;;;
OvWa_6080-EAG-1_Polder_B;Overige waterflora-kwaliteit ;6080-EAG-1;PBernard;;;;
NL11_OvWa_6080-EAG-1_Polder_B;Overige waterflora-kwaliteit ;6080-EAG-1;PBernard;;;;
NL11_NoorderIJplas;Fytoplankton-kwaliteit  ;6100-EAG-1;NdrIJplas;0.6;KRW_2016;;
NL11_NoorderIJplas;Macrofauna-kwaliteit ;6100-EAG-1;NdrIJplas;0.5;KRW_2016;;
NL11_NoorderIJplas;Overige waterflora-kwaliteit ;6100-EAG-1;NdrIJplas;0.500833;KRW_2016;;
NL11_NoorderIJplas;Vis-kwaliteit ;6100-EAG-1;NdrIJplas;0.5;KRW_2016;;
OvWa_6100-EAG-2_Noorder_;Overige waterflora-kwaliteit ;6100-EAG-2;NdrIJplas;;;;
NL11_OvWa_6100-EAG-2_Noorder_;Overige waterflora-kwaliteit ;6100-EAG-2;NdrIJplas;;;;
OvWa_6110-EAG-1_Noorder_;Overige waterflora-kwaliteit ;6110-EAG-1;NdrIJP;;;;
NL11_OvWa_6110-EAG-1_Noorder_;Overige waterflora-kwaliteit ;6110-EAG-1;NdrIJP;;;;
OvWa_6400-EAG-1_Watergra;Overige waterflora-kwaliteit ;6400-EAG-1;Wtgfsmr,Z;;;;
NL11_OvWa_6400-EAG-1_Watergra;Overige waterflora-kwaliteit ;6400-EAG-1;Wtgfsmr,Z;;;;
OvWa_6400-EAG-2_Watergra;Overige waterflora-kwaliteit ;6400-EAG-2;Wtgfsmr,N;;;;
NL11_OvWa_6400-EAG-2_Watergra;Overige waterflora-kwaliteit ;6400-EAG-2;Wtgfsmr,N;;;;
OvWa_6420-EAG-1_Gemeensc;Overige waterflora-kwaliteit ;6420-EAG-1;GmsPWVTLinnaeus;;;;
NL11_OvWa_6420-EAG-1_Gemeensc;Overige waterflora-kwaliteit ;6420-EAG-1;GmsPWVTLinnaeus;;;;
OvWa_6430-EAG-1_Baambrug;Overige waterflora-kwaliteit ;6430-EAG-1;BmbrgOzijds;0.4215;handelingsperspectief_score2008-2014;0.065;
NL11_OvWa_6430-EAG-1_Baambrug;Overige waterflora-kwaliteit ;6430-EAG-1;BmbrgOzijds;0.421669291;handelingsperspectief_score2008-2014;0.065;
OvWa_6440-EAG-1_Polder_B;Overige waterflora-kwaliteit ;6440-EAG-1;PBRKwrdW,bmlgbd;;;;
NL11_OvWa_6440-EAG-1_Polder_B;Overige waterflora-kwaliteit ;6440-EAG-1;PBRKwrdW,bmlgbd;;;;
OvWa_6440-EAG-2_Polder_B;Overige waterflora-kwaliteit ;6440-EAG-2;PBRKwrdW,;;;;
NL11_OvWa_6440-EAG-2_Polder_B;Overige waterflora-kwaliteit ;6440-EAG-2;PBRKwrdW,;;;;
OvWa_6440-EAG-3_Polder_B;Overige waterflora-kwaliteit ;6440-EAG-3;PBRKwrdW,;;;;
NL11_OvWa_6440-EAG-3_Polder_B;Overige waterflora-kwaliteit ;6440-EAG-3;PBRKwrdW,;;;;
OvWa_6440-EAG-4_Polder_B;Overige waterflora-kwaliteit ;6440-EAG-4;PBRKwrdW,;;;;
NL11_OvWa_6440-EAG-4_Polder_B;Overige waterflora-kwaliteit ;6440-EAG-4;PBRKwrdW,;;;;
OvWa_6450-EAG-1_Aetsveld;Overige waterflora-kwaliteit ;6450-EAG-1;AVPW,bemal;0.6155;handelingsperspectief_score2008-2014;0.17;
NL11_OvWa_6450-EAG-1_Aetsveld;Overige waterflora-kwaliteit ;6450-EAG-1;AVPW,bemal;0.616938776;handelingsperspectief_score2008-2014;0.17;
OvWa_6450-EAG-2_Aetsveld;Overige waterflora-kwaliteit ;6450-EAG-2;AVPW,fort;0.533;handelingsperspectief_score2015-2017;0.17;
NL11_OvWa_6450-EAG-2_Aetsveld;Overige waterflora-kwaliteit ;6450-EAG-2;AVPW,fort;0.533;handelingsperspectief_score2015-2017;0.17;
OvWa_6450-EAG-3_Aetsveld;Overige waterflora-kwaliteit ;6450-EAG-3;AVPW,Z;0.5575;handelingsperspectief_score2008-2014;0.17;
NL11_OvWa_6450-EAG-3_Aetsveld;Overige waterflora-kwaliteit ;6450-EAG-3;AVPW,Z;0.557333333;handelingsperspectief_score2008-2014;0.17;
OvWa_6460-EAG-1_Breukele;Overige waterflora-kwaliteit ;6460-EAG-1;BreukelN;0.521;handelingsperspectief_score2008-2014;0;
NL11_OvWa_6460-EAG-1_Breukele;Overige waterflora-kwaliteit ;6460-EAG-1;BreukelN;0.518333333;handelingsperspectief_score2008-2014;0;
OvWa_6460-EAG-2_Breukele;Overige waterflora-kwaliteit ;6460-EAG-2;BreukelN,lnd;0.199666667;handelingsperspectief_score2008-2014;0;
NL11_OvWa_6460-EAG-2_Breukele;Overige waterflora-kwaliteit ;6460-EAG-2;BreukelN,lnd;0.20475;handelingsperspectief_score2008-2014;0;
OvWa_6480-EAG-1_Hoeker-_;Overige waterflora-kwaliteit ;6480-EAG-1;HGPbmlgbd;0.693;handelingsperspectief_score2008-2014;0.2;
NL11_OvWa_6480-EAG-1_Hoeker-_;Overige waterflora-kwaliteit ;6480-EAG-1;HGPbmlgbd;0.692804348;handelingsperspectief_score2008-2014;0.2;
OvWa_6480-EAG-2_Hoeker-_;Overige waterflora-kwaliteit ;6480-EAG-2;HGPN;0.6605;handelingsperspectief_score2008-2014;0.2;
NL11_OvWa_6480-EAG-2_Hoeker-_;Overige waterflora-kwaliteit ;6480-EAG-2;HGPN;0.602666667;handelingsperspectief_score2008-2014;0.2;
OvWa_6480-EAG-3_Hoeker-_;Overige waterflora-kwaliteit ;6480-EAG-3;HGPO;0.614;handelingsperspectief_score2008-2014;0.2;
NL11_OvWa_6480-EAG-3_Hoeker-_;Overige waterflora-kwaliteit ;6480-EAG-3;HGPO;0.612565217;handelingsperspectief_score2008-2014;0.2;
OvWa_6490-EAG-1_Aetsveld;Overige waterflora-kwaliteit ;6490-EAG-1;AVPWDriemond;;;;
NL11_OvWa_6490-EAG-1_Aetsveld;Overige waterflora-kwaliteit ;6490-EAG-1;AVPWDriemond;;;;
OvWa_6530-EAG-1_Bloemend;Overige waterflora-kwaliteit ;6530-EAG-1;BlmdPGMsPO,bemal;;;;
NL11_OvWa_6530-EAG-1_Bloemend;Overige waterflora-kwaliteit ;6530-EAG-1;BlmdPGMsPO,bemal;;;;
OvWa_6530-EAG-2_Bloemend;Overige waterflora-kwaliteit ;6530-EAG-2;BGmsO,LgsVecht;;;;
NL11_OvWa_6530-EAG-2_Bloemend;Overige waterflora-kwaliteit ;6530-EAG-2;BGmsO,LgsVecht;;;;
OvWa_6540-EAG-1_Aetsveld;Overige waterflora-kwaliteit ;6540-EAG-1;AVPO,bemal;0.751833333;handelingsperspectief_score2008-2014;0.155;
NL11_OvWa_6540-EAG-1_Aetsveld;Overige waterflora-kwaliteit ;6540-EAG-1;AVPO,bemal;0.753591549;handelingsperspectief_score2008-2014;0.155;
OvWa_6540-EAG-2_Aetsveld;Overige waterflora-kwaliteit ;6540-EAG-2;AVPO,blokbemaling;0.788;handelingsperspectief_score2008-2014;0.155;
NL11_OvWa_6540-EAG-2_Aetsveld;Overige waterflora-kwaliteit ;6540-EAG-2;AVPO,blokbemaling;0.799117647;handelingsperspectief_score2008-2014;0.155;
OvWa_6540-EAG-3_Aetsveld;Overige waterflora-kwaliteit ;6540-EAG-3;AVPO,stdlijkWsp;0.51925;handelingsperspectief_score2008-2014;0.155;
NL11_OvWa_6540-EAG-3_Aetsveld;Overige waterflora-kwaliteit ;6540-EAG-3;AVPO,stdlijkWsp;0.49625;handelingsperspectief_score2008-2014;0.155;
OvWa_6550-EAG-1_Polder_N;Overige waterflora-kwaliteit ;6550-EAG-1;PNijrode,lndGbd;0.4425;handelingsperspectief_score2008-2014;0.04;
NL11_OvWa_6550-EAG-1_Polder_N;Overige waterflora-kwaliteit ;6550-EAG-1;PNijrode,lndGbd;0.452346939;handelingsperspectief_score2008-2014;0.04;
OvWa_6550-EAG-2_Polder_N;Overige waterflora-kwaliteit ;6550-EAG-2;PNijrode,Kstsportveld;0.3145;handelingsperspectief_score2008-2014;0.04;
NL11_OvWa_6550-EAG-2_Polder_N;Overige waterflora-kwaliteit ;6550-EAG-2;PNijrode,Kstsportveld;0.314;handelingsperspectief_score2008-2014;0.04;
OvWa_6550-EAG-3_Polder_N;Overige waterflora-kwaliteit ;6550-EAG-3;PNijrode,Stdlk;0.295666667;handelingsperspectief_score2008-2014;0.04;
NL11_OvWa_6550-EAG-3_Polder_N;Overige waterflora-kwaliteit ;6550-EAG-3;PNijrode,Stdlk;0.29625;handelingsperspectief_score2008-2014;0.04;
OvWa_6570-EAG-1_Polder_B;Overige waterflora-kwaliteit ;6570-EAG-1;PBroeckland;;;;
NL11_OvWa_6570-EAG-1_Polder_B;Overige waterflora-kwaliteit ;6570-EAG-1;PBroeckland;;;;
NL11_OvWa_6590-EAG-1_Rijnkade;Overige waterflora-kwaliteit ;6590_EAG-1;;;;;
OvWa_6590-EAG-1_Rijnkade;Overige waterflora-kwaliteit ;6590-EAG-1;Rijnkade,Rijnkade;;;;
OvWa_7010-EAG-1_De_Goois;Overige waterflora-kwaliteit ;7010-EAG-1;GZK;0.4205;handelingsperspectief_score2008-2014;0.075;
NL11_OvWa_7010-EAG-1_De_Goois;Overige waterflora-kwaliteit ;7010-EAG-1;GZK;0.421137931;handelingsperspectief_score2008-2014;0.075;
OvWa_7010-EAG-2_De_Goois;Overige waterflora-kwaliteit ;7010-EAG-2;BlaricummerMnt;0.435;handelingsperspectief_score2008-2014;0.075;
NL11_OvWa_7010-EAG-2_De_Goois;Overige waterflora-kwaliteit ;7010-EAG-2;BlaricummerMnt;0.435;handelingsperspectief_score2008-2014;0.075;
OvWa_7020-EAG-1_Huizen_Huizen;Overige waterflora-kwaliteit ;7020-EAG-1;Bijvanck4Kwadrant;;;;
NL11_OvWa_7020-EAG-1_Huizen_Huizen;Overige waterflora-kwaliteit ;7020-EAG-1;Bijvanck4Kwadrant;;;;
NL11_7030_Buitendi;Overige waterflora-kwaliteit ;7030_Buite;AtekP;;;;
NL11_OvWa_7030_Buitendi;Overige waterflora-kwaliteit ;7030-EAG-1;;;;;
OvWa_7040-EAG-1_Eiland_Z;Overige waterflora-kwaliteit ;7040-EAG-1;EilandZeeburg;;;;
NL11_OvWa_7040-EAG-1_Eiland_Z;Overige waterflora-kwaliteit ;7040-EAG-1;EilandZeeburg;;;;
OvWa_7050-EAG-1_Haveneil;Overige waterflora-kwaliteit ;7050-EAG-1;Haveneiland;;;;
NL11_OvWa_7050-EAG-1_Haveneil;Overige waterflora-kwaliteit ;7050-EAG-1;Haveneiland;;;;
OvWa_7060-EAG-1_Steigere;Overige waterflora-kwaliteit ;7060-EAG-1;Steigereiland;;;;
NL11_OvWa_7060-EAG-1_Steigere;Overige waterflora-kwaliteit ;7060-EAG-1;Steigereiland;;;;
NL11_7100-EAG-1_Huizen_Huizen;Overige waterflora-kwaliteit ;7100-EAG-1;;;;;
NL11_OvWa_7100-EAG-1_Huizen_Huizen;Overige waterflora-kwaliteit ;7100-EAG-1;;;;;
OvWa_7100-EAG-1_Huizen_Huizen;Overige waterflora-kwaliteit ;7100-EAG-1;;;;;
NL11_7100-EAG-2_Huizen_Huizen;Overige waterflora-kwaliteit ;7100-EAG-2;;;;;
NL11_OvWa_7100-EAG-2_Huizen_Huizen;Overige waterflora-kwaliteit ;7100-EAG-2;;;;;
OvWa_7100-EAG-2_Huizen_Huizen;Overige waterflora-kwaliteit ;7100-EAG-2;;;;;
OvWa_8010-EAG-1_De_Lange;Overige waterflora-kwaliteit ;8010-EAG-1;DBrett,NtrGeb;0.173;handelingsperspectief_score2008-2014;0.045;
NL11_OvWa_8010-EAG-1_De_Lange;Overige waterflora-kwaliteit ;8010-EAG-1;DBrett,NtrGeb;0.17225;handelingsperspectief_score2008-2014;0.045;
OvWa_8010-EAG-2_De_Lange;Overige waterflora-kwaliteit ;8010-EAG-2;DBrett,P;0.446;handelingsperspectief_score2008-2014;0.045;
NL11_OvWa_8010-EAG-2_De_Lange;Overige waterflora-kwaliteit ;8010-EAG-2;DBrett,P;0.446;handelingsperspectief_score2008-2014;0.045;
OvWa_8020-EAG-1_Overbrak;Overige waterflora-kwaliteit ;8020-EAG-1;OvbrkrBinPVlktn;0.1359;handelingsperspectief_score2008-2014;0.05;
NL11_OvWa_8020-EAG-1_Overbrak;Overige waterflora-kwaliteit ;8020-EAG-1;OvbrkrBinPVlktn;0.136;handelingsperspectief_score2008-2014;0.05;
OvWa_8020-EAG-2_Overbrak;Overige waterflora-kwaliteit ;8020-EAG-2;OvbrkrBinPNO;0.231;handelingsperspectief_score2015-2017;0.05;
NL11_OvWa_8020-EAG-2_Overbrak;Overige waterflora-kwaliteit ;8020-EAG-2;OvbrkrBinPNO;0.231;handelingsperspectief_score2015-2017;0.05;
OvWa_8030-EAG-1_Osdorper;Overige waterflora-kwaliteit ;8030-EAG-1;OSBinPvnweide;0.384;handelingsperspectief_score2008-2014;0.18;
NL11_OvWa_8030-EAG-1_Osdorper;Overige waterflora-kwaliteit ;8030-EAG-1;OSBinPvnweide;0.372166667;handelingsperspectief_score2008-2014;0.18;
OvWa_8030-EAG-2_Osdorper;Overige waterflora-kwaliteit ;8030-EAG-2;OSBinPGeuzveld;0.399;handelingsperspectief_score2008-2014;0.18;
NL11_OvWa_8030-EAG-2_Osdorper;Overige waterflora-kwaliteit ;8030-EAG-2;OSBinPGeuzveld;0.399;handelingsperspectief_score2008-2014;0.18;
OvWa_8030-EAG-3_Osdorper;Overige waterflora-kwaliteit ;8030-EAG-3;OSBinPDeKluut2;0.238;handelingsperspectief_score2008-2014;0.18;
NL11_OvWa_8030-EAG-3_Osdorper;Overige waterflora-kwaliteit ;8030-EAG-3;OSBinPDeKluut2;0.238;handelingsperspectief_score2008-2014;0.18;
OvWa_8030-EAG-4_Osdorper;Overige waterflora-kwaliteit ;8030-EAG-4;OSBinPVTPTigeno;0.27825;handelingsperspectief_score2008-2014;0.18;
NL11_OvWa_8030-EAG-4_Osdorper;Overige waterflora-kwaliteit ;8030-EAG-4;OSBinPVTPTigeno;0.268333333;handelingsperspectief_score2008-2014;0.18;
OvWa_8030-EAG-5_Osdorper;Overige waterflora-kwaliteit ;8030-EAG-5;OSBinPP;0.347;handelingsperspectief_score2008-2014;0.18;
NL11_OvWa_8030-EAG-5_Osdorper;Overige waterflora-kwaliteit ;8030-EAG-5;OSBinPP;0.343333333;handelingsperspectief_score2008-2014;0.18;
OvWa_8030-EAG-6_Osdorper;Overige waterflora-kwaliteit ;8030-EAG-6;OSBinPTSchreurwg;0.2855;handelingsperspectief_score2008-2014;0.18;
NL11_OvWa_8030-EAG-6_Osdorper;Overige waterflora-kwaliteit ;8030-EAG-6;OSBinPTSchreurwg;0.2855;handelingsperspectief_score2008-2014;0.18;
OvWa_8040-EAG-1_Osdorper;Overige waterflora-kwaliteit ;8040-EAG-1;OsdorperbvnP;0.2985;handelingsperspectief_score2008-2014;0;
NL11_OvWa_8040-EAG-1_Osdorper;Overige waterflora-kwaliteit ;8040-EAG-1;OsdorperbvnP;0.298875;handelingsperspectief_score2008-2014;0;
OvWa_8040-EAG-2_Osdorper;Overige waterflora-kwaliteit ;8040-EAG-2;OsdorperbvnP,bvnsloot;0.34;handelingsperspectief_score2008-2014;0;
NL11_OvWa_8040-EAG-2_Osdorper;Overige waterflora-kwaliteit ;8040-EAG-2;OsdorperbvnP,bvnsloot;0.34;handelingsperspectief_score2008-2014;0;
OvWa_8050-EAG-1_Lutkemee;Overige waterflora-kwaliteit ;8050-EAG-1;Bisschopsmuts;0.329;handelingsperspectief_score2008-2014;0.12;
NL11_OvWa_8050-EAG-1_Lutkemee;Overige waterflora-kwaliteit ;8050-EAG-1;Bisschopsmuts;0.329;handelingsperspectief_score2008-2014;0.12;
OvWa_8050-EAG-2_Lutkemee;Overige waterflora-kwaliteit ;8050-EAG-2;LutkemeerP,P;0.2775;handelingsperspectief_score2008-2014;0.12;
NL11_OvWa_8050-EAG-2_Lutkemee;Overige waterflora-kwaliteit ;8050-EAG-2;LutkemeerP,P;0.277583333;handelingsperspectief_score2008-2014;0.12;
OvWa_8050-EAG-3_Lutkemee;Overige waterflora-kwaliteit ;8050-EAG-3;LutkemeerP,NtrGeb;0.48;handelingsperspectief_score2015-2017;0.12;
NL11_OvWa_8050-EAG-3_Lutkemee;Overige waterflora-kwaliteit ;8050-EAG-3;LutkemeerP,NtrGeb;0.4795;handelingsperspectief_score2015-2017;0.12;
OvWa_8060-EAG-1_Middelve;Overige waterflora-kwaliteit ;8060-EAG-1;MAP,P;0.379;handelingsperspectief_score2008-2014;0.05;
NL11_OvWa_8060-EAG-1_Middelve;Overige waterflora-kwaliteit ;8060-EAG-1;MAP,P;0.3785;handelingsperspectief_score2008-2014;0.05;
NL11_Sloterplas;Fytoplankton-kwaliteit  ;8070-EAG-1;Sloterplas;0.6;KRW_2016;;
NL11_Sloterplas;Macrofauna-kwaliteit ;8070-EAG-1;Sloterplas;0.5;KRW_2016;;
NL11_Sloterplas;Overige waterflora-kwaliteit ;8070-EAG-1;Sloterplas;0.536667;KRW_2016;;
NL11_Sloterplas;Vis-kwaliteit ;8070-EAG-1;Sloterplas;0.510838718;KRW_2016;;
OvWa_8070-EAG-2_Sloterbi;Overige waterflora-kwaliteit ;8070-EAG-2;GecombineerdePs;0.219;handelingsperspectief_score2008-2014;0.03;
NL11_OvWa_8070-EAG-2_Sloterbi;Overige waterflora-kwaliteit ;8070-EAG-2;GecombineerdePs;0.218785714;handelingsperspectief_score2008-2014;0.03;
NL11_OvWa_8070-EAG-3_Sloterbi;Overige waterflora-kwaliteit ;8070-EAG-3;;;;;
OvWa_8070-EAG-3_Sloterbi;Overige waterflora-kwaliteit ;8070-EAG-3;;;;;
OvWa_8080-EAG-1_Riekerpo;Overige waterflora-kwaliteit ;8080-EAG-1;RiekerP,Wielerbaan;0.217;handelingsperspectief_score2008-2014;0.07;
NL11_OvWa_8080-EAG-1_Riekerpo;Overige waterflora-kwaliteit ;8080-EAG-1;RiekerP,Wielerbaan;0.217;handelingsperspectief_score2008-2014;0.07;
OvWa_8080-EAG-2_Riekerpo;Overige waterflora-kwaliteit ;8080-EAG-2;RiekerP,P;0.222;handelingsperspectief_score2008-2014;0.07;
NL11_OvWa_8080-EAG-2_Riekerpo;Overige waterflora-kwaliteit ;8080-EAG-2;RiekerP,P;0.221666667;handelingsperspectief_score2008-2014;0.07;
OvWa_8090-EAG-1_Nieuw-Sl;Overige waterflora-kwaliteit ;8090-EAG-1;NWSNieuw-Slot;0.468;handelingsperspectief_score2008-2014;0.05;
NL11_OvWa_8090-EAG-1_Nieuw-Sl;Overige waterflora-kwaliteit ;8090-EAG-1;NWSNieuw-Slot;0.468;handelingsperspectief_score2008-2014;0.05;
OvWa_8090-EAG-2_Nieuw-Sl;Overige waterflora-kwaliteit ;8090-EAG-2;NWSPlesmanstrook;0.367;handelingsperspectief_score2008-2014;0.05;
NL11_OvWa_8090-EAG-2_Nieuw-Sl;Overige waterflora-kwaliteit ;8090-EAG-2;NWSPlesmanstrook;0.3665;handelingsperspectief_score2008-2014;0.05;
OvWa_8110-EAG-1_Begraafp;Overige waterflora-kwaliteit ;8110-EAG-1;BGpltsVredhof;;;;
NL11_OvWa_8110-EAG-1_Begraafp;Overige waterflora-kwaliteit ;8110-EAG-1;BGpltsVredhof;;;;
OvWa_9010-EAG-1_Buikslot;Overige waterflora-kwaliteit ;9010-EAG-1;Buiksloterdijk,Buiksloterdijk;;;;
NL11_OvWa_9010-EAG-1_Buikslot;Overige waterflora-kwaliteit ;9010-EAG-1;Buiksloterdijk,Buiksloterdijk;;;;
OvWa_9020-EAG-1_Florapar;Overige waterflora-kwaliteit ;9020-EAG-1;FloraprkN;;;;
NL11_OvWa_9020-EAG-1_Florapar;Overige waterflora-kwaliteit ;9020-EAG-1;FloraprkN;;;;
OvWa_9030-EAG-1_Florapar;Overige waterflora-kwaliteit ;9030-EAG-1;FloraprkZ;;;;
NL11_OvWa_9030-EAG-1_Florapar;Overige waterflora-kwaliteit ;9030-EAG-1;FloraprkZ;;;;
OvWa_9040-EAG-1_Buikslot;Overige waterflora-kwaliteit ;9040-EAG-1;Buiksloterwg;;;;
NL11_OvWa_9040-EAG-1_Buikslot;Overige waterflora-kwaliteit ;9040-EAG-1;Buiksloterwg;;;;
Amstellandboezem;Fytoplankton-kwaliteit  ;NL11_1_1;;0.6;KRW_2016;;0.649225422
Amstellandboezem;Macrofauna-kwaliteit ;NL11_1_1;;0.6;KRW_2016;;0.473792503
Amstellandboezem;Overige waterflora-kwaliteit ;NL11_1_1;;0.6;KRW_2016;;0.547056865
Amstellandboezem;Vis-kwaliteit ;NL11_1_1;;0.6;KRW_2016;;0.799745019
Vecht;Fytoplankton-kwaliteit  ;NL11_1_2;;0.6;KRW_2016;;0.734263318
Vecht;Macrofauna-kwaliteit ;NL11_1_2;;0.6;KRW_2016;;0.649438364
Vecht;Overige waterflora-kwaliteit ;NL11_1_2;;0.6;KRW_2016;;0.460566839
Vecht;Vis-kwaliteit ;NL11_1_2;;0.6;KRW_2016;;0.807574443
VaartenAmsterdam;Fytoplankton-kwaliteit  ;NL11_2_1;;0.6;KRW_2016;;0.699839908
VaartenAmsterdam;Macrofauna-kwaliteit ;NL11_2_1;;0.6;KRW_2016;;0.287645594
VaartenAmsterdam;Overige waterflora-kwaliteit ;NL11_2_1;;0.6;KRW_2016;;0.167475227
VaartenAmsterdam;Vis-kwaliteit ;NL11_2_1;;0.6;KRW_2016;;0.313442795
VaartenVechtstreek;Fytoplankton-kwaliteit  ;NL11_2_2;;0.6;KRW_2016;;0.567107779
VaartenVechtstreek;Macrofauna-kwaliteit ;NL11_2_2;;0.6;KRW_2016;;0.710274583
VaartenVechtstreek;Overige waterflora-kwaliteit ;NL11_2_2;;0.6;KRW_2016;;0.582465137
VaartenVechtstreek;Vis-kwaliteit ;NL11_2_2;;0.6;KRW_2016;;0.792152711
NL11_VaartenRondeHoep;Overige waterflora-kwaliteit ;2400-EAG-7;;0.6;KRW_2016;;
NL11_VaartenRondeHoep;Vis-kwaliteit ;2400-EAG-7;;0.6;KRW_2016;;
NL11_VaartenRondeVenen;Fytoplankton-kwaliteit  ;2501-EAG-3;;0.6;KRW_2016;;
NL11_VaartenRondeVenen;Macrofauna-kwaliteit ;2501-EAG-3;;0.6;KRW_2016;;
VaartenZevenhoven;Fytoplankton-kwaliteit  ;NL11_2_4;;0.6;KRW_2016;;0.389403914
VaartenZevenhoven;Macrofauna-kwaliteit ;NL11_2_4;;0.6;KRW_2016;;0.350236303
VaartenZevenhoven;Overige waterflora-kwaliteit ;NL11_2_4;;0.6;KRW_2016;;0.290172901
VaartenZevenhoven;Vis-kwaliteit ;NL11_2_4;;0.6;KRW_2016;;1
NL11_VaartenRondeVenen;Overige waterflora-kwaliteit ;2501-EAG-3;;0.6;KRW_2016;;
NL11_VaartenRondeVenen;Fytoplankton-kwaliteit  ;2510-EAG-4;;0.6;KRW_2016;;
NL11_VaartenRondeVenen;Macrofauna-kwaliteit ;2510-EAG-4;;0.6;KRW_2016;;
NL11_VaartenRondeVenen;Overige waterflora-kwaliteit ;2510-EAG-4;;0.6;KRW_2016;;
VaartenWesteramstel;Fytoplankton-kwaliteit  ;NL11_2_6;;0.6;KRW_2016;;0.324
VaartenWesteramstel;Macrofauna-kwaliteit ;NL11_2_6;;0.6;KRW_2016;;0.275786447
VaartenWesteramstel;Overige waterflora-kwaliteit ;NL11_2_6;;0.6;KRW_2016;;0.309893123
VaartenWesteramstel;Vis-kwaliteit ;NL11_2_6;;0.6;KRW_2016;;0.698333898
VaartenGrootMijdrec;Fytoplankton-kwaliteit  ;NL11_2_7;;0.6;KRW_2016;;0.642610045
VaartenGrootMijdrec;Macrofauna-kwaliteit ;NL11_2_7;;0.6;KRW_2016;;0.212297326
VaartenGrootMijdrec;Overige waterflora-kwaliteit ;NL11_2_7;;0.6;KRW_2016;;0.167603643
VaartenGrootMijdrec;Vis-kwaliteit ;NL11_2_7;;0.493333333;KRW_2016;;0.455567358
Sloterplas;Fytoplankton-kwaliteit  ;NL11_3_1;;0.6;KRW_2016;;0.627431086
Sloterplas;Macrofauna-kwaliteit ;NL11_3_1;;0.5;KRW_2016;;0.555448177
Sloterplas;Overige waterflora-kwaliteit ;NL11_3_1;;0.536667;KRW_2016;;0.501487823
Sloterplas;Vis-kwaliteit ;NL11_3_1;;0.510838718;KRW_2016;;1
Gaasperplas;Fytoplankton-kwaliteit  ;NL11_3_2;;0.6;KRW_2016;;0.638
Gaasperplas;Macrofauna-kwaliteit ;NL11_3_2;;0.5;KRW_2016;;0.484333333
Gaasperplas;Overige waterflora-kwaliteit ;NL11_3_2;;0.534167;KRW_2016;;0.421666667
Gaasperplas;Vis-kwaliteit ;NL11_3_2;;0.6;KRW_2016;;0.7075
Ouderkerkerplas;Fytoplankton-kwaliteit  ;NL11_3_3;;0.6;KRW_2016;;0.431860643
Ouderkerkerplas;Macrofauna-kwaliteit ;NL11_3_3;;0.5;KRW_2016;;0.408366499
Ouderkerkerplas;Overige waterflora-kwaliteit ;NL11_3_3;;0.504167;KRW_2016;;0.265726843
Ouderkerkerplas;Vis-kwaliteit ;NL11_3_3;;0.510083311;KRW_2016;;0.448160029
Vinkeveenseplassen;Fytoplankton-kwaliteit  ;NL11_3_4;;0.6;KRW_2016;;0.640865897
Vinkeveenseplassen;Macrofauna-kwaliteit ;NL11_3_4;;0.521536299;KRW_2016;;0.573411938
Vinkeveenseplassen;Overige waterflora-kwaliteit ;NL11_3_4;;0.54;KRW_2016;;0.487643573
Vinkeveenseplassen;Vis-kwaliteit ;NL11_3_4;;0.500656395;KRW_2016;;0.629746645
Spiegelplas;Fytoplankton-kwaliteit  ;NL11_3_6;;0.6;KRW_2016;;0.902298471
Spiegelplas;Macrofauna-kwaliteit ;NL11_3_6;;0.6;KRW_2016;;0.581247405
Spiegelplas;Overige waterflora-kwaliteit ;NL11_3_6;;0.550833;KRW_2016;;0.446675456
Spiegelplas;Vis-kwaliteit ;NL11_3_6;;0.6;KRW_2016;;0.842272793
WijdeBlik;Fytoplankton-kwaliteit  ;NL11_3_7;;0.6;KRW_2016;;0.847043153
WijdeBlik;Macrofauna-kwaliteit ;NL11_3_7;;0.5;KRW_2016;;0.654571964
WijdeBlik;Overige waterflora-kwaliteit ;NL11_3_7;;0.535833;KRW_2016;;0.583631838
WijdeBlik;Vis-kwaliteit ;NL11_3_7;;0.511710611;KRW_2016;;0.712787435
GroteMaarsseveensep;Fytoplankton-kwaliteit  ;NL11_3_8;;0.6;KRW_2016;;0.899666667
GroteMaarsseveensep;Macrofauna-kwaliteit ;NL11_3_8;;0.532;KRW_2016;;0.621
GroteMaarsseveensep;Overige waterflora-kwaliteit ;NL11_3_8;;0.535;KRW_2016;;0.532666667
GroteMaarsseveensep;Vis-kwaliteit ;NL11_3_8;;0.6;KRW_2016;;0.674333333
Waterleidingplas;Fytoplankton-kwaliteit  ;NL11_3_9;;0.6;KRW_2016;;0.624333333
Waterleidingplas;Macrofauna-kwaliteit ;NL11_3_9;;0.5;KRW_2016;;0.607333333
Waterleidingplas;Overige waterflora-kwaliteit ;NL11_3_9;;0.53;KRW_2016;;0.524
Waterleidingplas;Vis-kwaliteit ;NL11_3_9;;0.55631202;KRW_2016;;0.526
Naardermeer;Fytoplankton-kwaliteit  ;NL11_4_1;;0.6;KRW_2016;;0.635336006
Naardermeer;Macrofauna-kwaliteit ;NL11_4_1;;0.6;KRW_2016;;0.68955054
Naardermeer;Overige waterflora-kwaliteit ;NL11_4_1;;0.6;KRW_2016;;0.615751799
Naardermeer;Vis-kwaliteit ;NL11_4_1;;0.6;KRW_2016;;0.457573822
Loosdrechtseplassen;Fytoplankton-kwaliteit  ;NL11_5_1;;0.6;KRW_2016;;0.503260748
Loosdrechtseplassen;Macrofauna-kwaliteit ;NL11_5_1;;0.587786651;KRW_2016;;0.643319503
Loosdrechtseplassen;Overige waterflora-kwaliteit ;NL11_5_1;;0.550833;KRW_2016;;0.503152364
Loosdrechtseplassen;Vis-kwaliteit ;NL11_5_1;;0.548371965;KRW_2016;;0.552275968
Loenderveenoost;Fytoplankton-kwaliteit  ;NL11_5_3;;0.6;KRW_2016;;0.695
Loenderveenoost;Macrofauna-kwaliteit ;NL11_5_3;;0.5;KRW_2016;;0.562701148
Loenderveenoost;Overige waterflora-kwaliteit ;NL11_5_3;;0.505833;KRW_2016;;0.366123281
Loenderveenoost;Vis-kwaliteit ;NL11_5_3;;0.586115674;KRW_2016;;0.659096516
TerraNova;Fytoplankton-kwaliteit  ;NL11_5_4;;0.6;KRW_2016;;0.522174674
TerraNova;Macrofauna-kwaliteit ;NL11_5_4;;0.5;KRW_2016;;0.470290041
TerraNova;Overige waterflora-kwaliteit ;NL11_5_4;;0.550833;KRW_2016;;0.25710849
TerraNova;Vis-kwaliteit ;NL11_5_4;;0.415942698;KRW_2016;;0.55502405
Sterenzodden;Fytoplankton-kwaliteit  ;NL11_6_1;;0.6;KRW_2016;;0.536781894
Sterenzodden;Macrofauna-kwaliteit ;NL11_6_1;;0.6;KRW_2016;;0.622471295
Sterenzodden;Overige waterflora-kwaliteit ;NL11_6_1;;0.550833;KRW_2016;;0.448570402
Sterenzodden;Vis-kwaliteit ;NL11_6_1;;0.6;KRW_2016;;0.762459068
HollandsAnkeveen;Fytoplankton-kwaliteit  ;NL11_6_2;;0.6;KRW_2016;;0.654165294
HollandsAnkeveen;Macrofauna-kwaliteit ;NL11_6_2;;0.6;KRW_2016;;0.564930282
HollandsAnkeveen;Overige waterflora-kwaliteit ;NL11_6_2;;0.550833;KRW_2016;;0.382276904
HollandsAnkeveen;Vis-kwaliteit ;NL11_6_2;;0.6;KRW_2016;;0.647252057
StichtsAnkeveen;Fytoplankton-kwaliteit  ;NL11_6_3;;0.6;KRW_2016;;0.756282736
StichtsAnkeveen;Macrofauna-kwaliteit ;NL11_6_3;;0.6;KRW_2016;;0.652622157
StichtsAnkeveen;Overige waterflora-kwaliteit ;NL11_6_3;;0.550833;KRW_2016;;0.432685827
StichtsAnkeveen;Vis-kwaliteit ;NL11_6_3;;0.6;KRW_2016;;0.640817084
Kortenhoefseplassen;Fytoplankton-kwaliteit  ;NL11_6_4;;0.6;KRW_2016;;0.671808892
Kortenhoefseplassen;Macrofauna-kwaliteit ;NL11_6_4;;0.6;KRW_2016;;0.569347772
Kortenhoefseplassen;Overige waterflora-kwaliteit ;NL11_6_4;;0.550833;KRW_2016;;0.350018291
Kortenhoefseplassen;Vis-kwaliteit ;NL11_6_4;;0.6;KRW_2016;;0.554155756
MolenpolderTienhove;Fytoplankton-kwaliteit  ;NL11_6_5;;0.6;KRW_2016;;0.692333333
MolenpolderTienhove;Macrofauna-kwaliteit ;NL11_6_5;;0.6;KRW_2016;;0.634181045
MolenpolderTienhove;Overige waterflora-kwaliteit ;NL11_6_5;;0.5425;KRW_2016;;0.369097344
MolenpolderTienhove;Vis-kwaliteit ;NL11_6_5;;0.6;KRW_2016;;0.810337775
Botshol;Fytoplankton-kwaliteit  ;NL11_7_1;;0.6;KRW_2016;;0.632223584
Botshol;Macrofauna-kwaliteit ;NL11_7_1;;0.5;KRW_2016;;0.560292974
Botshol;Overige waterflora-kwaliteit ;NL11_7_1;;0.55833;KRW_2016;;0.320484128
Botshol;Vis-kwaliteit ;NL11_7_1;;0.5;KRW_2016;;0.65136627
NoorderIJplas;Fytoplankton-kwaliteit  ;NL11_7_2;;0.6;KRW_2016;;0.841113349
NoorderIJplas;Macrofauna-kwaliteit ;NL11_7_2;;0.5;KRW_2016;;0.552484827
NoorderIJplas;Overige waterflora-kwaliteit ;NL11_7_2;;0.500833;KRW_2016;;0.494052589
NoorderIJplas;Vis-kwaliteit ;NL11_7_2;;0.5;KRW_2016;;0.519847468
Tussenboezema;Fytoplankton-kwaliteit  ;NL11_8_1;;0.6;KRW_2016;;0.448
Tussenboezema;Macrofauna-kwaliteit ;NL11_8_1;;0.6;KRW_2016;;0.39531764
Tussenboezema;Overige waterflora-kwaliteit ;NL11_8_1;;0.6;KRW_2016;;0.451279215
Tussenboezema;Vis-kwaliteit ;NL11_8_1;;0.6;KRW_2016;;0.600096437
Tussenboezemb;Fytoplankton-kwaliteit  ;NL11_8_2;;0.6;KRW_2016;;0.207304764
Tussenboezemb;Macrofauna-kwaliteit ;NL11_8_2;;0.6;KRW_2016;;0.443564807
Tussenboezemb;Overige waterflora-kwaliteit ;NL11_8_2;;0.6;KRW_2016;;0.457374264
Tussenboezemb;Vis-kwaliteit ;NL11_8_2;;0.546666667;KRW_2016;;0.579420145
NL11_Vecht;Vis-kwaliteit ;;;0.6;KRW_2016;;
NL11_VaartenVechtstreek;Vis-kwaliteit ;;;0.6;KRW_2016;;
NL11_VaartenVechtstreek;Vis-kwaliteit ;;;0.6;KRW_2016;;
NL11_VaartenRondeVenen;Vis-kwaliteit ;2501-EAG-3;;0.6;KRW_2016;;
NL11_VaartenZevenhoven;Vis-kwaliteit ;;;0.6;KRW_2016;;
NL11_VaartenRondeVenen;Vis-kwaliteit ;2510-EAG-4;;0.6;KRW_2016;;
NL11_VaartenWesteramstel;Vis-kwaliteit ;;;0.6;KRW_2016;;
NL11_VaartenWesteramstel;Vis-kwaliteit ;;;0.6;KRW_2016;;
NL11_VaartenWesteramstel;Vis-kwaliteit ;;;0.6;KRW_2016;;
NL11_VaartenGrootMijdrec;Vis-kwaliteit ;;;0.493333333;KRW_2016;;
NL11_Loosdrechtseplassen;Vis-kwaliteit ;;;0.548371965;KRW_2016;;
NL11_Loenderveenoost;Vis-kwaliteit ;;;0.586115674;KRW_2016;;
NL11_TerraNova;Vis-kwaliteit ;;;0.415942698;KRW_2016;;
NL11_Sterenzodden;Vis-kwaliteit ;;;0.6;KRW_2016;;
NL11_HollandsAnkeveen;Vis-kwaliteit ;;;0.6;KRW_2016;;
NL11_MolenpolderTienhove;Vis-kwaliteit ;;;0.6;KRW_2016;;
NL11_Tussenboezema;Vis-kwaliteit ;;;0.6;KRW_2016;;
VaartenRondeHoep;Fytoplankton-kwaliteit  ;NL11_2_5;;0.6;KRW_2016;;0.39565266
VaartenRondeHoep;Macrofauna-kwaliteit ;NL11_2_5;;0.6;KRW_2016;;0.426503256
VaartenRondeHoep;Overige waterflora-kwaliteit ;NL11_2_5;;0.6;KRW_2016;;0.24890399
VaartenRondeHoep;Vis-kwaliteit ;NL11_2_5;;0.6;KRW_2016;;0.914910071
VaartenRondeVenen;Fytoplankton-kwaliteit  ;NL11_2_3;;0.6;KRW_2016;;0.516034188
VaartenRondeVenen;Macrofauna-kwaliteit ;NL11_2_3;;0.6;KRW_2016;;0.315318485
VaartenRondeVenen;Overige waterflora-kwaliteit ;NL11_2_3;;0.6;KRW_2016;;0.317115299
VaartenRondeVenen;Vis-kwaliteit ;NL11_2_3;;0.6;KRW_2016;;0.767563292
NL11_VaartenRondeVenen;Fytoplankton-kwaliteit  ;2510-EAG-5;;0.6;KRW_2016;;
NL11_VaartenRondeVenen;Macrofauna-kwaliteit ;2510-EAG-5;;0.6;KRW_2016;;
NL11_VaartenRondeVenen;Overige waterflora-kwaliteit ;2510-EAG-5;;0.6;KRW_2016;;
NL11_VaartenRondeVenen;Vis-kwaliteit ;2510-EAG-5;;0.6;KRW_2016;;
