gebied;gebiednaam;gebiednaamkort;toetsgebied;KRWWaterlichaamcode;KRWmonitoringslocatie;KRWWatertypeToetsing;KRWWatertypeWBP;KRWWatertypeVoorstel;KRWWatertypeAlternatiefA;KRWWatertypeAlternatiefB;Opmerking1;Opmerking2;OppervlakLandWater;OmtrekWater;OppervlakWater;OppmerkingOpp
3???;NVT;NVT;NVT;NVT;NVT;;;;;;;KRWWaterTypes en Opmerking1 overgenomen uit 2016;178544;5234;7453;
5000;NVT;NVT;NVT;NVT;NVT;nvt;nvt;nvt;nvt;nvt;nvt;niet meenemen in toetsing;74820612;82790;472601;
8000;NVT;NVT;NVT;NVT;NVT;M6b;;M6b;;;;niet meenemen in toetsing;;21207;220804;
9999_3;NVT;NVT;NVT;NVT;NVT;nvt;nvt;nvt;nvt;nvt;nvt;niet meenemen in toetsing;461228;67;63;
9999_3-EAG-1;NVT;NVT;NVT;NVT;NVT;nvt;nvt;nvt;nvt;nvt;nvt;niet meenemen in toetsing;461228;67;63;
9999_4;NVT;NVT;NVT;NVT;NVT;nvt;nvt;nvt;nvt;nvt;nvt;niet meenemen in toetsing;35885;1188;7765;
9999_4-EAG-1;NVT;NVT;NVT;NVT;NVT;nvt;nvt;nvt;nvt;nvt;nvt;niet meenemen in toetsing;35885;1188;7765;
9999-2;NVT;NVT;NVT;NVT;NVT;nvt;nvt;nvt;nvt;nvt;nvt;KRWWaterTypes en Opmerking1 overgenomen uit 2016;203805;16;0;
3230-EAG-2;Polder Kortenhoef, Wijde Blik;Polder K;NL11_WijdeBlik;NL11_3_7;NL11_WijdeBlik;M20;M20;M20;;;;KRWWaterTypes en Opmerking1 overgenomen uit 2016;4015115;54234;2930739;
3310-EAG-2;Loenderveen (GWA), Waterleidingplas;Loenderv;NL11_Waterleidingplas;NL11_3_9;NL11_Waterleidingplas;M20;M20;M20;;;;KRWWaterTypes en Opmerking1 overgenomen uit 2016;1336314;7459;1239669;
2500-EAG-4;Polder Groot Wilnis Vinkeveen, Zuidplas;Polder G;NL11_Vinkeveenseplassen;NL11_3_4;NL11_Vinkeveenseplassen;M20;M20;M20;;;;KRWWaterTypes en Opmerking1 overgenomen uit 2016;3733467;49452;3230141;
2500-EAG-5;Polder Groot Wilnis Vinkeveen, Noordplas;Polder G;NL11_Vinkeveenseplassen;NL11_3_4;NL11_Vinkeveenseplassen;M20;M20;M20;;;;KRWWaterTypes en Opmerking1 overgenomen uit 2016;8586666;225853;6285070;
2500-EAG-3;Polder Groot Wilnis Vinkeveen, Kleine plas;Polder G;NL11_Vinkeveenseplassen;NL11_3_4;NL11_Vinkeveenseplassen;M20;M20;M20;;;;KRWWaterTypes en Opmerking1 overgenomen uit 2016;841875;21621;614342;
3000-EAG-1;Vechtboezem, Vecht;Vechtboe;NL11_Vecht;NL11_1_2;NL11_Vecht;M7b;M7b;M7b;;;;KRWWaterTypes en Opmerking1 overgenomen uit 2016;6636328;179053;3297732;
2600-KRW-1;NVT;NVT;NL11_VaartenZevenhoven;NL11_2_4;NL11_VaartenZevenhoven;M10;M10;M10;;;;KRWWaterTypes en Opmerking1 overgenomen uit 2016;;70783;14755;Overgenomen uit WBP_KRW
2110-KRW-1;NVT;NVT;NL11_VaartenWesteramstel;NL11_2_6;NL11_VaartenWesteramstel;M10;M10;M10;;;;KRWWaterTypes en Opmerking1 overgenomen uit 2016;;15881;3337;Overgenomen uit WBP_KRW
2120-KRW-1;NVT;NVT;NL11_VaartenWesteramstel;NL11_2_6;NL11_VaartenWesteramstel;M10;M10;M10;;;;KRWWaterTypes en Opmerking1 overgenomen uit 2016;;46616;9959;Overgenomen uit WBP_KRW
2130-KRW-1;NVT;NVT;NL11_VaartenWesteramstel;NL11_2_6;NL11_VaartenWesteramstel;M10;M10;M10;;;;KRWWaterTypes en Opmerking1 overgenomen uit 2016;;38719;6494;Overgenomen uit WBP_KRW
4250-KRW-1;NVT;NVT;NL11_VaartenVechtstreek;NL11_2_2;NL11_VaartenVechtstreek;M6a;M6a;M6a;;;;KRWWaterTypes en Opmerking1 overgenomen uit 2016;;100092;16297;Overgenomen uit WBP_KRW
4000-EAG-8;'s-Gravelandsche vaartboezem, Zanderijvaarten;'s-Grave;NL11_VaartenVechtstreek;NL11_2_2;NL11_VaartenVechtstreek;M6a;M6a;M6a;;;;KRWWaterTypes en Opmerking1 overgenomen uit 2016;2591428;43406;183703;
4000-EAG-6;'s-Gravelandsche vaartboezem, Vesting Naarden;'s-Grave;NL11_VaartenVechtstreek;NL11_2_2;NL11_VaartenVechtstreek;M6a;M6a;M6a;;;;KRWWaterTypes en Opmerking1 overgenomen uit 2016;1625306;26829;405337;
4000-EAG-4;'s-Gravelandsche vaartboezem, Naardertrekvaart;'s-Grave;NL11_VaartenVechtstreek;NL11_2_2;NL11_VaartenVechtstreek;M6a;M6a;M6a;;;;KRWWaterTypes en Opmerking1 overgenomen uit 2016;1210257;27142;309929;
4000-EAG-7;'s-Gravelandsche vaartboezem, Naarden-Bussum;'s-Grave;NL11_VaartenVechtstreek;NL11_2_2;NL11_VaartenVechtstreek;M6a;M6a;M6a;;;;KRWWaterTypes en Opmerking1 overgenomen uit 2016;720164;25171;129633;
4000-EAG-3;'s-Gravelandsche vaartboezem, Karnemelksloot;'s-Grave;NL11_VaartenVechtstreek;NL11_2_2;NL11_VaartenVechtstreek;M6a;M6a;M6a;;;;KRWWaterTypes en Opmerking1 overgenomen uit 2016;347097;15029;78555;
4000-EAG-2;'s-Gravelandsche vaartboezem, Cruijsbergen;'s-Grave;NL11_VaartenVechtstreek;NL11_2_2;NL11_VaartenVechtstreek;M6a;M6a;M6a;;;;KRWWaterTypes en Opmerking1 overgenomen uit 2016;441308;7804;39744;
4000-EAG-1;'s-Gravelandsche vaartboezem,  's-Gravelandsche Vaart;'s-Grave;NL11_VaartenVechtstreek;NL11_2_2;NL11_VaartenVechtstreek;M6a;M6a;M6a;;;;KRWWaterTypes en Opmerking1 overgenomen uit 2016;442650;14413;130024;
2501-KRW-1;NVT;NVT;NL11_VaartenRondeVenen;NL11_2_3;NL11_VaartenRondeVenen;M10;M10;M10;;;;KRWWaterTypes en Opmerking1 overgenomen uit 2016;;27067;3748;Overgenomen uit WBP_KRW
2510-KRW-1;NVT;NVT;NL11_VaartenRondeVenen;NL11_2_3;NL11_VaartenRondeVenen;M10;M10;M10;;;;KRWWaterTypes en Opmerking1 overgenomen uit 2016;;116760;15176;Overgenomen uit WBP_KRW
2510-KRW-2;NVT;NVT;NL11_VaartenRondeVenen;NL11_2_3;NL11_VaartenRondeVenen;M10;M10;M10;;;;deze bestaat niet.;;;;deze bestaat niet.
2400-KRW-1;NVT;NVT;NL11_VaartenRondeHoep;NL11_2_5;NL11_VaartenRondeHoep;M10;M10;M10;;;;KRWWaterTypes en Opmerking1 overgenomen uit 2016;;62953;14047;Overgenomen uit WBP_KRW
2540-KRW-1;NVT;NVT;NL11_VaartenGrootMijdrec;NL11_2_7;NL11_VaartenGrootMijdrec;M10;M10;M10;;;;KRWWaterTypes en Opmerking1 overgenomen uit 2016;;83737;11442;Overgenomen uit WBP_KRW
1000-EAG-4;Stadsboezem Amsterdam, Zeeburg;Stadsboe;NL11_VaartenAmsterdam;NL11_2_1;NL11_VaartenAmsterdam;M6b;M6b;M6b;;;;KRWWaterTypes en Opmerking1 overgenomen uit 2016;573188;10033;181332;
1000-EAG-2;Stadsboezem Amsterdam, West;Stadsboe;NL11_VaartenAmsterdam;NL11_2_1;NL11_VaartenAmsterdam;M6b;M6b;M6b;;;;KRWWaterTypes en Opmerking1 overgenomen uit 2016;2281305;16012;254247;
1000-EAG-3;Stadsboezem Amsterdam, stad;Stadsboe;NL11_VaartenAmsterdam;NL11_2_1;NL11_VaartenAmsterdam;M6b;M6b;M6b;;;;KRWWaterTypes en Opmerking1 overgenomen uit 2016;374119;6324;81540;
1000-EAG-1;Stadsboezem Amsterdam, Oost;Stadsboe;NL11_VaartenAmsterdam;NL11_2_1;NL11_VaartenAmsterdam;M6b;M6b;M6b;;;;KRWWaterTypes en Opmerking1 overgenomen uit 2016;15751664;143524;1826036;oppervlaktes en omtrek gesommeerd want oppervlak en omtrek kwam in 4 delen uit GIStool
2000-EAG-1;Boezem Amstelland-West, Noord;Boezem A;NL11_VaartenAmsterdam;NL11_2_1;NL11_VaartenAmsterdam;M6b;M6b;M6b;;;;KRWWaterTypes en Opmerking1 overgenomen uit 2016;9107714;50722;918873;
2620-EAG-1;Voordijkschepolder, Voordijkschepolder;Voordijk;NL11_Tussenboezemb;NL11_8_2;NL11_Tussenboezemb;M10;M10;M10;;;;KRWWaterTypes en Opmerking1 overgenomen uit 2016;1676544;77102;349173;
2500-EAG-6;Polder Groot Wilnis Vinkeveen, Mijdrechtse  Bovenlanden;Polder G;NL11_Tussenboezemb;NL11_8_2;NL11_Tussenboezemb;M10;M10;M10;;;;KRWWaterTypes en Opmerking1 overgenomen uit 2016;2924372;123074;527613;
2500-EAG-2;Polder Groot Wilnis Vinkeveen, Reservaat Demmerik;Polder G;NL11_Tussenboezema;NL11_8_1;NL11_Tussenboezema;M10;M10;M10;;;;KRWWaterTypes en Opmerking1 overgenomen uit 2016;2003546;99841;587544;
3320-EAG-1;Loenderveen, Terra Nova landelijk noord;Loenderv;NL11_TerraNova;NL11_5_4;NL11_TerraNova;M27;M27;M27;;;;KRWWaterTypes en Opmerking1 overgenomen uit 2016;267625;11708;96661;
3320-EAG-2;Loenderveen, Terra Nova;Loenderv;NL11_TerraNova;NL11_5_4;NL11_TerraNova;M27;M27;M27;;;;KRWWaterTypes en Opmerking1 overgenomen uit 2016;989952;23894;625061;
3201-EAG-2;Stichtsch Ankeveensche Polder, Ankeveensche Plassen SAP zuid;Stichtsc;NL11_StichtsAnkeveen;NL11_6_3;NL11_StichtsAnkeveen;M27;M27;M27;;;;KRWWaterTypes en Opmerking1 overgenomen uit 2016;543642;24834;277725;
3201-EAG-1;Stichtsch Ankeveensche Polder, Ankeveensche Plassen SAP noord;Stichtsc;NL11_StichtsAnkeveen;NL11_6_3;NL11_StichtsAnkeveen;M27;M27;M27;;;;KRWWaterTypes en Opmerking1 overgenomen uit 2016;2017839;53945;984909;
3300-EAG-10;Muyeveld, Weersloot;Muyeveld;NL11_Sterenzodden;NL11_6_1;NL11_Sterenzodden;M10;M10;M10;;;;KRWWaterTypes en Opmerking1 overgenomen uit 2016;2733129;110043;345003;
3300-EAG-11;Muyeveld, Oostenlijke Drecht;Muyeveld;NL11_Sterenzodden;NL11_6_1;NL11_Sterenzodden;M10;M10;M10;;;;KRWWaterTypes en Opmerking1 overgenomen uit 2016;4516049;170098;596641;
3300-EAG-9;Muyeveld, Kromme Rade;Muyeveld;NL11_Sterenzodden;NL11_6_1;NL11_Sterenzodden;M10;M10;M10;;;;KRWWaterTypes en Opmerking1 overgenomen uit 2016;1677288;51297;313098;
3200-EAG-1;Spiegelpolder, Spiegel- en Blijkpolderplas;Spiegelp;NL11_Spiegelplas;NL11_3_6;NL11_Spiegelplas;M20;M20;M20;;;;KRWWaterTypes en Opmerking1 overgenomen uit 2016;3213821;34769;2554701;
8070-EAG-1;Sloterbinnen en Middelveldsepolder, Sloterplas;Sloterbi;NL11_Sloterplas;NL11_3_1;NL11_Sloterplas;M20;M20;M20;;;;KRWWaterTypes en Opmerking1 overgenomen uit 2016;1462214;9129;899874;
2250-EAG-1;Polder de Nieuwe Bullewijk en Holendrechter- en Bullewijker Polder noord, Ouderkerkerplas;Polder d;NL11_Ouderkerkerplas;NL11_3_3;NL11_Ouderkerkerplas;M20;M20;M20;;;;KRWWaterTypes en Opmerking1 overgenomen uit 2016;922352;11718;729504;
6100-EAG-1;Noorder IJ Polder, Noorder IJplas;Noorder ;NL11_NoorderIJplas;NL11_7_2;NL11_NoorderIJplas;M20;M20;M20;;;;KRWWaterTypes en Opmerking1 overgenomen uit 2016;682303;9103;499823;
3100-EAG-5;Naardermeer, Wijde- of Bovenste Blik;Naarderm;NL11_Naardermeer;NL11_4_1;NL11_Naardermeer;M14;M14;M14;;;;KRWWaterTypes en Opmerking1 overgenomen uit 2016;1199242;13428;326707;
3100-EAG-4;Naardermeer, Veertigmorgen;Naarderm;NL11_Naardermeer;NL11_4_1;NL11_Naardermeer;M14;M14;M14;;;;KRWWaterTypes en Opmerking1 overgenomen uit 2016;1148256;17233;208562;
3100-EAG-10;Naardermeer, Meerlanden;Naarderm;NL11_Naardermeer;NL11_4_1;NL11_Naardermeer;M14;M14;M14;;;;KRWWaterTypes en Opmerking1 overgenomen uit 2016;348969;14505;27169;
3100-EAG-9;Naardermeer, Kwelgebied noord;Naarderm;NL11_Naardermeer;NL11_4_1;NL11_Naardermeer;M14;M14;M14;;;;KRWWaterTypes en Opmerking1 overgenomen uit 2016;123812;5472;17310;
3100-EAG-3;Naardermeer, Groote Meer ZO;Naarderm;NL11_Naardermeer;NL11_4_1;NL11_Naardermeer;M14;M14;M14;;;;KRWWaterTypes en Opmerking1 overgenomen uit 2016;1355738;23425;531200;
3100-EAG-2;Naardermeer, Groote Meer Noord;Naarderm;NL11_Naardermeer;NL11_4_1;NL11_Naardermeer;M14;M14;M14;;;;KRWWaterTypes en Opmerking1 overgenomen uit 2016;1281756;14011;831945;
3100-EAG-1;Naardermeer, Binnezij/Spookgat;Naarderm;NL11_Naardermeer;NL11_4_1;NL11_Naardermeer;M14;M14;M14;;;;KRWWaterTypes en Opmerking1 overgenomen uit 2016;995677;30539;274001;
3360-KRW-1;NVT;NVT;NL11_MolenpolderTienhove;NL11_6_5;NL11_MolenpolderTienhove;M27;M27;M27;;;;KRWWaterTypes en Opmerking1 overgenomen uit 2016;;27004;18152;Overgenomen uit WBP_KRW
3360-EAG-17;Polder Maarsseveen-Westbroek, Westbroekse Zodden;Polder M;NL11_MolenpolderTienhove;NL11_6_5;NL11_MolenpolderTienhove;M27;M27;M27;;;;KRWWaterTypes en Opmerking1 overgenomen uit 2016;2573034;139224;637896;
3360-EAG-14;Polder Maarsseveen-Westbroek, Taartpunt Zodden;Polder M;NL11_MolenpolderTienhove;NL11_6_5;NL11_MolenpolderTienhove;M27;M27;M27;;;;KRWWaterTypes en Opmerking1 overgenomen uit 2016;460203;19377;127561;
3360-EAG-12;Polder Maarsseveen-Westbroek, Nederreinsche Vaart;Polder M;NL11_MolenpolderTienhove;NL11_6_5;NL11_MolenpolderTienhove;M27;M27;M27;;;;KRWWaterTypes en Opmerking1 overgenomen uit 2016;207469;13865;42855;
3360-EAG-16;Polder Maarsseveen-Westbroek, Molenpolder Natuurreservaat;Polder M;NL11_MolenpolderTienhove;NL11_6_5;NL11_MolenpolderTienhove;M27;M27;M27;;;;KRWWaterTypes en Opmerking1 overgenomen uit 2016;1427659;68563;512118;
3360-EAG-10;Polder Maarsseveen-Westbroek, Maarsseveense Zodden;Polder M;NL11_MolenpolderTienhove;NL11_6_5;NL11_MolenpolderTienhove;M27;M27;M27;;;;KRWWaterTypes en Opmerking1 overgenomen uit 2016;526876;20653;325563;
3360-EAG-13;Polder Maarsseveen-Westbroek, Klein Molenpolder;Polder M;NL11_MolenpolderTienhove;NL11_6_5;NL11_MolenpolderTienhove;M27;M27;M27;;;;KRWWaterTypes en Opmerking1 overgenomen uit 2016;299534;13563;131446;
3302-EAG-2;Oostelijke Binnenpolder van Tienhoven, petgaten;Oostelij;NL11_MolenpolderTienhove;NL11_6_5;NL11_MolenpolderTienhove;M27;M27;M27;;;;KRWWaterTypes en Opmerking1 overgenomen uit 2016;194270;8669;118142;
3302-EAG-1;Oostelijke Binnenpolder van Tienhoven, overig;Oostelij;NL11_MolenpolderTienhove;NL11_6_5;NL11_MolenpolderTienhove;M27;M27;M27;;;;KRWWaterTypes en Opmerking1 overgenomen uit 2016;1835741;92540;202410;
3300-EAG-8;Muyeveld, Vuntus;Muyeveld;NL11_Loosdrechtseplassen;NL11_5_1;NL11_Loosdrechtseplassen;M27;M27;M27;;;;KRWWaterTypes en Opmerking1 overgenomen uit 2016;1450401;28116;958934;
3300-EAG-7;Muyeveld, Tienhovensche Plassen zuid;Muyeveld;NL11_Loosdrechtseplassen;NL11_5_1;NL11_Loosdrechtseplassen;M27;M27;M27;;;;KRWWaterTypes en Opmerking1 overgenomen uit 2016;513496;25102;246638;
3300-EAG-6;Muyeveld, Tienhovensche Plassen noord;Muyeveld;NL11_Loosdrechtseplassen;NL11_5_1;NL11_Loosdrechtseplassen;M27;M27;M27;;;;KRWWaterTypes en Opmerking1 overgenomen uit 2016;388057;17059;210511;
3300-EAG-2;Muyeveld, Nieuwe Polderplas;Muyeveld;NL11_Loosdrechtseplassen;NL11_5_1;NL11_Loosdrechtseplassen;M27;M27;M27;;;;KRWWaterTypes en Opmerking1 overgenomen uit 2016;190756;2487;183607;
3300-EAG-1;Muyeveld, Loosdrechtsche Plassen;Muyeveld;NL11_Loosdrechtseplassen;NL11_5_1;NL11_Loosdrechtseplassen;M27;M27;M27;;;;KRWWaterTypes en Opmerking1 overgenomen uit 2016;11291374;95873;9864467;
3300-EAG-4;Muyeveld, Kievitsbuurt zuid;Muyeveld;NL11_Loosdrechtseplassen;NL11_5_1;NL11_Loosdrechtseplassen;M27;M27;M27;;;;KRWWaterTypes en Opmerking1 overgenomen uit 2016;1118061;58439;875401;
3300-EAG-3;Muyeveld, Kievitsbuurt noord;Muyeveld;NL11_Loosdrechtseplassen;NL11_5_1;NL11_Loosdrechtseplassen;M27;M27;M27;;;;KRWWaterTypes en Opmerking1 overgenomen uit 2016;1633419;88069;1236643;
3300-EAG-5;Muyeveld, Breukeleveensche of Stille Plas;Muyeveld;NL11_Loosdrechtseplassen;NL11_5_1;NL11_Loosdrechtseplassen;M27;M27;M27;;;;KRWWaterTypes en Opmerking1 overgenomen uit 2016;2478462;32704;1867196;
3320-EAG-4;Loenderveen, Loenderveensche Plas;Loenderv;NL11_Loenderveenoost;NL11_5_3;NL11_Loenderveenoost;M27;M27;M27;;;;KRWWaterTypes en Opmerking1 overgenomen uit 2016;2392443;9496;2119838;
3230-EAG-3;Polder Kortenhoef, Wijde Gat;Polder K;NL11_Kortenhoefseplassen;NL11_6_4;NL11_Kortenhoefseplassen;M27;M27;M27;;;;KRWWaterTypes en Opmerking1 overgenomen uit 2016;3353057;103714;1109248;
3230-EAG-5;Polder Kortenhoef, Hilversumsch Kanaal plas/dras;Polder K;NL11_Kortenhoefseplassen;NL11_6_4;NL11_Kortenhoefseplassen;M27;M27;M27;;;;KRWWaterTypes en Opmerking1 overgenomen uit 2016;909771;37721;258873;
3230-EAG-6;Polder Kortenhoef, Hilversumsch Kanaal;Polder K;NL11_Kortenhoefseplassen;NL11_6_4;NL11_Kortenhoefseplassen;M27;M27;M27;;;;KRWWaterTypes en Opmerking1 overgenomen uit 2016;3561202;26902;473281;
3230-EAG-1;Polder Kortenhoef, Het Hol/Suikerpot;Polder K;NL11_Kortenhoefseplassen;NL11_6_4;NL11_Kortenhoefseplassen;M27;M27;M27;;;;KRWWaterTypes en Opmerking1 overgenomen uit 2016;2635002;100751;452473;
4210-EAG-1;Hollands Ankeveensche Polder, Hollandsch Ankeveensche Polder bemalen;Hollands;NL11_HollandsAnkeveen;NL11_6_2;NL11_HollandsAnkeveen;M27;M27;M27;;;;KRWWaterTypes en Opmerking1 overgenomen uit 2016;100167;3543;26696;
4210-EAG-5;Hollands Ankeveensche Polder, Ankeveense Plassen HAP oost;Hollands;NL11_HollandsAnkeveen;NL11_6_2;NL11_HollandsAnkeveen;M27;M27;M27;;;;KRWWaterTypes en Opmerking1 overgenomen uit 2016;242786;10071;98225;
4210-EAG-3;Hollands Ankeveensche Polder, Ankeveensche Plassen HAP zuid;Hollands;NL11_HollandsAnkeveen;NL11_6_2;NL11_HollandsAnkeveen;M27;M27;M27;;;;KRWWaterTypes en Opmerking1 overgenomen uit 2016;1186493;26739;723320;
4210-EAG-2;Hollands Ankeveensche Polder, Ankeveensche Plassen HAP noord;Hollands;NL11_HollandsAnkeveen;NL11_6_2;NL11_HollandsAnkeveen;M27;M27;M27;;;;KRWWaterTypes en Opmerking1 overgenomen uit 2016;715623;22832;200029;
3360-EAG-11;Polder Maarsseveen-Westbroek, Grote Maarsseveensche Plas;Polder M;NL11_GroteMaarsseveensep;NL11_3_8;NL11_GroteMaarsseveensep;M20;M20;M20;;;;KRWWaterTypes en Opmerking1 overgenomen uit 2016;856916;5317;608266;
2220-EAG-1;Zuid Bijlmer, Gaasperplas;Zuid Bij;NL11_Gaasperplas;NL11_3_2;NL11_Gaasperplas;M20;M20;M20;;;;KRWWaterTypes en Opmerking1 overgenomen uit 2016;2022350;28559;700413;
2550-EAG-2;Noorderpolder of Botshol (zuid en west), Botshol Midden;Noorderp;NL11_Botshol;NL11_7_1;NL11_Botshol;M27;M27;M27;;;;KRWWaterTypes en Opmerking1 overgenomen uit 2016;401283;13188;96947;
2550-EAG-1;Noorderpolder of Botshol (zuid en west), Botshol Kleine- en Groote Wije;Noorderp;NL11_Botshol;NL11_7_1;NL11_Botshol;M27;M27;M27;;;;KRWWaterTypes en Opmerking1 overgenomen uit 2016;1128445;26348;739978;
2000-EAG-7;Boezem Amstelland-West, Zuid;Boezem A;NL11_Amstellandboezem;NL11_1_1;NL11_Amstellandboezem;M6b;M6b;M6b;;;;KRWWaterTypes en Opmerking1 overgenomen uit 2016;522390;40880;328763;
2000-EAG-6;Boezem Amstelland-West, West;Boezem A;NL11_Amstellandboezem;NL11_1_1;NL11_Amstellandboezem;M6b;M6b;M6b;;;;KRWWaterTypes en Opmerking1 overgenomen uit 2016;1367947;52232;1081946;
2000-EAG-4;Boezem Amstelland-West, Oost;Boezem A;NL11_Amstellandboezem;NL11_1_1;NL11_Amstellandboezem;M6b;M6b;M6b;;;;KRWWaterTypes en Opmerking1 overgenomen uit 2016;934239;52262;664424;
2000-EAG-2;Boezem Amstelland-West, Noord-West;Boezem A;NL11_Amstellandboezem;NL11_1_1;NL11_Amstellandboezem;M6b;M6b;M6b;;;;KRWWaterTypes en Opmerking1 overgenomen uit 2016;1098922;27302;822573;
2000-EAG-3;Boezem Amstelland-West, Noord-Oost;Boezem A;NL11_Amstellandboezem;NL11_1_1;NL11_Amstellandboezem;M6b;M6b;M6b;;;;KRWWaterTypes en Opmerking1 overgenomen uit 2016;981782;22954;536224;
2000-EAG-5;Boezem Amstelland-West, Midden;Boezem A;NL11_Amstellandboezem;NL11_1_1;NL11_Amstellandboezem;M6b;M6b;M6b;;;;KRWWaterTypes en Opmerking1 overgenomen uit 2016;1069037;50399;830954;
4130-EAG-1;Zuidpolder beoosten Muiden, Zuidpolder beoosten Muiden;Zuidpold;OvWa_4130-EAG-1_Zuidpold;NVT;NVT;M8;M8;M8;;;;KRWWaterTypes en Opmerking1 overgenomen uit 2016;2558684;66240;122675;
2150-EAG-1;Zuider Legmeerpolder, waterberging;Zuider L;OvWa_2150-EAG-1_Zuider L;NVT;NVT;M1a;M1a;M1a;;;;KRWWaterTypes en Opmerking1 overgenomen uit 2016;199577;4850;8153;
2150-EAG-3;Zuider Legmeerpolder, landelijk;Zuider L;OvWa_2150-EAG-3_Zuider L;NVT;NVT;M1a;M1a;M1a;;;;KRWWaterTypes en Opmerking1 overgenomen uit 2016;7404213;115496;275307;
2150-EAG-2;Zuider Legmeerpolder, Kudelstaart;Zuider L;OvWa_2150-EAG-2_Zuider L;NVT;NVT;M1a;M1a;M1a;;;;KRWWaterTypes en Opmerking1 overgenomen uit 2016;1385254;23921;87039;
2220-EAG-3;Zuid Bijlmer, Recreatiegebied De Hoge Dijk;Zuid Bij;OvWa_2220-EAG-3_Zuid Bij;NVT;NVT;;M10;M1b;;;;KRWWaterTypes en Opmerking1 overgenomen uit 2016;249335;9018;73964;
2220-EAG-2;Zuid Bijlmer, Gaasperdam;Zuid Bij;OvWa_2220-EAG-2_Zuid Bij;NVT;NVT;;M10;M1b;;;;KRWWaterTypes en Opmerking1 overgenomen uit 2016;6099068;93484;351043;
1020-EAG-1;Westerpark, Westerpark;Westerpa;OvWa_1020-EAG-1_Westerpa;NVT;NVT;;M8;M11;;;stadspark;KRWWaterTypes en Opmerking1 overgenomen uit 2016;63252;401;3233;
6400-EAG-1;Watergraafsmeer, zuid;Watergra;OvWa_6400-EAG-1_Watergra;NVT;NVT;M1a;M1a;M3;;;;KRWWaterTypes en Opmerking1 overgenomen uit 2016;4662673;52908;205748;
6400-EAG-2;Watergraafsmeer, noord;Watergra;OvWa_6400-EAG-2_Watergra;NVT;NVT;M1a;M1a;M3;;;;KRWWaterTypes en Opmerking1 overgenomen uit 2016;1158038;18689;148771;
6060-EAG-1;W.H. Vliegenbos, W.H. Vliegenbos;W.H. Vli;OvWa_6060-EAG-1_W.H. Vli;NVT;NVT;M8;M8;M8;;;;Overgenomen van GAF 6060;254007;7952;18689;
3250-EAG-1;Vreeland (oost), Vreeland (oost);Vreeland;OvWa_3250-EAG-1_Vreeland;NVT;NVT;M1a;M1a;M1a;;;;KRWWaterTypes en Opmerking1 overgenomen uit 2016;109229;3908;13299;
1060-EAG-1;Vondelpark, Vondelpark;Vondelpa;OvWa_1060-EAG-1_Vondelpa;NVT;NVT;M10;M10;M11;M1b;;;KRWWaterTypes en Opmerking1 overgenomen uit 2016;733376;9537;85570;
2280-EAG-1;Venserpolder, Venserpolder;Venserpo;OvWa_2280-EAG-1_Venserpo;NVT;NVT;M10;M8;M3;M1b;;;KRWWaterTypes en Opmerking1 overgenomen uit 2016;7935330;85048;398071;
2200-EAG-1;Venserpolder (volkstuinparken), Nieuw Vredelust, Ons Lustoord en Dijkzicht;Venserpo;OvWa_2200-EAG-1_Venserpo;NVT;NVT;;M1a;M10;;;;KRWWaterTypes en Opmerking1 overgenomen uit 2016;508547;28542;61610;
2350-EAG-1;Venserpolder (volkstuinpark Amstelglorie), Venserpolder (volkstuinpark Amstelglorie);Venserpo;OvWa_2350-EAG-1_Venserpo;NVT;NVT;M1a;M1a;M1a;M1b;;;KRWWaterTypes en Opmerking1 overgenomen uit 2016;268543;11624;26478;
2505-EAG-1;Veldhuiswetering, Veldhuisweg;Veldhuis;OvWa_2505-EAG-1_Veldhuis;NVT;NVT;M8;M8;M10;M10;;;KRWWaterTypes en Opmerking1 overgenomen uit 2016;4709823;180997;689510;
7090-EAG-1;Uitstroom gemaal Zeeburg, Uitstroom gemaal Zeeburg;Uitstroo;OvWa_7090-EAG-1_Uitstroo;NVT;NVT;M1a;M1a;M3;;;;Watertype nog nakijken (geoweb/gis doet niet);27177;684;11508;
2140-EAG-3;Uithoornsche Polder, Zijdelmeer;Uithoorn;OvWa_2140-EAG-3_Uithoorn;NVT;NVT;;M8;M25;;;;KRWWaterTypes en Opmerking1 overgenomen uit 2016;313020;8233;141687;
2140-EAG-2;Uithoornsche Polder, Uithoornse Polder zuid;Uithoorn;OvWa_2140-EAG-2_Uithoorn;NVT;NVT;M10;M8;M8;;;;KRWWaterTypes en Opmerking1 overgenomen uit 2016;492717;26942;78255;
2140-EAG-1;Uithoornsche Polder, Uithoornse Polder midden;Uithoorn;OvWa_2140-EAG-1_Uithoorn;NVT;NVT;M10;M8;M10;;;;KRWWaterTypes en Opmerking1 overgenomen uit 2016;1368003;63432;254539;
2140-EAG-5;Uithoornsche Polder, Natuurgebied Uithoorn;Uithoorn;OvWa_2140-EAG-5_Uithoorn;NVT;NVT;M10;M8;M10;;;;KRWWaterTypes en Opmerking1 overgenomen uit 2016;221270;9364;58955;
2140-EAG-6;Uithoornsche Polder, De Kwakel;Uithoorn;OvWa_2140-EAG-6_Uithoorn;NVT;NVT;M10;M8;M10;;;;KRWWaterTypes en Opmerking1 overgenomen uit 2016;2013566;84004;369227;
2140-EAG-4;Uithoornsche Polder, Bebouwing Uithoorn-Zuid;Uithoorn;OvWa_2140-EAG-4_Uithoorn;NVT;NVT;M10;M8;M10;;;;KRWWaterTypes en Opmerking1 overgenomen uit 2016;2146839;81946;378562;
3201-EAG-3;Stichtsch Ankeveensche Polder, Stichtsch Ankeveensche Polder oost;Stichtsc;OvWa_3201-EAG-3_Stichtsc;NVT;NVT;M8;M8;M8;;;;KRWWaterTypes en Opmerking1 overgenomen uit 2016;2371144;88794;195184;
7060-EAG-1;Steigereiland, Steigereiland;Steigere;OvWa_7060-EAG-1_Steigere;NVT;NVT;;M1a;M3;;;;KRWWaterTypes en Opmerking1 overgenomen uit 2016;392005;1486;75690;
6040-EAG-1;Sportpark Tuindorp Oostzaan, Sportpark Tuindorp Oostzaan;Sportpar;OvWa_6040-EAG-1_Sportpar;NVT;NVT;M6b;;M8;;;;Overgenomen van GAF 6040;84203;2076;4989;
3080-EAG-1;Sportcombinatie Muiden, Sportcombinatie Muiden;Sportcom;OvWa_3080-EAG-1_Sportcom;NVT;NVT;;;;;;;KRWWaterTypes en Opmerking1 overgenomen uit 2016;23847;608;1026;
3200-EAG-2;Spiegelpolder, Spiegelweg;Spiegelp;OvWa_3200-EAG-2_Spiegelp;NVT;NVT;M1a;M1a;M8;;;;KRWWaterTypes en Opmerking1 overgenomen uit 2016;586541;21548;32770;
1050-EAG-1;SP Zuid, SP Zuid;SP Zuid,;OvWa_1050-EAG-1_SP Zuid,;NVT;NVT;;;M3;;;niet meegenomen in analyse watertypen, schatting;KRWWaterTypes en Opmerking1 overgenomen uit 2016;34603;413;580;
8070-EAG-3;Sloterbinnen en Middelveldsepolder, SPP Ookmeer;Sloterbi;OvWa_8070-EAG-3_Sloterbi;NVT;NVT;M10;M10;M3;;;;KRWWaterTypes en Opmerking1 overgenomen uit 2016;661519;12112;34443;
8070-EAG-2;Sloterbinnen en Middelveldsepolder, Gecombineerde Polders;Sloterbi;OvWa_8070-EAG-2_Sloterbi;NVT;NVT;M10;M10;M3;;;;KRWWaterTypes en Opmerking1 overgenomen uit 2016;12608386;87996;753767;
4250-EAG-1;'s-Gravelandsche Polder, 's-Gravelandsche Polder;'s-Grave;OvWa_4250-EAG-1_'s-Grave;NVT;NVT;M10;M1a;M3;;;;KRWWaterTypes en Opmerking1 overgenomen uit 2016;8479795;109428;473074;
2030-EAG-1;Sarphatipark, Sarphatipark;Sarphati;OvWa_2030-EAG-1_Sarphati;NVT;NVT;M1a;M1a;M11;M1b;;;KRWWaterTypes en Opmerking1 overgenomen uit 2016;54975;753;5609;
6590-EAG-1;Rijnkade, Rijnkade;Rijnkade;OvWa_6590-EAG-1_Rijnkade;NVT;NVT;;;M1a;;;;KRWWaterTypes en Opmerking1 overgenomen uit 2016;624710;5669;13376;
8080-EAG-1;Riekerpolder, Wielerbaan;Riekerpo;OvWa_8080-EAG-1_Riekerpo;NVT;NVT;M10;M8;M10;;;;KRWWaterTypes en Opmerking1 overgenomen uit 2016;376598;7943;21427;
8080-EAG-2;Riekerpolder, polder;Riekerpo;OvWa_8080-EAG-2_Riekerpo;NVT;NVT;M10;M8;M10;;;;KRWWaterTypes en Opmerking1 overgenomen uit 2016;3024931;72477;238213;
2600-EAG-2;Polder Zevenhoven, Oude Nieuwveenseweg;Polder Z;OvWa_2600-EAG-2_Polder Z;NVT;NVT;M1a;M1a;M1a;;;;Overgenomen van GAF 2600;680257;19054;35668;
2600-EAG-5;Polder Zevenhoven, Odesssa_Driesprong_De Jonker;Polder Z;OvWa_2600-EAG-5_Polder Z;NVT;NVT;M1a;M1a;M1a;;;;Overgenomen van GAF 2600;2309828;44296;79193;
2600-EAG-3;Polder Zevenhoven, Nieuw Amstel;Polder Z;OvWa_2600-EAG-3_Polder Z;NVT;NVT;M1a;M1a;M1a;;;;Overgenomen van GAF 2600;2316873;54245;165976;
2600-EAG-8;Polder Zevenhoven, Kousmolentocht/Jonge Zevenhovenseweg;Polder Z;OvWa_2600-EAG-8_Polder Z;NVT;NVT;M1a;M1a;M1a;;;;Overgenomen van GAF 2600;3656295;119888;235111;
2600-EAG-9;Polder Zevenhoven, Groene Jonker;Polder Z;OvWa_2600-EAG-9_Polder Z;NVT;NVT;M1a;M1a;M1a;;;;Overgenomen van GAF 2600;1164749;19983;813330;
2600-EAG-4;Polder Zevenhoven, Bloklandseweg;Polder Z;OvWa_2600-EAG-4_Polder Z;NVT;NVT;M1a;M1a;M1a;;;;Overgenomen van GAF 2600;1180205;16646;33148;
2600-EAG-1;Polder Zevenhoven, bemalen gebied;Polder Z;OvWa_2600-EAG-1_Polder Z;NVT;NVT;M1a;M1a;M1a;;;;Overgenomen van GAF 2600;3684880;145765;358341;
2600-EAG-6;Polder Zevenhoven, Achterweg_Zeerust;Polder Z;OvWa_2600-EAG-6_Polder Z;NVT;NVT;M1a;M1a;M1a;;;;Overgenomen van GAF 2600;2499677;23052;36218;
2503-EAG-1;Polder Wilnis-Veldzijde, Polder Wilnis-Veldzijde;Polder W;OvWa_2503-EAG-1_Polder W;NVT;NVT;M8;M1a;M1a;M1b;M8;;Overgenomen van GAF 2503;5707776;164602;313436;
2410-EAG-3;Polder Waardassacker en Holendrecht, stedelijkgebied (zuid);Polder W;OvWa_2410-EAG-3_Polder W;NVT;NVT;M8;M8;M8;;;;Overgenomen van GAF 2410;1666976;50582;130040;
2410-EAG-2;Polder Waardassacker en Holendrecht, stedelijkgebied (noord);Polder W;OvWa_2410-EAG-2_Polder W;NVT;NVT;M8;M8;M8;;;;Overgenomen van GAF 2410;983329;24498;70573;
2410-EAG-4;Polder Waardassacker en Holendrecht, Slot polder;Polder W;OvWa_2410-EAG-4_Polder W;NVT;NVT;M8;M8;M8;;;;Overgenomen van GAF 2410;178556;5513;13152;
2410-EAG-1;Polder Waardassacker en Holendrecht, Holendrechter polder;Polder W;OvWa_2410-EAG-1_Polder W;NVT;NVT;M8;M8;M8;;;;Overgenomen van GAF 2410;3204731;109553;232315;
2501-EAG-2;Polder Oukoop en Polder Groot Wilnis-Vinkeveen (oost), Polder Demmerik;Polder O;OvWa_2501-EAG-2_Polder O;NVT;NVT;M8;M1a;M8;M8;;;KRWWaterTypes en Opmerking1 overgenomen uit 2016;5987227;244129;699670;
2501-EAG-1;Polder Oukoop en Polder Groot Wilnis-Vinkeveen (oost), Oukoop;Polder O;OvWa_2501-EAG-1_Polder O;NVT;NVT;M8;M8;M8;;;;KRWWaterTypes en Opmerking1 overgenomen uit 2016;3707120;136023;382583;
6550-EAG-1;Polder Nijenrode, landelijk gebied;Polder N;OvWa_6550-EAG-1_Polder N;NVT;NVT;M1a;M1a;M1a;;;;Overgenomen van GAF 6550;2079381;69775;104862;
6550-EAG-2;Polder Nijenrode, Kasteel Neijenrode en sportvelden;Polder N;OvWa_6550-EAG-2_Polder N;NVT;NVT;M1a;M1a;M1a;;;;Overgenomen van GAF 6550;634849;18979;69026;
6550-EAG-3;Polder Nijenrode, bebouwing;Polder N;OvWa_6550-EAG-3_Polder N;NVT;NVT;M1a;M1a;M1a;;;;Overgenomen van GAF 6550;385678;6897;16793;
3340-EAG-3;Polder Mijnden, Staatbosbeheer;Polder M;OvWa_3340-EAG-3_Polder M;NVT;NVT;M1a;M1a;M8;;;;KRWWaterTypes en Opmerking1 overgenomen uit 2016;202693;7084;14271;
3340-EAG-1;Polder Mijnden, Polder Mijnden west;Polder M;OvWa_3340-EAG-1_Polder M;NVT;NVT;M8;M8;M8;;;;KRWWaterTypes en Opmerking1 overgenomen uit 2016;2128122;85334;170168;
3340-EAG-2;Polder Mijnden, Polder Mijnden oost;Polder M;OvWa_3340-EAG-2_Polder M;NVT;NVT;M1a;M1a;M1a;;;;KRWWaterTypes en Opmerking1 overgenomen uit 2016;757809;37716;62427;
3360-EAG-3;Polder Maarsseveen-Westbroek, Zogwetering;Polder M;OvWa_3360-EAG-3_Polder M;NVT;NVT;M1a;M1a;M8;;;;KRWWaterTypes en Opmerking1 overgenomen uit 2016;2128403;33039;98882;
3360-EAG-4;Polder Maarsseveen-Westbroek, Wilgenplas;Polder M;OvWa_3360-EAG-4_Polder M;NVT;NVT;M27;M27;M25;;;;KRWWaterTypes en Opmerking1 overgenomen uit 2016;1327202;55288;362166;
3360-EAG-7;Polder Maarsseveen-Westbroek, Volkstuinen;Polder M;OvWa_3360-EAG-7_Polder M;NVT;NVT;;M8;M8;;;;KRWWaterTypes en Opmerking1 overgenomen uit 2016;280771;5633;13072;
3360-EAG-15;Polder Maarsseveen-Westbroek, Taartpunt;Polder M;OvWa_3360-EAG-15_Polder M;NVT;NVT;M8;M8;M8;;;;KRWWaterTypes en Opmerking1 overgenomen uit 2016;1744397;78880;150332;
3360-EAG-5;Polder Maarsseveen-Westbroek, rond Kleine Maarsseveensche Plas;Polder M;OvWa_3360-EAG-5_Polder M;NVT;NVT;M8;M8;M8;;;;KRWWaterTypes en Opmerking1 overgenomen uit 2016;804852;29501;89021;
3360-EAG-18;Polder Maarsseveen-Westbroek, Polder het Huis te Hart;Polder M;OvWa_3360-EAG-18_Polder M;NVT;NVT;M8;M8;M10;;;;KRWWaterTypes en Opmerking1 overgenomen uit 2016;962543;47278;129973;
3360-EAG-2;Polder Maarsseveen-Westbroek, Polder Buitenweg;Polder M;OvWa_3360-EAG-2_Polder M;NVT;NVT;M8;M8;M8;;;;KRWWaterTypes en Opmerking1 overgenomen uit 2016;1264903;57472;149772;
3360-EAG-8;Polder Maarsseveen-Westbroek, Oud tuinbouwgebied;Polder M;OvWa_3360-EAG-8_Polder M;NVT;NVT;M8;M8;M8;;;;KRWWaterTypes en Opmerking1 overgenomen uit 2016;143129;5433;5937;
3360-EAG-9;Polder Maarsseveen-Westbroek, Kleine Maarsseveensche Plas;Polder M;OvWa_3360-EAG-9_Polder M;NVT;NVT;M20;M20;M20;;;;KRWWaterTypes en Opmerking1 overgenomen uit 2016;200940;2264;200406;
3360-EAG-6;Polder Maarsseveen-Westbroek, Kassen;Polder M;OvWa_3360-EAG-6_Polder M;NVT;NVT;;M8;M8;;;;KRWWaterTypes en Opmerking1 overgenomen uit 2016;327439;5296;9667;
3360-EAG-1;Polder Maarsseveen-Westbroek, Agrarisch Molenpolder;Polder M;OvWa_3360-EAG-1_Polder M;NVT;NVT;M8;M8;M8;;;;KRWWaterTypes en Opmerking1 overgenomen uit 2016;3408582;153171;276837;
3230-EAG-4;Polder Kortenhoef, Kortenhoef;Polder K;OvWa_3230-EAG-4_Polder K;NVT;NVT;M8;M8;M8;;;;KRWWaterTypes en Opmerking1 overgenomen uit 2016;2799562;89476;232198;
2340-EAG-2;Polder Holland en Sticht west, Loendersloot;Polder H;OvWa_2340-EAG-2_Polder H;NVT;NVT;M1a;M1a;M1a;;;;Overgenomen van GAF 2340;392660;11628;16652;
2340-EAG-1;Polder Holland en Sticht west, bemalen;Polder H;OvWa_2340-EAG-1_Polder H;NVT;NVT;M1a;M1a;M1a;;;;Overgenomen van GAF 2340;1863705;59551;86873;
2502-EAG-2;Polder Groot Wilnis-Vinkeveen (midden), west;Polder G;OvWa_2502-EAG-2_Polder G;NVT;NVT;M8;M8;M10;M10;;;Overgenomen van GAF 2502;293984;14940;43172;
2502-EAG-1;Polder Groot Wilnis-Vinkeveen (midden), oost;Polder G;OvWa_2502-EAG-1_Polder G;NVT;NVT;M8;M8;M10;M10;;;Overgenomen van GAF 2502;2747269;106424;366427;
2500-EAG-1;Polder Groot Wilnis Vinkeveen, Overig;Polder G;OvWa_2500-EAG-1_Polder G;NVT;NVT;M10;M8;M10;;;;KRWWaterTypes en Opmerking1 overgenomen uit 2016;4472963;207591;1213361;oppervlaktes en omtrek gesommeerd want oppervlak en omtrek kwam in 2 delen uit GIStool
2540-EAG-5;Polder Groot Mijdrecht en Polder de Eerste Bedijking (oost), Veldweg;Polder G;OvWa_2540-EAG-5_Polder G;NVT;NVT;M8;M1a;M1a;M1b;M8 ;;Overgenomen van GAF 2540;574399;25628;63515;
2540-EAG-4;Polder Groot Mijdrecht en Polder de Eerste Bedijking (oost), stedelijk;Polder G;OvWa_2540-EAG-4_Polder G;NVT;NVT;M8;M1a;M1a;M1b;M8 ;;Overgenomen van GAF 2540;4097440;98616;241751;oppervlaktes en omtrek gesommeerd want oppervlak en omtrek kwam in 2 delen uit GIStool
2540-EAG-2;Polder Groot Mijdrecht en Polder de Eerste Bedijking (oost), natuurreservaat;Polder G;OvWa_2540-EAG-2_Polder G;NVT;NVT;M8;M1a;M1a;M1b;M8 ;;Overgenomen van GAF 2540;511175;13069;277534;
2540-EAG-1;Polder Groot Mijdrecht en Polder de Eerste Bedijking (oost), landelijk;Polder G;OvWa_2540-EAG-1_Polder G;NVT;NVT;M8;M1a;M1a;M1b;M8 ;;Overgenomen van GAF 2540;14978879;638150;952574;
2540-EAG-3;Polder Groot Mijdrecht en Polder de Eerste Bedijking (oost), Botshol West;Polder G;OvWa_2540-EAG-3_Polder G;NVT;NVT;M8;M1a;M1a;M1b;M8 ;;Overgenomen van GAF 2540;106124;4376;7494;
3240-EAG-1;Polder Dorssewaard, Polder Dorssewaard;Polder D;OvWa_3240-EAG-1_Polder D;NVT;NVT;M1a;M1a;M1a;;;;KRWWaterTypes en Opmerking1 overgenomen uit 2016;1293695;38946;75030;
2504-EAG-1;Polder deTweede Bedijking, Polder deTweede Bedijking;Polder d;OvWa_2504-EAG-1_Polder d;NVT;NVT;M8;M1a;M1a;M1a;;;Overgenomen van GAF 2504;1787202;80406;148527;
2290-EAG-1;Polder De Toekomst, Polder De Toekomst;Polder D;OvWa_2290-EAG-1_Polder D;NVT;NVT;M8;M8;M8;M1b;;;KRWWaterTypes en Opmerking1 overgenomen uit 2016;993726;15672;56620;
2400-EAG-6;Polder de Rondehoep,Ouderkerk aan de Amstel;Polder d;OvWa_2400-EAG-6_Polder d;NVT;NVT;M8;M8;M8;M1b;;;Overgenomen van GAF 2400;720604;17079;46718;
2400-EAG-2;Polder de Rondehoep, zuid-west;Polder d;OvWa_2400-EAG-2_Polder d;NVT;NVT;M8;M8;M8;M1b;;;Overgenomen van GAF 2400;3336778;136191;240339;
2400-EAG-5;Polder de Rondehoep, weidevogel gebied;Polder d;OvWa_2400-EAG-5_Polder d;NVT;NVT;M8;M8;M8;M1b;;;Overgenomen van GAF 2400;1424994;50401;167914;
2400-EAG-3;Polder de Rondehoep, noord-west;Polder d;OvWa_2400-EAG-3_Polder d;NVT;NVT;M8;M8;M8;M1b;;;Overgenomen van GAF 2400;1824656;69217;117990;
2400-EAG-4;Polder de Rondehoep, noord-oost;Polder d;OvWa_2400-EAG-4_Polder d;NVT;NVT;M8;M8;M8;M1b;;;Overgenomen van GAF 2400;2303369;78900;133936;
2400-EAG-1;Polder de Rondehoep, bemalen gebied;Polder d;OvWa_2400-EAG-1_Polder d;NVT;NVT;M8;M8;M8;M1b;;;Overgenomen van GAF 2400;3081183;113894;192480;
2250-EAG-3;Polder de Nieuwe Bullewijk en Holendrechter- en Bullewijker Polder noord, Ouderkerk aan de Amstel;Polder d;OvWa_2250-EAG-3_Polder d;NVT;NVT;M8;M8;M8;;;;KRWWaterTypes en Opmerking1 overgenomen uit 2016;953418;17879;59048;
2250-EAG-6;Polder de Nieuwe Bullewijk en Holendrechter- en Bullewijker Polder noord, nabij recreatiegebied;Polder d;OvWa_2250-EAG-6_Polder d;NVT;NVT;M8;M8;M30;;;;KRWWaterTypes en Opmerking1 overgenomen uit 2016;217768;14722;21399;
2250-EAG-2;Polder de Nieuwe Bullewijk en Holendrechter- en Bullewijker Polder noord, Korte Dwarsweg;Polder d;OvWa_2250-EAG-2_Polder d;NVT;NVT;M8;M8;M30;;;;KRWWaterTypes en Opmerking1 overgenomen uit 2016;518734;15360;28327;
2250-EAG-5;Polder de Nieuwe Bullewijk en Holendrechter- en Bullewijker Polder noord, golfterrein;Polder d;OvWa_2250-EAG-5_Polder d;NVT;NVT;M8;M8;M30;;;;KRWWaterTypes en Opmerking1 overgenomen uit 2016;699064;23934;111497;
2250-EAG-7;Polder de Nieuwe Bullewijk en Holendrechter- en Bullewijker Polder noord, Bullewijker Polder noord;Polder d;OvWa_2250-EAG-7_Polder d;NVT;NVT;M8;M8;M30;;;;KRWWaterTypes en Opmerking1 overgenomen uit 2016;1097876;41003;99130;
2250-EAG-4;Polder de Nieuwe Bullewijk en Holendrechter- en Bullewijker Polder noord, Bullewijk en AMC;Polder d;OvWa_2250-EAG-4_Polder d;NVT;NVT;M8;M8;M30;;;;KRWWaterTypes en Opmerking1 overgenomen uit 2016;4532349;48928;323453;
2530-EAG-1;Polder de Eerste Bedijking (west), west;Polder d;OvWa_2530-EAG-1_Polder d;NVT;NVT;M8;M1a;M1a;M1b;M8;;Overgenomen van GAF 2540;5618720;273427;462601;
2530-EAG-2;Polder de Eerste Bedijking (west), oost;Polder d;OvWa_2530-EAG-2_Polder d;NVT;NVT;M8;M1a;M1a;M1b;M8;;Overgenomen van GAF 2540;3302053;129399;227927;
2520-EAG-2;Polder de Derde Bedijking, stedelijk;Polder d;OvWa_2520-EAG-2_Polder d;NVT;NVT;M8;M1a;M8;M8;;;Overgenomen van GAF 2520;1708535;29528;103604;
2520-EAG-3;Polder de Derde Bedijking, natuur;Polder d;OvWa_2520-EAG-3_Polder d;NVT;NVT;M8;M1a;M8;M8;;;Overgenomen van GAF 2520;188227;8471;25479;
2520-EAG-1;Polder de Derde Bedijking, landelijk;Polder d;OvWa_2520-EAG-1_Polder d;NVT;NVT;M8;M1a;M8;M8;;;Overgenomen van GAF 2520;5305378;207890;381571;
2520-EAG-4;Polder de Derde Bedijking, kassen;Polder d;OvWa_2520-EAG-4_Polder d;NVT;NVT;M8;M1a;M8;M8;;;Overgenomen van GAF 2520;448504;19969;32109;
6570-EAG-1;Polder Broeckland, Polder Broeckland;Polder B;OvWa_6570-EAG-1_Polder B;NVT;NVT;;;M8;;;niet meegenomen in analyse watertypen, schatting;Overgenomen van GAF 6570;;;;
6440-EAG-1;Polder Breukelerwaard West, bemalen gebied;Polder B;OvWa_6440-EAG-1_Polder B;NVT;NVT;M1a;M1a;M1a;;;;Overgenomen van GAF 6440;1232475;29444;49284;
6440-EAG-2;Polder Breukelerwaard West,;Polder B;OvWa_6440-EAG-2_Polder B;NVT;NVT;M1a;M1a;M1a;;;;Overgenomen van GAF 6440;292166;10634;26857;
6440-EAG-3;Polder Breukelerwaard West,;Polder B;OvWa_6440-EAG-3_Polder B;NVT;NVT;M1a;M1a;M1a;;;;Overgenomen van GAF 6440;280693;7702;8001;
6440-EAG-4;Polder Breukelerwaard West,;Polder B;OvWa_6440-EAG-4_Polder B;NVT;NVT;M1a;M1a;M1a;;;;Overgenomen van GAF 6440;339804;7518;23727;
6440-EAG-5;Polder Breukelerwaard West,;Polder B;OvWa_6440-EAG-5_Polder B;NVT;NVT;M1a;M1a;M1a;;;;Overgenomen van GAF 6440;193571;3399;15043;
3350-EAG-2;Polder Breukelen-Proostdij, Beringde landen;Polder B;OvWa_3350-EAG-2_Polder B;NVT;NVT;M1a;M1a;M8;;;;Overgenomen van GAF 3350;680693;29584;51909;
3350-EAG-1;Polder Breukelen-Proostdij, bemalen gebied;Polder B;OvWa_3350-EAG-1_Polder B;NVT;NVT;M1a;M1a;M8;;;;Overgenomen van GAF 3350;2919517;111638;183272;
6080-EAG-1;Polder Bernard, Polder Polder Bernard;Polder B;OvWa_6080-EAG-1_Polder B;NVT;NVT;M1a;M1a;M1a;;;;Overgenomen van GAF 6080;25509;723;885;
3370-EAG-3;Polder Achtienhoven, Kerkeindse Polder;Polder A;OvWa_3370-EAG-3_Polder A;NVT;NVT;M1a;M1a;M1a;;;;KRWWaterTypes en Opmerking1 overgenomen uit 2016;2462597;129621;226501;
3370-EAG-1;Polder Achtienhoven, Gagelweg/Kooidijk;Polder A;OvWa_3370-EAG-1_Polder A;NVT;NVT;M8;M8;M1a;;;;KRWWaterTypes en Opmerking1 overgenomen uit 2016;4052530;206536;403113;
3370-EAG-2;Polder Achtienhoven, Gagelbos;Polder A;OvWa_3370-EAG-2_Polder A;NVT;NVT;M8;M1a;M3;;;;KRWWaterTypes en Opmerking1 overgenomen uit 2016;582636;24925;91488;
3370-EAG-5;Polder Achtienhoven,  Korssesteeg;Polder A;OvWa_3370-EAG-5_Polder A;NVT;NVT;;M1a;M1a;;;;KRWWaterTypes en Opmerking1 overgenomen uit 2016;224924;10230;12851;
3370-EAG-4;Polder Achtienhoven,  Het Achteraf;Polder A;OvWa_3370-EAG-4_Polder A;NVT;NVT;M1a;M1a;M1a;;;;KRWWaterTypes en Opmerking1 overgenomen uit 2016;3432106;156134;216014;
2300-EAG-1;Overdiemerpolder, Overdiemerpolder;Overdiem;OvWa_2300-EAG-1_Overdiem;NVT;NVT;M8;M8;M8;M1b;;;KRWWaterTypes en Opmerking1 overgenomen uit 2016;989176;30193;115281;
6500-EAG-1;Over-Diemen, elektriciteitscentrale;Over-Die;OvWa_6500-EAG-1_Over-Die;NVT;NVT;;;;;;;KRWWaterTypes en Opmerking1 overgenomen uit 2016;481097;13591;26274;
6510-EAG-1;Over-Diemen (Zeehoeve), Zeehoeve;Over-Die;OvWa_6510-EAG-1_Over-Die;NVT;NVT;;;;;;;KRWWaterTypes en Opmerking1 overgenomen uit 2016;199831;6588;20965;
6560-EAG-1;Over-Diemen (noord), Over-Diemen (noord);Over-Die;OvWa_6560-EAG-1_Over-Die;NVT;NVT;;;;;;;KRWWaterTypes en Opmerking1 overgenomen uit 2016;33326;622;831;
8020-EAG-1;Overbraker Binnenpolder, volkstuinen;Overbrak;OvWa_8020-EAG-1_Overbrak;NVT;NVT;M8;M8;M8;;;;KRWWaterTypes en Opmerking1 overgenomen uit 2016;874866;28157;66336;
8020-EAG-2;Overbraker Binnenpolder, noord-oost;Overbrak;OvWa_8020-EAG-2_Overbrak;NVT;NVT;M8;M8;M8;;;;KRWWaterTypes en Opmerking1 overgenomen uit 2016;117903;5248;16676;
8040-EAG-1;Osdorperbovenpolder, Osdorperbovenpolder;Osdorper;OvWa_8040-EAG-1_Osdorper;NVT;NVT;M8;M8;M8;;;;KRWWaterTypes en Opmerking1 overgenomen uit 2016;1536762;64241;121491;
8040-EAG-2;Osdorperbovenpolder, Bovensloot;Osdorper;OvWa_8040-EAG-2_Osdorper;NVT;NVT;M8;M8;M8;;;;KRWWaterTypes en Opmerking1 overgenomen uit 2016;56364;4976;8387;
8030-EAG-4;Osdorperbinnenpolder, VTP Tigeno en Eendracht;Osdorper;OvWa_8030-EAG-4_Osdorper;NVT;NVT;M10;M8;M10;;;;KRWWaterTypes en Opmerking1 overgenomen uit 2016;262003;13628;40455;
8030-EAG-1;Osdorperbinnenpolder, veenweide;Osdorper;OvWa_8030-EAG-1_Osdorper;NVT;NVT;M10;M8;M10;;;;KRWWaterTypes en Opmerking1 overgenomen uit 2016;1189002;50880;172848;
8030-EAG-6;Osdorperbinnenpolder, Tom Schreurweg;Osdorper;OvWa_8030-EAG-6_Osdorper;NVT;NVT;M10;M8;M10;;;;KRWWaterTypes en Opmerking1 overgenomen uit 2016;37624;3172;7552;
8030-EAG-5;Osdorperbinnenpolder, polder;Osdorper;OvWa_8030-EAG-5_Osdorper;NVT;NVT;M10;M8;M10;;;;KRWWaterTypes en Opmerking1 overgenomen uit 2016;1349881;40292;135045;
8030-EAG-2;Osdorperbinnenpolder, Geuzenveld;Osdorper;OvWa_8030-EAG-2_Osdorper;NVT;NVT;M10;M8;M10;;;;KRWWaterTypes en Opmerking1 overgenomen uit 2016;297494;4827;18675;
8030-EAG-3;Osdorperbinnenpolder,  De Kluut 2;Osdorper;OvWa_8030-EAG-3_Osdorper;NVT;NVT;M10;M8;M10;;;;KRWWaterTypes en Opmerking1 overgenomen uit 2016;170306;5981;82076;
2040-EAG-1;Oosterpark, Oosterpark;Oosterpa;OvWa_2040-EAG-1_Oosterpa;NVT;NVT;M1a;M1a;M11;M1b;;;KRWWaterTypes en Opmerking1 overgenomen uit 2016;129700;1289;14753;
6000-EAG-1;Noordzeekanaal/IJ/Amsterdamrijnkanaalboezem, afstromend naar boezem;Noordzee;OvWa_6000-EAG-1_Noordzee;NVT;NVT;;;M30 ;;;niet meegenomen in analyse watertypen, schatting;KRWWaterTypes en Opmerking1 overgenomen uit 2016;31826255;253390;1288202;
2630-EAG-3;Noordse Buurt en Westveense Polder, Westveen;Noordse ;OvWa_2630-EAG-3_Noordse ;NVT;NVT;M10;M10;M8;;;;Overgenomen van GAF 2630;1211014;66534;341817;
2630-EAG-2;Noordse Buurt en Westveense Polder, Noordse dorp;Noordse ;OvWa_2630-EAG-2_Noordse ;NVT;NVT;M10;M10;M8;;;;Overgenomen van GAF 2630;622403;18130;37621;
2630-EAG-1;Noordse Buurt en Westveense Polder, Noordse buurt;Noordse ;OvWa_2630-EAG-1_Noordse ;NVT;NVT;M10;M10;M8;;;;Overgenomen van GAF 2630;2063388;61481;128321;
4100-EAG-2;Noordpolder beoosten Muiden, noord;Noordpol;OvWa_4100-EAG-2_Noordpol;NVT;NVT;M8;M1a;M8;;;;Overgenomen van GAF 4100;254936;4158;4690;
4100-EAG-1;Noordpolder beoosten Muiden, bemalen;Noordpol;OvWa_4100-EAG-1_Noordpol;NVT;NVT;M8;M1a;M8;;;;Overgenomen van GAF 4100;3469100;56625;76794;
2550-EAG-5;Noorderpolder of Botshol (zuid en west), Noorderpolder (west);Noorderp;OvWa_2550-EAG-5_Noorderp;NVT;NVT;M8;M8;M1a;;;;Overgenomen van gelijkende EAG's in eromheen (2560, 2540);615737;22919;47133;
2550-EAG-4;Noorderpolder of Botshol (zuid en west), Noorderpolder (oost);Noorderp;OvWa_2550-EAG-4_Noorderp;NVT;NVT;M8;M8;M10;;;;KRWWaterTypes en Opmerking1 overgenomen uit 2016;650583;24712;110103;
2560-EAG-2;Noorderpolder of Botshol (Nellestein), natuurgebied;Noorderp;OvWa_2560-EAG-2_Noorderp;NVT;NVT;M8;M8;M1a;;;;Overgenomen van GAF 2560;519262;23359;63333;
2560-EAG-1;Noorderpolder of Botshol (Nellestein), agrarisch;Noorderp;OvWa_2560-EAG-1_Noorderp;NVT;NVT;M8;M8;M1a;;;;Overgenomen van GAF 2560;527081;22573;43052;
3010-EAG-1;Noorder- of Rietpolder (zuid), Noorder- of Rietpolder (zuid) (De Krijgsman);Noorder-;OvWa_3010-EAG-1_Noorder-;NVT;NVT;;;;;;;KRWWaterTypes en Opmerking1 overgenomen uit 2016;37345;1666;2826;
3020-EAG-1;Noorder- of Rietpolder (De Krijgsman), landelijk;Noorder-;OvWa_3020-EAG-1_Noorder-;NVT;NVT;;M1a;M10;;;;KRWWaterTypes en Opmerking1 overgenomen uit 2016;502293;21154;81812;
3020-EAG-2;Noorder- of Rietpolder (De Krijgsman), Kruitfabriek eo;Noorder-;OvWa_3020-EAG-2_Noorder-;NVT;NVT;;M1a;M8;;;;KRWWaterTypes en Opmerking1 overgenomen uit 2016;188157;4602;8983;
2130-EAG-3;Noorder Legmeerpolder, Uithoorn;Noorder ;OvWa_2130-EAG-3_Noorder ;NVT;NVT;M1a;M1a;M1a;M1b;;;KRWWaterTypes en Opmerking1 overgenomen uit 2016;4228753;58523;243718;
2130-EAG-1;Noorder Legmeerpolder, landelijk;Noorder ;OvWa_2130-EAG-1_Noorder ;NVT;NVT;M1a;M1a;M1a;M1b;;;KRWWaterTypes en Opmerking1 overgenomen uit 2016;8415281;122783;246094;
2130-EAG-2;Noorder Legmeerpolder, Bovenkerk;Noorder ;OvWa_2130-EAG-2_Noorder ;NVT;NVT;M1a;M1a;M1a;;;;KRWWaterTypes en Opmerking1 overgenomen uit 2016;3789670;68769;241443;
2130-EAG-4;Noorder Legmeerpolder, Amstelzijde;Noorder ;OvWa_2130-EAG-4_Noorder ;NVT;NVT;M1a;M1a;M1a;M1b;;;KRWWaterTypes en Opmerking1 overgenomen uit 2016;212596;4084;10163;
6100-EAG-2;Noorder IJ Polder, Noorder IJplas;Noorder ;OvWa_6100-EAG-2_Noorder ;NVT;NVT;M20;M20;M20;;;;KRWWaterTypes en Opmerking1 overgenomen uit 2016;115888;1213;82221;
6110-EAG-1;Noorder IJ Polder, Noorder IJ Polder;Noorder ;OvWa_6110-EAG-1_Noorder ;NVT;NVT;M1a;M10;M3;;;;Overgenomen van GAF 6610;1531034;13886;81026;
8090-EAG-2;Nieuw-Sloten, Plesmanstrook;Nieuw-Sl;OvWa_8090-EAG-2_Nieuw-Sl;NVT;NVT;M10;M8;M10;;;;KRWWaterTypes en Opmerking1 overgenomen uit 2016;319730;16828;62197;
8090-EAG-1;Nieuw-Sloten, Nieuw-Sloten;Nieuw-Sl;OvWa_8090-EAG-1_Nieuw-Sl;NVT;NVT;M10;M8;M10;;;;KRWWaterTypes en Opmerking1 overgenomen uit 2016;1264747;15060;96121;
3110-EAG-3;Nieuwe Keverdijksche Polder en Hilversumse Bovenmeent, Nog opknippen in  EAG's;Nieuwe K;OvWa_3110-EAG-3_Nieuwe K;NVT;NVT;M8;M8;M8;;;;KRWWaterTypes en Opmerking1 overgenomen uit 2016;980301;32664;227845;
3110-EAG-5;Nieuwe Keverdijksche Polder en Hilversumse Bovenmeent, Nog opknippen in  EAG's;Nieuwe K;OvWa_3110-EAG-5_Nieuwe K;NVT;NVT;M8;M8;M8;;;;KRWWaterTypes en Opmerking1 overgenomen uit 2016;6328839;246872;334813;
3110-EAG-1;Nieuwe Keverdijksche Polder en Hilversumse Bovenmeent, Meerlanden, Landbouw ZO;Nieuwe K;OvWa_3110-EAG-1_Nieuwe K;NVT;NVT;M8;M8;M8;;;;KRWWaterTypes en Opmerking1 overgenomen uit 2016;1594510;42618;491467;
3110-EAG-2;Nieuwe Keverdijksche Polder en Hilversumse Bovenmeent, Hilversumse Bovenmeent;Nieuwe K;OvWa_3110-EAG-2_Nieuwe K;NVT;NVT;M8;M8;M25;;;;KRWWaterTypes en Opmerking1 overgenomen uit 2016;871799;28199;77704;
3110-EAG-4;Nieuwe Keverdijksche Polder en Hilversumse Bovenmeent, Aalscholverkolonie;Nieuwe K;OvWa_3110-EAG-4_Nieuwe K;NVT;NVT;M8;M8;M8;;;;KRWWaterTypes en Opmerking1 overgenomen uit 2016;457842;7892;31756;
3300-EAG-12;Muyeveld, De Ster;Muyeveld;OvWa_3300-EAG-12_Muyeveld;NVT;NVT;M1a;M1a;M8;;;;KRWWaterTypes en Opmerking1 overgenomen uit 2016;6535560;125984;281200;
8060-EAG-1;Middelveldse Akerpolder, polder;Middelve;OvWa_8060-EAG-1_Middelve;NVT;NVT;M10;M1a;M3;;;;KRWWaterTypes en Opmerking1 overgenomen uit 2016;1514228;40880;159851;
2110-EAG-7;Middelpolder onder Amstelveen, zuid;Middelpo;OvWa_2110-EAG-7_Middelpo;NVT;NVT;M1a;M10;M10;M1b;M3;;Overgenomen van GAF 2110;347427;6976;21635;
2110-EAG-4;Middelpolder onder Amstelveen, Natuurgebied;Middelpo;OvWa_2110-EAG-4_Middelpo;NVT;NVT;M1a;M10;M10;M1b;M3;;Overgenomen van GAF 2110;328213;13984;62361;
2110-EAG-6;Middelpolder onder Amstelveen, landelijk en sportpark;Middelpo;OvWa_2110-EAG-6_Middelpo;NVT;NVT;M1a;M10;M10;M1b;M3;;Overgenomen van GAF 2110;1426982;51109;141633;
2110-EAG-3;Middelpolder onder Amstelveen, Bovenland;Middelpo;OvWa_2110-EAG-3_Middelpo;NVT;NVT;M1a;M10;M10;M1b;M3;;Overgenomen van GAF 2110;1956729;75912;216870;
2110-EAG-1;Middelpolder onder Amstelveen, bemalen gebied;Middelpo;OvWa_2110-EAG-1_Middelpo;NVT;NVT;M1a;M10;M10;M1b;M3;;Overgenomen van GAF 2110;1190411;37461;118444;
2110-EAG-5;Middelpolder onder Amstelveen, bebouwd gebied Amstelveen;Middelpo;OvWa_2110-EAG-5_Middelpo;NVT;NVT;M1a;M10;M10;M1b;M3;;Overgenomen van GAF 2110;4531053;37620;209858;
2110-EAG-2;Middelpolder onder Amstelveen, Amsterdamse Bos;Middelpo;OvWa_2110-EAG-2_Middelpo;NVT;NVT;M1a;M10;M10;M1b;M3;;Overgenomen van GAF 2110;732202;14116;74562;
8050-EAG-2;Lutkemeerpolder, polder;Lutkemee;OvWa_8050-EAG-2_Lutkemee;NVT;NVT;M1a;M1a;M1a;;;;KRWWaterTypes en Opmerking1 overgenomen uit 2016;1738472;43266;118105;
8050-EAG-3;Lutkemeerpolder, natuurgebied;Lutkemee;OvWa_8050-EAG-3_Lutkemee;NVT;NVT;M1a;M1a;M1a;;;;KRWWaterTypes en Opmerking1 overgenomen uit 2016;534592;11867;54279;
8050-EAG-1;Lutkemeerpolder, Bisschopsmuts;Lutkemee;OvWa_8050-EAG-1_Lutkemee;NVT;NVT;M1a;M1a;M1a;;;;KRWWaterTypes en Opmerking1 overgenomen uit 2016;668817;5714;43254;
3320-EAG-3;Loenderveen, Terra Nova landelijk zuid;Loenderv;OvWa_3320-EAG-3_Loenderv;NVT;NVT;M1a;M1a;M3;;;;KRWWaterTypes en Opmerking1 overgenomen uit 2016;983393;39763;142240;
3310-EAG-1;Loenderveen (GWA), Waterleidingkanaal;Loenderv;OvWa_3310-EAG-1_Loenderv;NVT;NVT;;M10;M10;;;;KRWWaterTypes en Opmerking1 overgenomen uit 2016;241405;20744;132283;
6050-EAG-1;Krasseurstraat, Krasseurstraat;Krasseur;OvWa_6050-EAG-1_Krasseur;NVT;NVT;M8;;M10;;;;Overgenomen van GAF 6050;71807;1564;9117;
4140-EAG-5;Keverdijkse Overscheense Polder, Stadzicht;Keverdij;OvWa_4140-EAG-5_Keverdij;NVT;NVT;M8;M8;M8;;;;Overgenomen van 4140-EAG-4;115910;3990;4112;
4140-EAG-1;Keverdijkse Overscheense Polder,;Keverdij;OvWa_4140-EAG-1_Keverdij;NVT;NVT;M8;M8;M8;;;;KRWWaterTypes en Opmerking1 overgenomen uit 2016;723259;26661;36048;
4140-EAG-2;Keverdijkse Overscheense Polder,;Keverdij;OvWa_4140-EAG-2_Keverdij;NVT;NVT;M8;M8;M8;;;;KRWWaterTypes en Opmerking1 overgenomen uit 2016;586330;23565;23436;
4140-EAG-3;Keverdijkse Overscheense Polder,;Keverdij;OvWa_4140-EAG-3_Keverdij;NVT;NVT;M8;M8;M8;;;;KRWWaterTypes en Opmerking1 overgenomen uit 2016;595519;28996;50779;
4140-EAG-4;Keverdijkse Overscheense Polder,;Keverdij;OvWa_4140-EAG-4_Keverdij;NVT;NVT;M8;M8;M8;;;;KRWWaterTypes en Opmerking1 overgenomen uit 2016;119591;6991;38987;
7000-EAG-1;IJmeer, Markermeer, Gooimeer en Eemmeer, IJmeer, Bovenmaat;IJmeer, ;OvWa_7000-EAG-1_IJmeer, ;NVT;NVT;nvt;nvt;nvt;nvt;nvt;nvt;niet meenemen in toetsing;901036;5737;44739;
7100-EAG-1;Huizen (west), Kwelvijvers;Huizen (;OvWa_7100-EAG-1_Huizen (;NVT;NVT;M1a;M1a;M3;;;;Watertype nog nakijken (geoweb/gis doet niet);322141;3944;30687;
7100-EAG-2;Huizen (west), Huizermaat;Huizen (;OvWa_7100-EAG-2_Huizen (;NVT;NVT;M1a;M1a;M3;;;;Watertype nog nakijken (geoweb/gis doet niet);2244206;8540;55159;
7020-EAG-1;Huizen (oost), Bijvanck en Vierde Kwadrant;Huizen (;OvWa_7020-EAG-1_Huizen (;NVT;NVT;M1a;NTB;M3;;;;Overgenomen van GAF 7020;2157198;15122;63280;
3220-EAG-6;Horstermeerpolder en Meeruiterdijksche Polder, Spiegelpolder zuid;Horsterm;OvWa_3220-EAG-6_Horsterm;NVT;NVT;M1a;M1a;M1a;M1b;;;KRWWaterTypes en Opmerking1 overgenomen uit 2016;223244;7658;13846;
3220-EAG-2;Horstermeerpolder en Meeruiterdijksche Polder, polder;Horsterm;OvWa_3220-EAG-2_Horsterm;NVT;NVT;M1a;M1a;M1a;;;;KRWWaterTypes en Opmerking1 overgenomen uit 2016;4557583;297122;358557;
3220-EAG-4;Horstermeerpolder en Meeruiterdijksche Polder, Meeruiterdijksche Polder zuid;Horsterm;OvWa_3220-EAG-4_Horsterm;NVT;NVT;M1a;M1a;M1a;M1b;;;KRWWaterTypes en Opmerking1 overgenomen uit 2016;765434;26259;29136;
3220-EAG-5;Horstermeerpolder en Meeruiterdijksche Polder, Meeruiterdijksche Polder noord;Horsterm;OvWa_3220-EAG-5_Horsterm;NVT;NVT;M1a;M1a;M1a;M1b;;;KRWWaterTypes en Opmerking1 overgenomen uit 2016;190569;3450;4244;
3220-EAG-1;Horstermeerpolder en Meeruiterdijksche Polder, Korremof;Horsterm;OvWa_3220-EAG-1_Horsterm;NVT;NVT;M1a;M1a;M1a;M1b;;;KRWWaterTypes en Opmerking1 overgenomen uit 2016;841020;26111;60547;
3220-EAG-3;Horstermeerpolder en Meeruiterdijksche Polder, Anko zuid;Horsterm;OvWa_3220-EAG-3_Horsterm;NVT;NVT;M1a;M1a;M1a;M1b;;;KRWWaterTypes en Opmerking1 overgenomen uit 2016;1564490;77914;88335;
3210-EAG-3;Horn- en Kuyerpolder, Stedelijk gebied Nederhorst Den Berg;Horn- en;OvWa_3210-EAG-3_Horn- en;NVT;NVT;M1a;M1a;M1a;M1a;;;Overgenomen van GAF 3210;748146;25660;66091;
3210-EAG-2;Horn- en Kuyerpolder, gestuwde gebieden;Horn- en;OvWa_3210-EAG-2_Horn- en;NVT;NVT;M1a;M1a;M1a;M1a;;;Overgenomen van GAF 3210;445556;18533;19956;
3210-EAG-1;Horn- en Kuyerpolder, bemalen gebied;Horn- en;OvWa_3210-EAG-1_Horn- en;NVT;NVT;M1a;M1a;M1a;M1a;;;Overgenomen van GAF 3210;1296596;51931;55499;
2512-EAG-1;Hoogwaterzone Amstelkade P2, Hoogwaterzone Amstelkade P2;Hoogwate;OvWa_2512-EAG-1_Hoogwate;NVT;NVT;;;M8;M8;;niet meegenomen in analyse watertypen, schatting;KRWWaterTypes en Opmerking1 overgenomen uit 2016;167973;7109;27381;
2511-EAG-1;Hoogwaterzone Amstelkade P1, Hoogwaterzone Amstelkade P1;Hoogwate;OvWa_2511-EAG-1_Hoogwate;NVT;NVT;M8;M8;M10;M10;;;KRWWaterTypes en Opmerking1 overgenomen uit 2016;294005;13831;48603;
2380-EAG-1;Honderdsche polder west, Honderdsche polder west;Honderds;OvWa_2380-EAG-1_Honderds;NVT;NVT;M1a;M1a;M1a;;;;Overgenomen van GAF 2340;1025451;34548;48528;
4210-EAG-4;Hollands Ankeveensche Polder, Hollandsch Ankeveensche Polder oost;Hollands;OvWa_4210-EAG-4_Hollands;NVT;NVT;M8;M8;M10;M10;;;KRWWaterTypes en Opmerking1 overgenomen uit 2016;1667060;64807;256377;
3070-EAG-1;Holland, Sticht, Voorburg en Polder het Honderd oost, Voorburg;Holland,;OvWa_3070-EAG-1_Holland,;NVT;NVT;M1a;M1a;M1a;;;;KRWWaterTypes en Opmerking1 overgenomen uit 2016;1187937;40267;54113;
3070-EAG-2;Holland, Sticht, Voorburg en Polder het Honderd oost, Nog opknippen in  EAG's;Holland,;OvWa_3070-EAG-2_Holland,;NVT;NVT;M1a;M1a;M1a;;;;KRWWaterTypes en Opmerking1 overgenomen uit 2016;5422598;183008;341406;
2240-EAG-1;Holendrechter- en Bullewijker Polder (zuid en west), zuid en west;Holendre;OvWa_2240-EAG-1_Holendre;NVT;NVT;M8;M8;M8;M1b;;;KRWWaterTypes en Opmerking1 overgenomen uit 2016;1758045;68430;187522;
6480-EAG-3;Hoeker- en Garstenpolder, oost;Hoeker- ;OvWa_6480-EAG-3_Hoeker- ;NVT;NVT;M1a;M1a;M1a;;;;Overgenomen van GAF 6480;1494423;49172;61560;
6480-EAG-2;Hoeker- en Garstenpolder, noord;Hoeker- ;OvWa_6480-EAG-2_Hoeker- ;NVT;NVT;M1a;M1a;M1a;;;;Overgenomen van GAF 6480;848747;24663;31646;
6480-EAG-1;Hoeker- en Garstenpolder, bemalen gebied;Hoeker- ;OvWa_6480-EAG-1_Hoeker- ;NVT;NVT;M1a;M1a;M1a;;;;Overgenomen van GAF 6480;2823331;90278;122990;
4230-EAG-1;Hilversumse Ondermeent, Hilversumse Ondermeent;Hilversu;OvWa_4230-EAG-1_Hilversu;NVT;NVT;M8;M8;M8;;;;KRWWaterTypes en Opmerking1 overgenomen uit 2016;1277624;37461;52811;
4240-EAG-1;Hilversumse Meent, Hilversumse Meent;Hilversu;OvWa_4240-EAG-1_Hilversu;NVT;NVT;M10;M1a;M10;;;;KRWWaterTypes en Opmerking1 overgenomen uit 2016;888804;9175;61510;
4200-EAG-1;Heintjesrak- en Broekerpolder, nabij Faunapassage;Heintjes;OvWa_4200-EAG-1_Heintjes;NVT;NVT;M8;M8;M8;;;;Overgenomen van GAF 4200;199196;6901;8239;
4200-EAG-3;Heintjesrak- en Broekerpolder, Heintjesrakpolder;Heintjes;OvWa_4200-EAG-3_Heintjes;NVT;NVT;M8;M8;M8;;;;Overgenomen van GAF 4200;874663;27485;30741;
4200-EAG-2;Heintjesrak- en Broekerpolder, Broekerpolder;Heintjes;OvWa_4200-EAG-2_Heintjes;NVT;NVT;M8;M8;M8;;;;Overgenomen van GAF 4200;1239632;37710;41991;
7050-EAG-1;Haveneiland, Haveneiland;Haveneil;OvWa_7050-EAG-1_Haveneil;NVT;NVT;M1a;M1a;M3;;;;KRWWaterTypes en Opmerking1 overgenomen uit 2016;1298602;12622;144280;
2510-EAG-1;Groot Wilnis-Vinkeveen (zuid) en Polder Groot en Klein Oud-Aa, Heicop & Geer;Groot Wi;OvWa_2510-EAG-1_Groot Wi;NVT;NVT;M8;M8;M10;M10;;;KRWWaterTypes en Opmerking1 overgenomen uit 2016;8793095;383349;1106097;
2510-EAG-3;Groot Wilnis-Vinkeveen (zuid) en Polder Groot en Klein Oud-Aa, Bovenland;Groot Wi;OvWa_2510-EAG-3_Groot Wi;NVT;NVT;M8;M1a;M10;M10;;;KRWWaterTypes en Opmerking1 overgenomen uit 2016;4055058;171645;711495;
2510-EAG-2;Groot Wilnis-Vinkeveen (zuid) en Polder Groot en Klein Oud-Aa, Armenland;Groot Wi;OvWa_2510-EAG-2_Groot Wi;NVT;NVT;M1a;M1a;M8;M8;;;KRWWaterTypes en Opmerking1 overgenomen uit 2016;30042;2139;2599;
3050-EAG-1;Gemeenschapspolder zuid-oost, Gemeenschapspolder zuid-oost;Gemeensc;OvWa_3050-EAG-1_Gemeensc;NVT;NVT;;M8;M8;;;;KRWWaterTypes en Opmerking1 overgenomen uit 2016;774568;8277;28183;
3050-EAG-2;Gemeenschapspolder zuid-oost, Bloemendalerpolder Weesp;Gemeensc;OvWa_3050-EAG-2_Gemeensc;NVT;NVT;M1a;M8;M1a;M1b;;;KRWWaterTypes en Opmerking1 overgenomen uit 2016;398393;2739;8072;
2310-EAG-1;Gemeenschapspolder West, landelijk;Gemeensc;OvWa_2310-EAG-1_Gemeensc;NVT;NVT;M8;M8;M8;;;;KRWWaterTypes en Opmerking1 overgenomen uit 2016;4043171;136522;314750;
2310-EAG-2;Gemeenschapspolder West, Driemond;Gemeensc;OvWa_2310-EAG-2_Gemeensc;NVT;NVT;M8;M8;M8;;;;KRWWaterTypes en Opmerking1 overgenomen uit 2016;144145;3428;4957;
6420-EAG-1;Gemeenschapspolder West (Tuincomplex Linnaeus), Gemeenschapspolder West (Tuincomplex Linnaeus);Gemeensc;OvWa_6420-EAG-1_Gemeensc;NVT;NVT;M8;M8;M10;;;;KRWWaterTypes en Opmerking1 overgenomen uit 2016;211903;11823;39487;
2370-EAG-1;Gemeenschapspolder West (Betlem), Gemeenschapspolder West (Betlem);Gemeensc;OvWa_2370-EAG-1_Gemeensc;NVT;NVT;M8;M8;M8;;;;KRWWaterTypes en Opmerking1 overgenomen uit 2016;397967;9265;23820;
3303-EAG-1;Gansenhoef west, Gansenhoef west;Gansenho;OvWa_3303-EAG-1_Gansenho;NVT;NVT;;M1a;M8;;;;KRWWaterTypes en Opmerking1 overgenomen uit 2016;364634;7866;11001;
3301-EAG-2;Gansenhoef oost, Staatsbosbheer;Gansenho;OvWa_3301-EAG-2_Gansenho;NVT;NVT;M1a;M1a;M11;;;;KRWWaterTypes en Opmerking1 overgenomen uit 2016;28342;1184;5217;
3301-EAG-1;Gansenhoef oost, Gansenhoef;Gansenho;OvWa_3301-EAG-1_Gansenho;NVT;NVT;M1a;M1a;M3;;;;KRWWaterTypes en Opmerking1 overgenomen uit 2016;797212;34281;118034;
2160-EAG-1;Fred Roeskestraat, Fred Roeskestraat;Fred Roe;OvWa_2160-EAG-1_Fred Roe;NVT;NVT;;;M1a;;;niet meegenomen in analyse watertypen, schatting;KRWWaterTypes en Opmerking1 overgenomen uit 2016;145770;2411;8684;
9030-EAG-1;Florapark (zuid), Florapark (zuid);Florapar;OvWa_9030-EAG-1_Florapar;NVT;NVT;M1a;M1a;M11;;;stadspark;Overgenomen van GAF 9030;35407;537;3798;
9020-EAG-1;Florapark (noord), Florapark (noord);Florapar;OvWa_9020-EAG-1_Florapar;NVT;NVT;;;M11;;;niet meegenomen in analyse watertypen, schatting;Overgenomen van GAF 9020;155869;1065;8980;
2020-EAG-1;Flevopark, Flevopark;Flevopar;OvWa_2020-EAG-1_Flevopar;NVT;NVT;M10;M1a;M11;;;stadspark;KRWWaterTypes en Opmerking1 overgenomen uit 2016;442817;8298;39590;
1010-EAG-1;Erasmuspark, Erasmuspark;Erasmusp;OvWa_1010-EAG-1_Erasmusp;NVT;NVT;M10;M10;M11;M1b;;;KRWWaterTypes en Opmerking1 overgenomen uit 2016;112020;2299;18956;
2506-EAG-1;Eilinzon, Eilinzon;Eilinzon;OvWa_2506-EAG-1_Eilinzon;NVT;NVT;;;;;;;KRWWaterTypes en Opmerking1 overgenomen uit 2016;37271;1879;5528;
7040-EAG-1;Eiland Zeeburg, Eiland Zeeburg;Eiland Z;OvWa_7040-EAG-1_Eiland Z;NVT;NVT;M1a;M1a;M1a;;;;Overgenomen van GAF 7040;950376;14636;39449;
7110-EAG-1;Eiland Zeeburg (zuid), Eiland Zeeburg (zuid);Eiland Z;OvWa_7110-EAG-1_Eiland Z;NVT;NVT;M1a;M1a;M3;;;;Watertype nog nakijken (geoweb/gis doet niet);72596;1282;3931;
7080-EAG-1;Eiland Zeeburg (oost), Eiland Zeeburg (oost);Eiland Z;OvWa_7080-EAG-1_Eiland Z;NVT;NVT;;;;;;;Overgenomen van GAF 7080;81935;1167;2387;
2270-EAG-1;Duivendrechtsepolder noord en midden;Duivendr;OvWa_2270-EAG-1_Duivendr;NVT;NVT;M8;M8;M8;M1b;;;KRWWaterTypes en Opmerking1 overgenomen uit 2016;2975955;96582;192852;
2010-EAG-1;Diemerpolder, Diemen-Noord;Diemerpo;OvWa_2010-EAG-1_Diemerpo;NVT;NVT;M8;M8;M8;;;;KRWWaterTypes en Opmerking1 overgenomen uit 2016;1608996;43557;145149;
2010-EAG-2;Diemerpolder, Diemen;Diemerpo;OvWa_2010-EAG-2_Diemerpo;NVT;NVT;M8;M8;M8;;;;KRWWaterTypes en Opmerking1 overgenomen uit 2016;1724280;29208;96322;
8010-EAG-2;De Lange Bretten, polder;De Lange;OvWa_8010-EAG-2_De Lange;NVT;NVT;M8;M8;M8;;;;KRWWaterTypes en Opmerking1 overgenomen uit 2016;1223667;36496;126829;
8010-EAG-1;De Lange Bretten, natuurgebied;De Lange;OvWa_8010-EAG-1_De Lange;NVT;NVT;M8;M8;M8;;;;KRWWaterTypes en Opmerking1 overgenomen uit 2016;1040105;27775;106422;
7010-EAG-1;De Gooise Zomerkade, De Gooise Zomerkade;De Goois;OvWa_7010-EAG-1_De Goois;NVT;NVT;M1a;M1a;M1a;;;;Overgenomen van GAF 7010;2117110;48426;74379;
7010-EAG-2;De Gooise Zomerkade, Blaricummer Meent;De Goois;OvWa_7010-EAG-2_De Goois;NVT;NVT;M1a;M1a;M1a;;;;Overgenomen van GAF 7010;927563;15187;54396;
7030;Buitendijksgebied Naarden en Muiderberg;Buitendi;OvWa_7030_Buitendi;NVT;NVT;M1a;M10;M3;;;;Overgenomen van GAF 7030;1698002;20757;154621;
2610-EAG-1;Buitendijkse Oosterpolder, Buitenwesterpolder en Blokland (noord), bemalen gebied;Buitendi;OvWa_2610-EAG-1_Buitendi;NVT;NVT;M8;M8;M8;;;;Overgenomen van GAF 2610;2610659;110927;307052;
4120-EAG-1;Buitendijken ten Noorden van Naarden, Schapenmeent;Buitendi;OvWa_4120-EAG-1_Buitendi;NVT;NVT;M1a;M1a;M1a;;;;Overgenomen van GAF 4120;626629;3963;14682;
4120-EAG-2;Buitendijken ten Noorden van Naarden, Haverland;Buitendi;OvWa_4120-EAG-2_Buitendi;NVT;NVT;M1a;M1a;M1a;;;;Overgenomen van GAF 4120;472395;9556;15026;
9040-EAG-1;Buiksloterweg, Buiksloterweg;Buikslot;OvWa_9040-EAG-1_Buikslot;NVT;NVT;M1a;M1a;M11;;;stadspark;Overgenomen van GAF 9040;16240;303;2602;
9010-EAG-1;Buiksloterdijk, Buiksloterdijk;Buikslot;OvWa_9010-EAG-1_Buikslot;NVT;NVT;M1a;;M10;;;stadspark;Overgenomen van GAF 9010;50009;937;4860;
2230-EAG-1;Broekzijdse Polder, landelijk;Broekzij;OvWa_2230-EAG-1_Broekzij;NVT;NVT;M1a;M8;M1a;;;;KRWWaterTypes en Opmerking1 overgenomen uit 2016;2469087;91709;170042;
2230-EAG-2;Broekzijdse Polder, Abcoude;Broekzij;OvWa_2230-EAG-2_Broekzij;NVT;NVT;M1a;M8;M1a;;;;KRWWaterTypes en Opmerking1 overgenomen uit 2016;710948;13851;43294;
6460-EAG-2;Breukelen Noord, landelijk;Breukele;OvWa_6460-EAG-2_Breukele;NVT;NVT;M1a;M1a;M1a;;;;KRWWaterTypes en Opmerking1 overgenomen uit 2016;187174;8692;19741;
6460-EAG-1;Breukelen Noord, Breukelen Noord;Breukele;OvWa_6460-EAG-1_Breukele;NVT;NVT;M1a;M1a;M1a;;;;KRWWaterTypes en Opmerking1 overgenomen uit 2016;795904;12332;41015;
6580-EAG-1;Breukelen boezempeil, Breukelen boezempeil;Breukele;OvWa_6580-EAG-1_Breukele;NVT;NVT;;;;;;;Overgenomen van GAF 6580;173963;833;1373;
1030-EAG-1;BP Huis Te Vraag, BP Huis Te Vraag;BP Huis ;OvWa_1030-EAG-1_BP Huis ;NVT;NVT;;;;;;;KRWWaterTypes en Opmerking1 overgenomen uit 2016;41938;1959;3690;
2120-EAG-1;Bovenkerkerpolder, landelijk;Bovenker;OvWa_2120-EAG-1_Bovenker;NVT;NVT;M1a;M1a;M1a;M1b;;;KRWWaterTypes en Opmerking1 overgenomen uit 2016;8587053;347096;543448;
2120-EAG-3;Bovenkerkerpolder, Amstelveen;Bovenker;OvWa_2120-EAG-3_Bovenker;NVT;NVT;M1a;M1a;M3;M1b;;;KRWWaterTypes en Opmerking1 overgenomen uit 2016;5197383;61925;278999;
2120-EAG-2;Bovenkerkerpolder, Amsteldijk Zuid;Bovenker;OvWa_2120-EAG-2_Bovenker;NVT;NVT;M1a;M1a;M8;M1b;;;KRWWaterTypes en Opmerking1 overgenomen uit 2016;1516075;59867;174526;
2625-EAG-1;Blokland, Blokland;Blokland;OvWa_2625-EAG-1_Blokland;NVT;NVT;M10;M10;M8;;;;Voorheen 2620-EAG-3;2878299;131298;451823;
6530-EAG-2;Bloemendalerpolder en Gemeenschapspolder Oost, langs de Vecht;Bloemend;OvWa_6530-EAG-2_Bloemend;NVT;NVT;M8;M8;M8;;;;KRWWaterTypes en Opmerking1 overgenomen uit 2016;228521;8664;11690;
6530-EAG-1;Bloemendalerpolder en Gemeenschapspolder Oost, bemalen;Bloemend;OvWa_6530-EAG-1_Bloemend;NVT;NVT;M8;M8;M8;;;;KRWWaterTypes en Opmerking1 overgenomen uit 2016;4048346;138252;224645;
3040-EAG-1;Bloemendalerpolder (noord), Bloemendalerpolder (noord);Bloemend;OvWa_3040-EAG-1_Bloemend;NVT;NVT;;M8;M8;;;;KRWWaterTypes en Opmerking1 overgenomen uit 2016;1042140;15691;35345;
3260-EAG-1;Blijkpolder, Blijkpolder;Blijkpol;OvWa_3260-EAG-1_Blijkpol;NVT;NVT;M1a;M8;M10;;;;KRWWaterTypes en Opmerking1 overgenomen uit 2016;448193;7239;72188;
2100-EAG-1;Binnendijkse Buitenvelderse Polder, Binnendijkse Buitenvelderse Polder;Binnendi;OvWa_2100-EAG-1_Binnendi;NVT;NVT;M1a;M10;M3;M1b;;;Overgenomen van GAF 2100;5552183;52256;395087;
2210-EAG-1;Bijlmer, Bijlmer;Bijlmer,;OvWa_2210-EAG-1_Bijlmer,;NVT;NVT;M10;M8;M30;;;;KRWWaterTypes en Opmerking1 overgenomen uit 2016;6188281;49164;512696;
3311-EAG-1;Bethunepolder,;Bethunep;OvWa_3311-EAG-1_Bethunep;NVT;NVT;M8;M8;M8;;;;Overgenomen van GAF3311;2528251;110911;229050;
3311-EAG-10;Bethunepolder,;Bethunep;OvWa_3311-EAG-10_Bethunep;NVT;NVT;M8;M8;M8;;;;Overgenomen van GAF3311;63416;4572;5430;
3311-EAG-2;Bethunepolder,;Bethunep;OvWa_3311-EAG-2_Bethunep;NVT;NVT;M8;M8;M8;;;;Overgenomen van GAF3311;190451;4698;12486;
3311-EAG-3;Bethunepolder,;Bethunep;OvWa_3311-EAG-3_Bethunep;NVT;NVT;M8;M8;M8;;;;Overgenomen van GAF3311;924142;19287;21971;
3311-EAG-5;Bethunepolder,;Bethunep;OvWa_3311-EAG-5_Bethunep;NVT;NVT;M8;M8;M8;;;;Overgenomen van GAF3311;53585;2464;5055;
3311-EAG-6;Bethunepolder,;Bethunep;OvWa_3311-EAG-6_Bethunep;NVT;NVT;M8;M8;M8;;;;Overgenomen van GAF3311;356786;10130;19657;
3311-EAG-7;Bethunepolder,;Bethunep;OvWa_3311-EAG-7_Bethunep;NVT;NVT;M8;M8;M8;;;;Overgenomen van GAF3311;375596;20256;41597;
3311-EAG-8;Bethunepolder,;Bethunep;OvWa_3311-EAG-8_Bethunep;NVT;NVT;M8;M8;M8;;;;Overgenomen van GAF3311;116098;5106;9628;
3311-EAG-9;Bethunepolder,;Bethunep;OvWa_3311-EAG-9_Bethunep;NVT;NVT;M8;M8;M8;;;;Overgenomen van GAF3311;677405;33316;47729;
8110-EAG-1;Begraafplaats Vredenhof;Begraafp;OvWa_8110-EAG-1_Begraafp;NVT;NVT;M1a;M1a;M1a;;;;KRWWaterTypes en Opmerking1 overgenomen uit 2016;54182;1654;3339;
2570-EAG-2;Baambrugge Westzijds, Schrobberpolder;Baambrug;OvWa_2570-EAG-2_Baambrug;NVT;NVT;M8;M8;M8;;;;Overgenomen van GAF 2570;830774;17032;25289;
2570-EAG-1;Baambrugge Westzijds, polder;Baambrug;OvWa_2570-EAG-1_Baambrug;NVT;NVT;M8;M8;M8;;;;Overgenomen van GAF 2570;5386153;175382;330447;
2330-EAG-1;Baambrugge Oostzijds (west);Baambrug;OvWa_2330-EAG-1_Baambrug;NVT;NVT;M8;M8;M8;;;;KRWWaterTypes en Opmerking1 overgenomen uit 2016;1393604;50494;103080;
6430-EAG-1;Baambrugge Oostzijds;Baambrug;OvWa_6430-EAG-1_Baambrug;NVT;NVT;M8;M8;M8;;;;KRWWaterTypes en Opmerking1 overgenomen uit 2016;7252899;278368;429481;
4110-EAG-1;B.O.B.M.-polder en Buitendijken tussen Muiderberg en Naarden, B.O. bemalen;B.O.B.M.;OvWa_4110-EAG-1_B.O.B.M.;NVT;NVT;M1a;M8;M1a;M1b;M8;;Overgenomen van GAF 4110;2357987;39833;85398;
4110-EAG-2;B.O.B.M.-polder en Buitendijken tussen Muiderberg en Naarden, B.O. (oost);B.O.B.M.;OvWa_4110-EAG-2_B.O.B.M.;NVT;NVT;M1a;M8;M1a;M1b;M8;;Overgenomen van GAF 4110;324966;4994;18306;
2050-EAG-1;Atekpolder, Atekpolder;Atekpold;OvWa_2050-EAG-1_Atekpold;NVT;NVT;;;M10;;;niet meegenomen in analyse watertypen, schatting;KRWWaterTypes en Opmerking1 overgenomen uit 2016;26343;602;783;
6450-EAG-3;Aetsveldse Polder west, zuid;Aetsveld;OvWa_6450-EAG-3_Aetsveld;NVT;NVT;M1a;M1a;M1a;;;;KRWWaterTypes en Opmerking1 overgenomen uit 2016;258882;7602;8488;
6450-EAG-2;Aetsveldse Polder west, fort;Aetsveld;OvWa_6450-EAG-2_Aetsveld;NVT;NVT;M1a;M1a;M3;;;;KRWWaterTypes en Opmerking1 overgenomen uit 2016;48506;1408;29081;
6450-EAG-1;Aetsveldse Polder west, bemalen;Aetsveld;OvWa_6450-EAG-1_Aetsveld;NVT;NVT;M1a;M1a;M1a;;;;KRWWaterTypes en Opmerking1 overgenomen uit 2016;2470457;81544;110042;
6490-EAG-1;Aetsveldse Polder west (Driemond), Driemond;Aetsveld;OvWa_6490-EAG-1_Aetsveld;NVT;NVT;;M1a;M1a;;;;KRWWaterTypes en Opmerking1 overgenomen uit 2016;67417;730;1060;
6540-EAG-3;Aetsveldse Polder Oost, stedelijk Weesp;Aetsveld;OvWa_6540-EAG-3_Aetsveld;NVT;NVT;M1a;M1a;M1a;;;;KRWWaterTypes en Opmerking1 overgenomen uit 2016;1556893;30919;78954;
6540-EAG-2;Aetsveldse Polder Oost, blokbemaling;Aetsveld;OvWa_6540-EAG-2_Aetsveld;NVT;NVT;M1a;M1a;M1a;;;;KRWWaterTypes en Opmerking1 overgenomen uit 2016;591821;17770;23797;
6540-EAG-1;Aetsveldse Polder Oost, bemalen;Aetsveld;OvWa_6540-EAG-1_Aetsveld;NVT;NVT;M1a;M1a;M1a;;;;KRWWaterTypes en Opmerking1 overgenomen uit 2016;6446497;236188;349574;
