GAFIDENT;GAFNAAM;Begindatum;Einddatum;KRWWaterlichaamcode;KRW_SGBP3;KRWmonitoringslocatie;KRWmonitoringslocatie_SGBP3;KRWmonitoringslocatie_SGBP3_MeetpuntInAquoKit20200701;SGBP3_NAAM;OPMERKING;Plas;watertype;KRWWatertypeVoorstel_status;type;vijver;StedelijkLandelijk;LANDBOUWGEB;OppEAG;OppWater;OppLand;OmtrekWater;OppWater0_1m;OppWater1_8m;OppWater8m;Opp verhard;Opp onverhard;Opp water (BGT);percOpenwater;Formule_omtrekoppervlak
2110-EAG-8;Middelpolder onder Amstelveen, bemalen gebied - KRW Waterlichaam;;20191205;NL11_2_6;;NL11_VaartenWesteramstel;;;;KRW Waterlichaam;;M10;WBP 2016-2021;sloot;;Landelijk;;63365;15335;48030;3281;;;;;;;24;0.037742934
2120-EAG-4;Bovenkerkerpolder, landelijk- KRW Waterlichaam;;20191205;NL11_2_6;;NL11_VaartenWesteramstel;;;;KRW Waterlichaam;;M10;WBP 2016-2021;sloot;;Landelijk;;121173;48490;72683;10887;;;;;;;40;0.020226366
2130-EAG-5;Noorder Legmeerpolder, landelijk - KRW Waterlichaam;;20191205;NL11_2_6;;NL11_VaartenWesteramstel;;;;KRW Waterlichaam;;M10;WBP 2016-2021;sloot;;Landelijk;;111848;40946;70902;6709;;;;;;;37;0.030161154
2400-EAG-7;Polder de Rondehoep, bemalen gebied - KRW Waterlichaam;;20191205;NL11_2_5;;NL11_VaartenRondeHoep;;;;KRW Waterlichaam;;M10;WBP 2016-2021;sloot;;Landelijk;;129602;39808;89794;9024;;;;2645;86815;40145;31;0.022109865
2400-EAG-8;Polder de Rondehoep, noord-oost - KRW Waterlichaam;;20191205;NL11_2_5;;NL11_VaartenRondeHoep;;;;KRW Waterlichaam;;M10;WBP 2016-2021;sloot;;Landelijk;;51671;21979;29692;4896;;;;798;28702;22172;43;0.030280466
2400-EAG-9;Polder de Rondehoep, weidevogel gebied - KRW Waterlichaam;;20191205;NL11_2_5;;NL11_VaartenRondeHoep;;;;KRW Waterlichaam;;M10;WBP 2016-2021;sloot;;Landelijk;;16474;2428;14046;676;;;;0;14044;2435;15;0.072891627
2501-EAG-3;Polder Oukoop en Polder Groot Wilnis-Vinkeveen (oost), Polder Demmerik - KRW Waterlichaam;;20191205;NL11_2_3;;NL11_VaartenRondeVenen;;;;KRW Waterlichaam;;M10;WBP 2016-2021;sloot;;Landelijk;;47308;27226;20082;3770;;;;1591;18316;27403;58;0.043767382
2510-EAG-4;Groot Wilnis-Vinkeveen (zuid) en Polder Groot en Klein Oud-Aa, Heicop & Geer - KRW Waterlichaam;;20191205;NL11_2_3;;NL11_VaartenRondeVenen;;;;KRW Waterlichaam;;M10;;sloot;;Landelijk;;163475;68675;94800;11639;;;;1139;93144;69192;42;0.022515607
2510-EAG-5;Groot Wilnis-Vinkeveen (zuid) en Polder Groot en Klein Oud-Aa, Bovenland - KRW Waterlichaam;;20191205;NL11_2_3;;NL11_VaartenRondeVenen;;;;KRW Waterlichaam;;M10;;sloot;;Landelijk;;245837;95426;150411;10540;;;;885;149045;95904;39;0.029308443
2540-EAG-6;Polder Groot Mijdrecht en Polder de Eerste Bedijking (oost), landelijk - KRW Waterlichaam;;20191205;NL11_2_7;;NL11_VaartenGrootMijdrec;;;;KRW Waterlichaam;;M10;WBP 2016-2021;sloot;;Landelijk;;261456;86276;175180;11646;;;;37083;137923;86449;33;0.025221343
2600-EAG-10;Polder Zevenhoven, bemalen gebied - KRW Waterlichaam;;20191205;NL11_2_4;;NL11_VaartenZevenhoven;;;;KRW Waterlichaam;;M10;WBP 2016-2021;sloot;;Landelijk;;201582;67745;133837;14886;;;;14315;118930;68337;34;0.017484798
3000-EAG-1;Vechtboezem, Vecht;;20191205;NL11_1_2;;NL11_Vecht;;;;KRW Waterlichaam;;M7b;WBP 2016-2021;canal;;Landelijk;;6636325;3302353;3333972;180498;;;;877211;2447141;3311995;50;0.010067911
3300-EAG-10;Muyeveld, Weersloot;;20191205;NL11_6_1;;NL11_Sterenzodden;;;;KRW Waterlichaam;;M10;WBP 2016-2021;sloot;;Landelijk;;2733132;345003;2388129;110043;;;;112917;2274867;345357;13;0.005337637
3300-EAG-11;Muyeveld, Oostenlijke Drecht;;20191205;NL11_6_1;;NL11_Sterenzodden;;;;KRW Waterlichaam;;M10;WBP 2016-2021;sloot;;Landelijk;;4516606;596646;3919960;170106;;;;300101;3618151;598381;13;0.004540867
3300-EAG-12;Muyeveld, De Ster;;20191205;;;;;;;KRW Overig water;;M8;20161205_MemoWatertypenOverigWater;sloot;;Landelijk;;6536672;282606;6254066;126253;;;;880052;5366659;289989;4;0.004210648
3311-EAG-4;Bethunepolder,;20170202;20191205;;;;;;;KRW Overig water;;M8;WBP 2016-2021;sloot;;Landelijk;;119736;0;0;0;;;;0;119736;0;0;#DELING.DOOR.0!
6100-EAG-2;Noorder IJ Polder, Noorder IJplas;;20191205;;;;;;;NVT;;M20;WBP 2016-2021;plas;;Landelijk;;116947;81468;35479;1216;;;;3904;31579;81467;70;0.234725327
1000-EAG-1;Stadsboezem Amsterdam, Oost;20160428;;NL11_2_1;NL11_2_1;NL11_VaartenAmsterdam;NL11_VaartenAmsterdam;NL11_VaartenAmsterdam;Vaarten Amsterdam;KRW Waterlichaam;;M6b;WBP 2016-2021;canal;;Stedelijk;overig;12521550;1308993;11212557;111163;;;;;;;10;0.010292204
1000-EAG-2;Stadsboezem Amsterdam, West;20160428;;NL11_2_1;NL11_2_1;NL11_VaartenAmsterdam;NL11_VaartenAmsterdam;NL11_VaartenAmsterdam;Vaarten Amsterdam;KRW Waterlichaam;;M6b;WBP 2016-2021;canal;;Stedelijk;overig;2281305;255437;2025867;16067;;;;;;;11;0.031456262
1000-EAG-3;Stadsboezem Amsterdam, stad;20160428;;NL11_2_1;NL11_2_1;NL11_VaartenAmsterdam;NL11_VaartenAmsterdam;NL11_VaartenAmsterdam;Vaarten Amsterdam;KRW Waterlichaam;;M6b;WBP 2016-2021;canal;;Stedelijk;overig;374119;81540;292579;6324;;;;;;;22;0.045153716
1000-EAG-4;Stadsboezem Amsterdam, Zeeburg;20160428;;NL11_2_1;NL11_2_1;NL11_VaartenAmsterdam;NL11_VaartenAmsterdam;NL11_VaartenAmsterdam;Vaarten Amsterdam;KRW Waterlichaam;;M6b;WBP 2016-2021;canal;;Stedelijk;overig;574657;181248;393409;10020;;;;;;;32;0.042488255
1010-EAG-1;Erasmuspark, Erasmuspark;20160428;;;;;;;;KRW Overig water;;M11;20161205_MemoWatertypenOverigWater;kleine plas;vijver;Stedelijk;park;112020;18956;93064;2299;;;;;;;17;0.059887251
1020-EAG-1;Westerpark, Westerpark;20160428;;;;;;;;KRW Overig water;;M11;20161205_MemoWatertypenOverigWater;kleine plas;vijver;Stedelijk;park;63252;3233;60019;401;;;;;;;5;0.141794204
1030-EAG-1;BP Huis Te Vraag, BP Huis Te Vraag;20160428;;;;;;;;KRW Overig water;;M3;WBP 2016-2021;canal;;Stedelijk;overig;41938;3709;38228;1962;;;;;;;9;0.03104055
1050-EAG-1;SP Zuid, SP Zuid;20160428;;;;;;;;KRW Overig water;;M3;20161205_MemoWatertypenOverigWater;canal;;Stedelijk;overig;34637;576;34062;416;;;;;;;2;0.057692308
1060-EAG-1;Vondelpark, Vondelpark;20160428;;;;;;;;KRW Overig water;;M11;20161205_MemoWatertypenOverigWater;kleine plas;vijver;Stedelijk;park;733376;85570;647806;9537;;;;;;;12;0.030672486
2000-EAG-1;Boezem Amstelland-West, Noord;20160428;;NL11_2_1;NL11_1_1;NL11_VaartenAmsterdam;NL11_Amstellandboezem;NL11_Amstellandboezem;Amstellandboezem;KRW Waterlichaam;;M6b;WBP 2016-2021;canal;;Stedelijk;overig;9143369;925282;8218087;51138;;;;;;;10;0.018810196
2000-EAG-2;Boezem Amstelland-West, Noord-West;20160428;;NL11_1_1;NL11_1_1;NL11_Amstellandboezem;NL11_Amstellandboezem;NL11_Amstellandboezem;Amstellandboezem;KRW Waterlichaam;;M6b;WBP 2016-2021;canal;;Landelijk;overig;1100828;825067;275761;27281;;;;;;;75;0.033295407
2000-EAG-3;Boezem Amstelland-West, Noord-Oost;20160428;;NL11_1_1;NL11_1_1;NL11_Amstellandboezem;NL11_Amstellandboezem;NL11_Amstellandboezem;Amstellandboezem;KRW Waterlichaam;;M6b;WBP 2016-2021;canal;;Landelijk;overig;984271;536538;447734;23218;;;;;;;55;0.031548262
2000-EAG-4;Boezem Amstelland-West, Oost;20160428;;NL11_1_1;NL11_1_1;NL11_Amstellandboezem;NL11_Amstellandboezem;NL11_Amstellandboezem;Amstellandboezem;KRW Waterlichaam;;M6b;WBP 2016-2021;canal;;Landelijk;overig;933829;664945;268883;52457;;;;;;;71;0.015544953
2000-EAG-5;Boezem Amstelland-West, Midden;20160428;;NL11_1_1;NL11_1_1;NL11_Amstellandboezem;NL11_Amstellandboezem;NL11_Amstellandboezem;Amstellandboezem;KRW Waterlichaam;;M6b;WBP 2016-2021;canal;;Landelijk;overig;1069442;831412;238030;50555;;;;;;;78;0.018036158
2000-EAG-6;Boezem Amstelland-West, West;20160428;;NL11_1_1;NL11_1_1;NL11_Amstellandboezem;NL11_Amstellandboezem;NL11_Amstellandboezem;Amstellandboezem;KRW Waterlichaam;;M6b;WBP 2016-2021;canal;;Landelijk;veen;1367944;1081857;286087;52323;;;;;;;79;0.019878897
2000-EAG-7;Boezem Amstelland-West, Zuid;20160428;;NL11_1_1;NL11_1_1;NL11_Amstellandboezem;NL11_Amstellandboezem;NL11_Amstellandboezem;Amstellandboezem;KRW Waterlichaam;;M6b;WBP 2016-2021;canal;;Landelijk;veen;525200;327777;197423;40671;;;;;;;62;0.014076814
2010-EAG-1;Diemerpolder, Diemen-Noord;20160428;;;;;;;;KRW Overig water;;M8;WBP 2016-2021;sloot;;Stedelijk;overig;1601071;144598;1456472;43476;;;;;;;9;0.008746445
2010-EAG-2;Diemerpolder, Diemen;20160428;;;;;;;;KRW Overig water;;M8;WBP 2016-2021;sloot;;Stedelijk;overig;1730320;98763;1631557;30533;;;;;;;6;0.010292661
2020-EAG-1;Flevopark, Flevopark;20160428;;;;;;;;KRW Overig water;;M11;20161205_MemoWatertypenOverigWater;kleine plas;vijver;Stedelijk;park;442817;39590;403228;8298;;;;;;;9;0.023978351
2030-EAG-1;Sarphatipark, Sarphatipark;20160428;;;;;;;;KRW Overig water;;M11;20161205_MemoWatertypenOverigWater;kleine plas;vijver;Stedelijk;park;42114;5367;36747;741;;;;;;;13;0.098866143
2040-EAG-1;Oosterpark, Oosterpark;20160428;;;;;;;;KRW Overig water;;M11;20161205_MemoWatertypenOverigWater;kleine plas;vijver;Stedelijk;park;109532;14753;94780;1289;;;;;;;13;0.09422958
2050-EAG-1;Atekpolder, Atekpolder;20160428;;;;;;;;KRW Overig water;;M10;20161205_MemoWatertypenOverigWater;sloot;;Stedelijk;overig;25879;805;25074;614;;;;;;;3;0.046209319
2100-EAG-1;Binnendijkse Buitenvelderse Polder, Binnendijkse Buitenvelderse Polder;20170322;;;;;;;;KRW Overig water;;M10;20161205_MemoWatertypenOverigWater;sloot;;Stedelijk;overig;5556130;388084;5168046;51009;;;;;;;7;0.012212823
2110-EAG-1;Middelpolder onder Amstelveen, bemalen gebied;20170315;;NL11_2_6;;NL11_VaartenWesteramstel;;;;KRW Overig water;;M10;WBP 2016-2021;sloot;;Landelijk;overig;1201183;126128;1075056;41766;;;;;;;11;0.008503209
2110-EAG-2;Middelpolder onder Amstelveen, Amsterdamse Bos;20170315;;;;;;;;KRW Overig water;;M10;WBP 2016-2021;sloot;;Landelijk;overig;709244;74629;634615;14240;;;;;;;11;0.019184206
2110-EAG-3;Middelpolder onder Amstelveen, Bovenland;20170315;;;;;;;;KRW Overig water;;M10;WBP 2016-2021;sloot;;Landelijk;veen;1891875;231214;1660661;79963;;;;;;;12;0.006013371
2110-EAG-4;Middelpolder onder Amstelveen, Natuurgebied;20170315;;;;;;;;KRW Overig water;;M10;WBP 2016-2021;sloot;;Landelijk;overig;325133;72650;252483;14748;;;;;;;22;0.018276149
2110-EAG-5;Middelpolder onder Amstelveen, bebouwd gebied Amstelveen;20170315;;;;;;;;KRW Overig water;;M10;WBP 2016-2021;sloot;;Stedelijk;overig;4689418;233596;4455822;40703;;;;;;;5;0.011874253
2110-EAG-6;Middelpolder onder Amstelveen, landelijk en sportpark;20170315;;;;;;;;KRW Overig water;;M10;WBP 2016-2021;sloot;vijver;Landelijk;overig;1439378;147715;1291664;53706;;;;;;;10;0.007156316
2110-EAG-7;Middelpolder onder Amstelveen, zuid;20170315;;;;;;;;KRW Overig water;;M10;WBP 2016-2021;sloot;;Stedelijk;overig;270489;21616;248873;6977;;;;;;;8;0.02107264
2120-EAG-1;Bovenkerkerpolder, landelijk;20160428;;NL11_2_6;NL11_2_8;;NL11_Bovenkerkerpolder;NL11_Bovenkerkerpolder;Bovenkerkerpolder;KRW Waterlichaam;;M1a;WBP 2016-2021;sloot;;Landelijk;droogmakerij;8585372;594101;7991271;384888;;;;;;;7;0.002002607
2120-EAG-2;Bovenkerkerpolder, Amsteldijk Zuid;20160428;;;;;;;;KRW Overig water;;M8;20161205_MemoWatertypenOverigWater;sloot;;Landelijk;veen;1517750;177202;1340548;63080;;;;;;;12;0.00667333
2120-EAG-3;Bovenkerkerpolder, Amstelveen;20160428;;;;;;;;KRW Overig water;;M3;20161205_MemoWatertypenOverigWater;sloot;;Stedelijk;droogmakerij;5196670;280648;4916023;61970;;;;;;;5;0.008548688
2130-EAG-1;Noorder Legmeerpolder, landelijk;20160428;;NL11_2_6;NL11_2_9;;NL11_Noorderlegmeer;NL11_Noorderlegmeer;Noorderlegmeer;KRW Waterlichaam;;M1a;WBP 2016-2021;sloot;;Landelijk;overig;9111786;340604;8771182;182130;;;;;;;4;0.003204375
2130-EAG-2;Noorder Legmeerpolder, Bovenkerk;20160428;;;;;;;;KRW Overig water;;M1a;WBP 2016-2021;sloot;;Stedelijk;overig;3551820;249119;3302701;60377;;;;;;;7;0.008266695
2130-EAG-3;Noorder Legmeerpolder, Uithoorn;20160428;;;;;;;;KRW Overig water;;M1a;WBP 2016-2021;sloot;;Stedelijk;veen;3769957;201063;3568893;51254;;;;;;;5;0.008748595
2130-EAG-4;Noorder Legmeerpolder, Amstelzijde;20160428;;;;;;;;KRW Overig water;;M1a;WBP 2016-2021;sloot;;Stedelijk;veen;212742;10163;202579;4084;;;;;;;5;0.024684551
2140-EAG-1;Uithoornsche Polder, Uithoornse Polder midden;20160428;;;;;;;;KRW Overig water;;M10;20161205_MemoWatertypenOverigWater;sloot;;Landelijk;veen;1368003;254663;1113341;63390;;;;;;;19;0.0079609
2140-EAG-2;Uithoornsche Polder, Uithoornse Polder zuid;20160428;;;;;;;;KRW Overig water;;M8;WBP 2016-2021;sloot;;Landelijk;veen;492717;78389;414328;27230;;;;;;;16;0.010282055
2140-EAG-3;Uithoornsche Polder, Zijdelmeer;20160428;;;;;;;;KRW Overig water;;M25;20161205_MemoWatertypenOverigWater;kleine plas;vijver;Stedelijk;plas;313020;142115;170905;9091;;;;;;;45;0.041467543
2140-EAG-4;Uithoornsche Polder, Bebouwing Uithoorn-Zuid;20160428;;;;;;;;KRW Overig water;;M10;20161205_MemoWatertypenOverigWater;sloot;;Stedelijk;veen;2139217;377710;1761508;81384;;;;;;;18;0.007551621
2140-EAG-5;Uithoornsche Polder, Natuurgebied Uithoorn;20160428;;;;;;;;KRW Overig water;;M10;20161205_MemoWatertypenOverigWater;sloot;;Landelijk;veen;228892;59967;168924;10059;;;;;;;26;0.024344528
2140-EAG-6;Uithoornsche Polder, De Kwakel;20160428;;;;;;;;KRW Overig water;;M10;20161205_MemoWatertypenOverigWater;sloot;;Landelijk;veen;2013566;370082;1643484;84050;;;;;;;18;0.007237878
2150-EAG-1;Zuider Legmeerpolder, waterberging;20160428;;;;;;;;KRW Overig water;;M1a;WBP 2016-2021;sloot;;Landelijk;gtb;199577;8160;191417;4850;;;;;;;4;0.018625303
2150-EAG-2;Zuider Legmeerpolder, Kudelstaart;20160428;;;;;;;;KRW Overig water;;M1a;WBP 2016-2021;sloot;;Stedelijk;overig;1367610;87755;1279855;24482;;;;;;;6;0.012100102
2150-EAG-3;Zuider Legmeerpolder, landelijk;20160428;;;;;;;;KRW Overig water;;M1a;WBP 2016-2021;sloot;;Landelijk;gtb;7423665;286038;7137627;136224;;;;;;;4;0.003926072
2160-EAG-1;Fred Roeskestraat, Fred Roeskestraat;20160428;;;;;;;;KRW Overig water;;M1a;20161205_MemoWatertypenOverigWater;canal;;Stedelijk;overig;144418;10145;134273;1955;;;;;;;7;0.051520404
2200-EAG-1;Venserpolder (volkstuinparken), Nieuw Vredelust, Ons Lustoord en Dijkzicht;20160428;;;;;;;;KRW Overig water;;M10;20161205_MemoWatertypenOverigWater;sloot;vijver;Stedelijk;volkstuinen;493872;56962;436910;26525;;;;;;;12;0.008997818
2210-EAG-1;Bijlmer, Bijlmer;20160428;;;;;;;;KRW Overig water;;M30;20161205_MemoWatertypenOverigWater;sloot;;Stedelijk;overig;6192676;506078;5686597;48399;;;;;;;8;0.014698477
2220-EAG-1;Zuid Bijlmer, Gaasperplas;20160428;;NL11_3_2;NL11_3_2;NL11_Gaasperplas;NL11_Gaasperplas;NL11_Gaasperplas;Gaasperplas;KRW Waterlichaam;Gaasperplas;M20;WBP 2016-2021;plas;;Landelijk;hoge_potentie_lb;883009;626908;256101;10029;11229;204196;399520;;;;71;0.078948571
2220-EAG-2;Zuid Bijlmer, Gaasperdam;20160428;;;;;;;;KRW Overig water;;M1a;;sloot;;Stedelijk;overig;6293970;383441;5910529;98649;;;;;;;6;0.006277064
2220-EAG-3;Zuid Bijlmer, Recreatiegebied De Hoge Dijk;20160428;;;;;;;;KRW Overig water;;M1a;;sloot;;Landelijk;overig;249335;73964;175372;9018;;;;;;;30;0.030157821
2220-EAG-4;Zuid Bijlmer, Gaasperpark;20191127;;;;;;;;KRW Overig water;;M1a;;sloot;;Stedelijk;park;942010;52399;889610;15346;;;;;;;6;0.014916478
2230-EAG-1;Broekzijdse Polder, landelijk;20160428;;;;;;;;KRW Overig water;;M1a;20161205_MemoWatertypenOverigWater;sloot;;Landelijk;hoge_potentie_lb;2469087;170927;2298161;93546;;;;90089;2206319;172713;7;0.004419571
2230-EAG-2;Broekzijdse Polder, Abcoude;20160428;;;;;;;;KRW Overig water;;M1a;20161205_MemoWatertypenOverigWater;sloot;;Stedelijk;overig;710948;43383;667565;13938;;;;324280;342174;44502;6;0.014943741
2240-EAG-1;Holendrechter- en Bullewijker Polder (zuid en west), zuid en west;20160428;;;;;;;;KRW Overig water;;M8;WBP 2016-2021;sloot;;Landelijk;veen;1718619;221936;1496682;73610;;;;196522;1295988;226132;13;0.006399957
2250-EAG-1;Polder de Nieuwe Bullewijk en Holendrechter- en Bullewijker Polder noord, Ouderkerkerplas;20160428;;NL11_3_3;NL11_3_3;NL11_Ouderkerkerplas;NL11_Ouderkerkerplas;NL11_Ouderkerkerplas;Ouderkerkerplas;KRW Waterlichaam;Ouderkerkerplas;M20;WBP 2016-2021;plas;;Landelijk;veen;928499;730801;197698;12923;15987;275378;438036;31628;165710;731180;79;0.066150971
2250-EAG-2;Polder de Nieuwe Bullewijk en Holendrechter- en Bullewijker Polder noord, Korte Dwarsweg;20160428;;;;;;;;KRW Overig water;;M30;20161205_MemoWatertypenOverigWater;sloot;;Landelijk;veen;518799;32283;486516;22688;;;;65720;418031;35056;6;0.007919372
2250-EAG-3;Polder de Nieuwe Bullewijk en Holendrechter- en Bullewijker Polder noord, Ouderkerk aan de Amstel;20160428;;;;;;;;KRW Overig water;;M8;WBP 2016-2021;sloot;;Stedelijk;veen;954881;59159;895722;17956;;;;489659;404603;60629;6;0.01354568
2250-EAG-4;Polder de Nieuwe Bullewijk en Holendrechter- en Bullewijker Polder noord, Bullewijk en AMC;20160428;;;;;;;;KRW Overig water;;M30;20161205_MemoWatertypenOverigWater;sloot;;Stedelijk;overig;4522725;325864;4196862;49308;;;;2597097;1595669;330024;7;0.011577127
2250-EAG-5;Polder de Nieuwe Bullewijk en Holendrechter- en Bullewijker Polder noord, golfterrein;20160428;;;;;;;;KRW Overig water;;M30;20161205_MemoWatertypenOverigWater;sloot;;Landelijk;overig;728304;111491;616812;23931;;;;89371;525786;113166;15;0.013952726
2250-EAG-6;Polder de Nieuwe Bullewijk en Holendrechter- en Bullewijker Polder noord, nabij recreatiegebied;20160428;;;;;;;;KRW Overig water;;M30;20161205_MemoWatertypenOverigWater;sloot;;Landelijk;overig;217768;21399;196369;14722;;;;13781;181310;22683;10;0.00993642
2250-EAG-7;Polder de Nieuwe Bullewijk en Holendrechter- en Bullewijker Polder noord, Bullewijker Polder noord;20160428;;;;;;;;KRW Overig water;;M30;20161205_MemoWatertypenOverigWater;sloot;;Landelijk;veen;1101914;100846;1001068;43289;;;;158500;839977;103455;9;0.007335873
2270-EAG-1;Duivendrechtsepolder noord en midden;20160428;;;;;;;;KRW Overig water;;M8;WBP 2016-2021;sloot;;Landelijk;veen;2973850;203625;2770225;113324;;;;205969;2554272;213663;7;0.00398193
2280-EAG-1;Venserpolder, Venserpolder;20160428;;;;;;;;KRW Overig water;;M3;20161205_MemoWatertypenOverigWater;canal;;Stedelijk;overig;7937363;405457;7531905;85997;;;;4354937;3162481;408568;5;0.007404387
2290-EAG-1;Polder De Toekomst, Polder De Toekomst;20160428;;;;;;;;KRW Overig water;;M8;WBP 2016-2021;sloot;;Landelijk;veen;992750;60822;931928;24085;;;;265984;662689;64096;6;0.010239617
2300-EAG-1;Overdiemerpolder, Overdiemerpolder;20160428;;;;;;;;KRW Overig water;;M8;WBP 2016-2021;sloot;;Landelijk;overig;987582;141144;846439;32433;;;;243108;603328;141170;14;0.011583614
2310-EAG-1;Gemeenschapspolder West, landelijk;20160428;;;;;;;;KRW Overig water;;M8;WBP 2016-2021;sloot;;Landelijk;overig;4003651;337440;3666210;154081;;;;548444;3114956;340326;8;0.003770068
2310-EAG-2;Gemeenschapspolder West, Driemond;20160428;;;;;;;;KRW Overig water;;M8;WBP 2016-2021;sloot;;Stedelijk;overig;144155;4959;139196;3429;;;;64977;74219;4961;3;0.020536648
2330-EAG-1;Baambrugge Oostzijds (west);20160428;;;;;;;;KRW Overig water;;M8;WBP 2016-2021;sloot;;Landelijk;hoge_potentie_lb;1393604;103078;1290526;50504;;;;135837;1150916;106869;7;0.006357073
2340-EAG-1;Polder Holland en Sticht west, bemalen;20170404;;;;;;;;KRW Overig water;;M1a;WBP 2016-2021;sloot;;Landelijk;hoge_potentie_lb;1857364;99836;1757528;85572;;;;166569;1581081;109726;5;0.003692427
2340-EAG-2;Polder Holland en Sticht west, Loendersloot;20170404;;;;;;;;KRW Overig water;;M1a;WBP 2016-2021;sloot;;Landelijk;hoge_potentie_lb;391584;16776;374808;11804;;;;89295;284622;17671;4;0.010972738
2350-EAG-1;Venserpolder (volkstuinpark Amstelglorie), Venserpolder (volkstuinpark Amstelglorie);20160428;;;;;;;;KRW Overig water;;M1a;WBP 2016-2021;sloot;vijver;Stedelijk;volkstuinen;287613;28595;259017;12395;;;;29051;228747;29822;10;0.013642643
2370-EAG-1;Gemeenschapspolder West (Betlem), Gemeenschapspolder West (Betlem);20160428;;;;;;;;KRW Overig water;;M8;WBP 2016-2021;sloot;;Landelijk;overig;396159;35389;360770;11868;;;;116062;244480;35626;9;0.015850998
2380-EAG-1;Honderdsche polder west, Honderdsche polder west;20170404;;;;;;;;KRW Overig water;;M1a;WBP 2016-2021;sloot;;Landelijk;hoge_potentie_lb;1018056;48963;969094;34807;;;;55684;911395;50980;5;0.006357223
2400-EAG-1;Polder de Rondehoep, bemalen gebied;20170208;;NL11_2_5;NL11_2_5;;NL11_VaartenRondeHoep;NL11_VaartenRondeHoep;Vaarten Ronde Hoep;KRW Waterlichaam;;M8;WBP 2016-2021;sloot;;Landelijk;veen;3081246;192636;2888610;114090;;;;98873;2714063;157211;6;0.003846991
2400-EAG-2;Polder de Rondehoep, zuid-west;20170208;;;NL11_2_5;;NL11_VaartenRondeHoep;NL11_VaartenRondeHoep;Vaarten Ronde Hoep;KRW Waterlichaam;;M8;WBP 2016-2021;sloot;;Landelijk;veen;3336778;240137;3096641;136020;;;;96703;2992018;248102;7;0.003602689
2400-EAG-3;Polder de Rondehoep, noord-west;20170208;;;NL11_2_5;;NL11_VaartenRondeHoep;NL11_VaartenRondeHoep;Vaarten Ronde Hoep;KRW Waterlichaam;;M8;WBP 2016-2021;sloot;;Landelijk;veen;1824656;117458;1707198;68904;;;;108497;1595789;120399;6;0.004973898
2400-EAG-4;Polder de Rondehoep, noord-oost;20170208;;;NL11_2_5;;NL11_VaartenRondeHoep;NL11_VaartenRondeHoep;Vaarten Ronde Hoep;KRW Waterlichaam;;M8;WBP 2016-2021;sloot;;Landelijk;veen;2303369;133862;2169507;78916;;;;69736;2048807;114659;6;0.004636215
2400-EAG-5;Polder de Rondehoep, weidevogel gebied;20170208;;;NL11_2_5;;NL11_VaartenRondeHoep;NL11_VaartenRondeHoep;Vaarten Ronde Hoep;KRW Waterlichaam;;M8;WBP 2016-2021;sloot;;Landelijk;veen;1424931;167972;1256959;50289;;;;3;1242517;166008;12;0.008149772
2400-EAG-6;Polder de Rondehoep,Ouderkerk aan de Amstel;20170208;;;;;;;;KRW Overig water;;M8;WBP 2016-2021;sloot;;Stedelijk;veen;720604;47771;672833;17249;;;;348442;323901;48274;7;0.012671215
2410-EAG-1;Polder Waardassacker en Holendrecht, Holendrechter polder;20170210;;;;;;;;KRW Overig water;;M8;WBP 2016-2021;sloot;;Landelijk;veen;3203741;232361;2971380;110079;;;;127451;2841245;235086;7;0.004379022
2410-EAG-2;Polder Waardassacker en Holendrecht, stedelijkgebied (noord);20170210;;;;;;;;KRW Overig water;;M8;WBP 2016-2021;sloot;;Stedelijk;overig;983179;70323;912856;24446;;;;354404;556745;72042;7;0.01084778
2410-EAG-3;Polder Waardassacker en Holendrecht, stedelijkgebied (zuid);20170210;;;;;;;;KRW Overig water;;M8;WBP 2016-2021;sloot;;Stedelijk;hoge_potentie_lb;1668234;129711;1538523;50230;;;;308614;1228610;131036;8;0.0071701
2410-EAG-4;Polder Waardassacker en Holendrecht, Slot polder;20170210;;;;;;;;KRW Overig water;;M8;WBP 2016-2021;sloot;;Landelijk;hoge_potentie_lb;178437;13147;165290;5512;;;;6586;158581;13270;7;0.020801954
2500-EAG-1;Polder Groot Wilnis Vinkeveen, Overig;20160428;;;;;;;;KRW Overig water;;M10;20161205_MemoWatertypenOverigWater;sloot;;Landelijk;veen;4472963;1214753;3258210;207512;;;;966648;2275774;1230572;27;0.005311299
2500-EAG-2;Polder Groot Wilnis Vinkeveen, Reservaat Demmerik;20160428;;NL11_8_1;NL11_8_1;NL11_Tussenboezema;NL11_TussenboezemVinkev;NL11_Tussenboezema;Tussenboezem a;KRW Waterlichaam;;M10;WBP 2016-2021;sloot;;Landelijk;veen;2003546;589580;1413965;100207;;;;63272;1342625;597657;29;0.00766255
2500-EAG-3;Polder Groot Wilnis Vinkeveen, Kleine plas;20160428;;NL11_3_4;NL11_3_4;NL11_Vinkeveenseplassen;NL11_VinkeveensePlassen;NL11_Vinkeveenseplassen;Vinkeveense plassen;KRW Waterlichaam;Vinkeveense Plas;M20;WBP 2016-2021;plas;;Landelijk;veen;841875;614342;227533;21621;31589;546257;38823;49693;175560;616629;73;0.036251779
2500-EAG-4;Polder Groot Wilnis Vinkeveen, Zuidplas;20160428;;NL11_3_4;NL11_3_4;NL11_Vinkeveenseplassen;NL11_VinkeveensePlassen;NL11_Vinkeveenseplassen;Vinkeveense plassen;KRW Waterlichaam;Vinkeveense Plas (EAG 4 - Zuidplas);M20;WBP 2016-2021;plas;;Landelijk;veen;3733467;3230141;503326;49452;70216;2826526;335506;175121;323698;3234680;87;0.036343511
2500-EAG-5;Polder Groot Wilnis Vinkeveen, Noordplas;20160428;;NL11_3_4;NL11_3_4;NL11_Vinkeveenseplassen;NL11_VinkeveensePlassen;NL11_Vinkeveenseplassen;Vinkeveense plassen;KRW Waterlichaam;Vinkeveense Plas (EAG 5 - Noordplas);M20;WBP 2016-2021;plas;;Landelijk;veen;8586653;6285983;2300670;227745;182706;3875796;1671903;511032;1772419;6303300;73;0.011008743
2500-EAG-6;Polder Groot Wilnis Vinkeveen, Mijdrechtse  Bovenlanden;20160428;;NL11_8_2;NL11_8_3;NL11_Tussenboezemb;NL11_MijdrechtseBovenla;NL11_MijdrechtseBovenlanden;Mijdrechtse Bovenlanden;KRW Waterlichaam;;M10;WBP 2016-2021;sloot;;Landelijk;veen;2924372;530687;2393686;123064;;;;437063;1958292;529039;18;0.005919543
2501-EAG-1;Polder Oukoop en Polder Groot Wilnis-Vinkeveen (oost), Oukoop;20160428;;NL11_2_3;NL11_2_10;;NL11_PolderDemmerik;NL11_PolderDemmerik;Polder Demmerik;KRW Waterlichaam;;M8;WBP 2016-2021;sloot;;Landelijk;veen;3710678;382601;3328076;136043;;;;376598;2941636;392465;10;0.004546706
2501-EAG-2;Polder Oukoop en Polder Groot Wilnis-Vinkeveen (oost), Polder Demmerik;20160428;;;NL11_2_10;;NL11_PolderDemmerik;NL11_PolderDemmerik;Polder Demmerik;KRW Waterlichaam;;M8;20161205_MemoWatertypenOverigWater;sloot;;Landelijk;veen;5987227;698655;5288572;243503;;;;75485;5176841;687625;12;0.003432631
2502-EAG-1;Polder Groot Wilnis-Vinkeveen (midden), oost;20170327;;;;;;;;KRW Overig water;;M10;20161205_MemoWatertypenOverigWater;sloot;;Landelijk;veen;2747269;366428;2380841;106424;;;;55915;2319840;371521;13;0.005687937
2502-EAG-2;Polder Groot Wilnis-Vinkeveen (midden), west;20170327;;;;;;;;KRW Overig water;;M10;20161205_MemoWatertypenOverigWater;sloot;;Landelijk;veen;293984;43870;250113;16339;;;;1534;247796;44654;15;0.012819124
2503-EAG-1;Polder Wilnis-Veldzijde, Polder Wilnis-Veldzijde;20170315;;;;;;;;KRW Overig water;;M1a;WBP 2016-2021;sloot;;Landelijk;droogmakerij;5707776;315149;5392627;167836;;;;205242;5179112;323450;6;0.003344821
2504-EAG-1;Polder deTweede Bedijking, Polder deTweede Bedijking;20170315;;;;;;;;KRW Overig water;;M1a;WBP 2016-2021;sloot;;Landelijk;droogmakerij;1786027;148522;1637505;80401;;;;85696;1551814;148529;8;0.004793293
2505-EAG-1;Veldhuiswetering, Veldhuisweg;20160428;;;;;;;;KRW Overig water;;M10;20161205_MemoWatertypenOverigWater;sloot;;Landelijk;veen;4709823;689597;4020226;181087;;;;80968;3929507;699366;15;0.00458575
2506-EAG-1;Eilinzon, Eilinzon;20160428;;;;;;;;KRW Overig water;;M1a;;canal;;Stedelijk;overig;37271;5528;31742;1879;;;;15078;16564;5629;15;0.039569197
2510-EAG-1;Groot Wilnis-Vinkeveen (zuid) en Polder Groot en Klein Oud-Aa, Heicop & Geer;20160428;;NL11_2_3;NL11_2_11;;NL11_GrootWilnisVinkev;NL11_GrootWilnis-VinkeveenZuid;Groot Wilnis-Vinkeveen Zuid;KRW Waterlichaam;;M10;20161205_MemoWatertypenOverigWater;sloot;;Landelijk;veen;8793402;1106182;7687221;386760;;;;201771;7366690;1061480;13;0.002719392
2510-EAG-2;Groot Wilnis-Vinkeveen (zuid) en Polder Groot en Klein Oud-Aa, Armenland;20160428;;;;;;;;KRW Overig water;;M8;20161205_MemoWatertypenOverigWater;sloot;;Landelijk;veen;29734;2861;26873;2664;;;;280;26275;3179;10;0.020078197
2510-EAG-3;Groot Wilnis-Vinkeveen (zuid) en Polder Groot en Klein Oud-Aa, Bovenland;20160428;;;NL11_2_11;;NL11_GrootWilnisVinkev;NL11_GrootWilnis-VinkeveenZuid;Groot Wilnis-Vinkeveen Zuid;KRW Waterlichaam;;M10;20161205_MemoWatertypenOverigWater;sloot;;Landelijk;veen;4048118;712938;3335179;173736;;;;17491;3162994;621808;18;0.004859998
2511-EAG-1;Hoogwaterzone Amstelkade P1, Hoogwaterzone Amstelkade P1;20160428;;;;;;;;KRW Overig water;;M10;20161205_MemoWatertypenOverigWater;sloot;;Landelijk;veen;300945;49513;251432;14540;;;;38613;212451;49881;16;0.015303657
2512-EAG-1;Hoogwaterzone Amstelkade P2, Hoogwaterzone Amstelkade P2;20160428;;;;;;;;KRW Overig water;;M8;20161205_MemoWatertypenOverigWater;canal;;Landelijk;veen;167973;27744;140229;7280;;;;15759;124475;27742;17;0.022879849
2520-EAG-1;Polder de Derde Bedijking, landelijk;20170323;;;;;;;;KRW Overig water;;M8;20161205_MemoWatertypenOverigWater;sloot;;Landelijk;droogmakerij;5305378;382758;4922620;210583;;;;404121;4512978;388299;7;0.002937912
2520-EAG-2;Polder de Derde Bedijking, stedelijk;20170323;;;;;;;;KRW Overig water;;M8;20161205_MemoWatertypenOverigWater;sloot;;Stedelijk;droogmakerij;1708535;103521;1605014;29510;;;;651007;953454;104084;6;0.010902975
2520-EAG-3;Polder de Derde Bedijking, natuur;20170323;;;;;;;;KRW Overig water;;M8;20161205_MemoWatertypenOverigWater;sloot;;Landelijk;droogmakerij;188227;25477;162749;8470;;;;33709;129046;25473;14;0.018844765
2520-EAG-4;Polder de Derde Bedijking, kassen;20170323;;;;;;;;KRW Overig water;;M8;20161205_MemoWatertypenOverigWater;sloot;;Landelijk;droogmakerij;448504;32111;416393;19969;;;;156290;260117;32100;7;0.00897368
2530-EAG-1;Polder de Eerste Bedijking (west), west;20170315;;;;;;;;KRW Overig water;;M1a;WBP 2016-2021;sloot;;Landelijk;droogmakerij;5582310;465153;5117157;268821;;;;267243;4847037;468073;8;0.002537083
2530-EAG-2;Polder de Eerste Bedijking (west), oost;20170315;;;;;;;;KRW Overig water;;M1a;WBP 2016-2021;sloot;;Landelijk;droogmakerij;3327028;229456;3097572;130381;;;;385727;2706250;235079;7;0.003673968
2540-EAG-1;Polder Groot Mijdrecht en Polder de Eerste Bedijking (oost), landelijk;20170403;;NL11_2_7;NL11_2_7;;NL11_VaartenGrootMijdr;NL11_VaartenGrootMijdrec;Vaarten Groot Mijdrecht;KRW Waterlichaam;;M1a;WBP 2016-2021;sloot;;Landelijk;droogmakerij;14989661;961930;14027731;662918;;;;634900;13196336;897051;6;0.00147949
2540-EAG-2;Polder Groot Mijdrecht en Polder de Eerste Bedijking (oost), natuurreservaat;20170403;;;;;;;;KRW Overig water;;M1a;WBP 2016-2021;sloot;;Landelijk;veen;500307;277500;222807;13054;;;;614;221615;278084;55;0.04035412
2540-EAG-3;Polder Groot Mijdrecht en Polder de Eerste Bedijking (oost), Botshol West;20160428;;;;;;;;KRW Overig water;;M1a;WBP 2016-2021;sloot;;Landelijk;overig;106124;7494;98630;4376;;;;6258;92044;7827;7;0.019782425
2540-EAG-4;Polder Groot Mijdrecht en Polder de Eerste Bedijking (oost), stedelijk;20170403;;;;;;;;KRW Overig water;;M1a;WBP 2016-2021;sloot;;Stedelijk;droogmakerij;4097415;242161;3855254;99236;;;;1899379;1948662;248565;6;0.004958871
2540-EAG-5;Polder Groot Mijdrecht en Polder de Eerste Bedijking (oost), Veldweg;20170403;;;;;;;;KRW Overig water;;M1a;WBP 2016-2021;sloot;;Landelijk;droogmakerij;587958;63694;524264;25888;;;;59784;462886;65305;11;0.009748791
2550-EAG-1;Noorderpolder of Botshol (zuid en west), Botshol Kleine- en Groote Wije;20160428;;NL11_7_1;NL11_7_1;NL11_Botshol;NL11_Botshol;NL11_Botshol;Botshol;KRW Waterlichaam;Botshol;M27;WBP 2016-2021;plas;;Landelijk;veen;1128445;740043;388402;26472;38936;701809;0;5249;381521;741687;66;0.032496884
2550-EAG-2;Noorderpolder of Botshol (zuid en west), Botshol Midden;20160428;;NL11_7_1;NL11_7_1;NL11_Botshol;NL11_Botshol;NL11_Botshol;Botshol;KRW Waterlichaam;Botshol;M27;WBP 2016-2021;plas;;Landelijk;veen;401283;96947;304336;13188;19501;77727;0;4079;299382;97825;24;0.023609579
2550-EAG-4;Noorderpolder of Botshol (zuid en west), Noorderpolder (oost);20160428;;;;;;;;KRW Overig water;Botshol;M10;20161205_MemoWatertypenOverigWater;sloot;;Landelijk;veen;650583;110267;540316;25659;;;;3936;534352;112301;17;0.012941453
2550-EAG-5;Noorderpolder of Botshol (zuid en west), Noorderpolder (west);20170213;;;;;;;;KRW Overig water;;M1a;20161205_MemoWatertypenOverigWater;sloot;;Landelijk;veen;615737;47139;568598;23070;;;;30113;537885;47751;8;0.009411148
2560-EAG-1;Noorderpolder of Botshol (Nellestein), agrarisch;20170317;;;;;;;;KRW Overig water;;M1a;20161205_MemoWatertypenOverigWater;sloot;;Landelijk;veen;527081;43246;483835;22988;;;;9367;473840;43881;8;0.009046317
2560-EAG-2;Noorderpolder of Botshol (Nellestein), natuurgebied;20170317;;;;;;;;KRW Overig water;;M1a;20161205_MemoWatertypenOverigWater;sloot;;Landelijk;veen;519262;63496;455767;23491;;;;103;455378;63788;12;0.010726837
2570-EAG-1;Baambrugge Westzijds, polder;20170317;;;;;;;;KRW Overig water;;M8;WBP 2016-2021;sloot;;Landelijk;veen;5386153;345890;5040263;193133;;;;520995;4504681;360527;6;0.003045177
2570-EAG-2;Baambrugge Westzijds, Schrobberpolder;20170317;;;;;;;;KRW Overig water;;M8;WBP 2016-2021;sloot;;Landelijk;hoge_potentie_lb;830774;29792;800982;26080;;;;30310;767605;32875;4;0.006618236
2600-EAG-1;Polder Zevenhoven, bemalen gebied;20170207;;NL11_2_4;NL11_2_4;;NL11_VaartenZevenhoven;NL11_VaartenZevenhoven;Vaarten Zevenhoven;KRW Waterlichaam;;M1a;WBP 2016-2021;sloot;;Landelijk;akkerbouw;3811221;371819;3439402;150255;;;;282653;3017038;309968;10;0.004058232
2600-EAG-2;Polder Zevenhoven, Oude Nieuwveenseweg;20170207;;;;;;;;KRW Overig water;;M1a;WBP 2016-2021;sloot;;Landelijk;akkerbouw;677642;35123;642519;20622;;;;125740;515500;36411;5;0.009087931
2600-EAG-3;Polder Zevenhoven, Nieuw Amstel;20170207;;;;;;;;KRW Overig water;;M1a;WBP 2016-2021;sloot;;Landelijk;akkerbouw;2319328;160213;2159114;52190;;;;345752;1811434;162153;7;0.007669403
2600-EAG-4;Polder Zevenhoven, Bloklandseweg;20170207;;;;;;;;KRW Overig water;;M1a;WBP 2016-2021;sloot;;Landelijk;akkerbouw;1187052;32305;1154748;16843;;;;19339;1134734;32988;3;0.010671253
2600-EAG-5;Polder Zevenhoven, Odesssa_Driesprong_De Jonker;20170207;;;NL11_2_4;;NL11_VaartenZevenhoven;NL11_VaartenZevenhoven;Vaarten Zevenhoven;KRW Waterlichaam;;M1a;WBP 2016-2021;sloot;;Landelijk;akkerbouw;2266435;66352;2200083;39332;;;;42417;2155210;68819;3;0.00654909
2600-EAG-6;Polder Zevenhoven, Achterweg_Zeerust;20170207;;;NL11_2_4;;NL11_VaartenZevenhoven;NL11_VaartenZevenhoven;Vaarten Zevenhoven;KRW Waterlichaam;;M1a;WBP 2016-2021;sloot;;Landelijk;akkerbouw;2506180;36020;2470160;22861;;;;97542;2371058;37591;1;0.008301883
2600-EAG-8;Polder Zevenhoven, Kousmolentocht/Jonge Zevenhovenseweg;20170207;;;NL11_2_4;;NL11_VaartenZevenhoven;NL11_VaartenZevenhoven;Vaarten Zevenhoven;KRW Waterlichaam;;M1a;WBP 2016-2021;sloot;;Landelijk;akkerbouw;3588483;222752;3365731;120269;;;;80958;3273150;234386;6;0.003924254
2600-EAG-9;Polder Zevenhoven, Groene Jonker;20170207;;;;;;;;KRW Overig water;;M1a;WBP 2016-2021;sloot;;Landelijk;veen;1130573;810626;319947;17712;;;;17769;301542;811266;72;0.050832639
2610-EAG-1;Buitendijkse Oosterpolder, Buitenwesterpolder en Blokland (noord), bemalen gebied;20170207;;;;;;;;KRW Overig water;;M8;WBP 2016-2021;sloot;;Landelijk;veen;2610659;308249;2302410;112639;;;;652042;1645478;313156;12;0.004929037
2620-EAG-1;Voordijkschepolder, Voordijkschepolder;20160428;;NL11_8_2;;NL11_Tussenboezemb;;;;KRW Overig water;;M10;WBP 2016-2021;sloot;;Landelijk;veen;1676544;349440;1327104;77422;;;;62227;1262562;351757;21;0.007635226
2625-EAG-1;Blokland, Blokland;20160428;;;;;;;;KRW Overig water;;M8;20161205_MemoWatertypenOverigWater;sloot;;Landelijk;veen;2878299;451829;2426470;131319;;;;71290;2350092;456938;16;0.005118698
2630-EAG-1;Noordse Buurt en Westveense Polder, Noordse buurt;20170207;;;;;;;;KRW Overig water;;M8;20161205_MemoWatertypenOverigWater;sloot;;Landelijk;veen;2068350;143372;1924978;75513;;;;176810;1743949;145857;7;0.005014302
2630-EAG-2;Noordse Buurt en Westveense Polder, Noordse dorp;20170207;;;;;;;;KRW Overig water;;M8;20161205_MemoWatertypenOverigWater;sloot;;Landelijk;veen;622514;37566;584948;18841;;;;22177;564336;37742;6;0.010287113
2630-EAG-3;Noordse Buurt en Westveense Polder, Westveen;20170207;;;NL11_2_12;;NL11_Westveen;NL11_Westveen;Westveen;KRW Waterlichaam;;M10;20161205_MemoWatertypenOverigWater;sloot;;Landelijk;veen;1211014;323627;887387;66955;;;;49769;837665;323582;27;0.008496486
3???-EAG-1;Oud-Zuilen, Oud-Zuilen;20160428;;;;;;;;KRW Overig water;;M1a;WBP 2016-2021;sloot;;Landelijk;hoge_potentie_lb;3213868;2554705;659164;34790;52152;745891;1757577;96776;562413;2554709;79;0.04594264
3000-EAG-2;Vechtboezem, Vecht van Muiden tot Nigtevecht;20191122;;NL11_1_2;NL11_1_2;NL11_Vecht;NL11_Vecht;NL11_Vecht;Vecht;KRW Waterlichaam;;M7b;;canal;;Landelijk;hoge_potentie_lb;2940267;1622023;1318244;67382;;;;;;;55;0.018900992
3000-EAG-3;Vechtboezem, Vecht van Nigtevecht tot Maarssen;20191122;;NL11_1_2;NL11_1_2;NL11_Vecht;NL11_Vecht;NL11_Vecht;Vecht;KRW Waterlichaam;;M7b;;canal;;Landelijk;hoge_potentie_lb;2850042;1454203;1395839;89076;;;;;;;51;0.013537916
3000-EAG-4;Vechtboezem, Vecht van Maarssen tot Utrecht;20191122;;NL11_1_2;NL11_1_2;NL11_Vecht;NL11_Vecht;NL11_Vecht;Vecht;KRW Waterlichaam;;M7b;;canal;;Landelijk;overig;277444;208622;68821;16374;;;;;;;75;0.027894929
3000-EAG-5;Vechtboezem, stedelijk gebied Maarssen;20191122;;;;;;;;KRW Overig water;;M3;;canal;;Stedelijk;overig;568362;22309;546053;9459;;;;;;;4;0.015790462
3010-EAG-1;Noorder- of Rietpolder (zuid), Noorder- of Rietpolder (zuid) (De Krijgsman);20160428;;;;;;;;KRW Overig water;;M10;;canal;;Landelijk;overig;37345;2826;34519;1666;;;;7709;26643;2997;8;0.031908845
3020-EAG-1;Noorder- of Rietpolder (De Krijgsman), landelijk;20160428;;;;;;;;KRW Overig water;;M10;20161205_MemoWatertypenOverigWater;canal;;Landelijk;kustpolder;502293;81910;420383;21311;;;;27573;391008;83719;16;0.013429648
3020-EAG-2;Noorder- of Rietpolder (De Krijgsman), Kruitfabriek eo;20160428;;;;;;;;KRW Overig water;;M8;20161205_MemoWatertypenOverigWater;sloot;;Landelijk;overig;188157;8982;179175;4601;;;;1382;177429;9349;5;0.020598438
3040-EAG-1;Bloemendalerpolder (noord), Bloemendalerpolder (noord);20160428;;;;;;;;KRW Overig water;;M8;WBP 2016-2021;sloot;;Stedelijk;kustpolder;1042140;187890;854250;33779;;;;496014;407434;138715;18;0.012832316
3050-EAG-1;Gemeenschapspolder zuid-oost, Gemeenschapspolder zuid-oost;20160428;;;;;;;;KRW Overig water;;M8;WBP 2016-2021;sloot;;Stedelijk;overig;783563;29396;754167;8283;;;;490932;263242;29404;4;0.020699338
3050-EAG-2;Gemeenschapspolder zuid-oost, Bloemendalerpolder Weesp;20160428;;;;;;;;KRW Overig water;;M1a;20161205_MemoWatertypenOverigWater;sloot;;Stedelijk;overig;389398;8072;381326;2739;;;;248698;132630;8073;2;0.032801866
3070-EAG-1;Holland, Sticht, Voorburg en Polder het Honderd oost, Voorburg;20160428;;;;;;;;KRW Overig water;;M1a;WBP 2016-2021;sloot;;Landelijk;hoge_potentie_lb;1187937;54117;1133820;40268;;;;120463;1012247;55227;5;0.005777059
3070-EAG-2;Holland, Sticht, Voorburg en Polder het Honderd oost, Nog opknippen in  EAG's;20160428;;;;;;;;KRW Overig water;;M1a;WBP 2016-2021;sloot;;Landelijk;hoge_potentie_lb;5422598;340229;5082369;183806;;;;555530;4511857;355246;6;0.003173408
3080-EAG-1;Sportcombinatie Muiden, Sportcombinatie Muiden;20160428;;;;;;;;KRW Overig water;;M8;WBP 2016-2021;sloot;;Landelijk;overig;23847;1017;22830;607;;;;2421;20382;1046;4;0.052537788
3100-EAG-1;Naardermeer, Binnenzij/Spookgat;20160428;;NL11_4_1;NL11_4_1;NL11_Naardermeer;NL11_Naardermeer;NL11_Naardermeer;Naardermeer;KRW Waterlichaam;Naardermeer;M14;WBP 2016-2021;plas;;Landelijk;overig;995677;298387;697290;33549;11921;176399;0;3802;690776;301118;30;0.016282098
3100-EAG-10;Naardermeer, Meerlanden;20160428;;;;;;;;KRW Overig water;;M1a;20161205_MemoWatertypenOverigWater;canal;;Landelijk;overig;349019;27169;321850;14505;;;;8530;312338;28106;8;0.011363683
3100-EAG-2;Naardermeer, Groote Meer Noord;20160428;;NL11_4_1;NL11_4_1;NL11_Naardermeer;NL11_Naardermeer;NL11_Naardermeer;Naardermeer;KRW Waterlichaam;Naardermeer;M14;WBP 2016-2021;plas;;Landelijk;overig;1281756;832021;449734;14165;9807;804945;0;2400;446216;833160;65;0.064394765
3100-EAG-3;Naardermeer, Groote Meer ZO;20160428;;NL11_4_1;NL11_4_1;NL11_Naardermeer;NL11_Naardermeer;NL11_Naardermeer;Naardermeer;KRW Waterlichaam;Naardermeer;M14;WBP 2016-2021;plas;;Landelijk;overig;1355738;531649;824090;24324;8069;464766;0;11413;810203;534144;39;0.029976264
3100-EAG-4;Naardermeer, Veertigmorgen;20160428;;NL11_4_1;NL11_4_1;NL11_Naardermeer;NL11_Naardermeer;NL11_Naardermeer;Naardermeer;KRW Waterlichaam;Naardermeer;M14;WBP 2016-2021;plas;;Landelijk;overig;1148256;209331;938925;18771;4091;161947;0;18763;918188;211321;18;0.024374144
3100-EAG-5;Naardermeer, Wijde- of Bovenste Blik;20160428;;NL11_4_1;NL11_4_1;NL11_Naardermeer;NL11_Naardermeer;NL11_Naardermeer;Naardermeer;KRW Waterlichaam;Naardermeer;M14;WBP 2016-2021;plas;;Landelijk;overig;1199242;327002;872240;14017;5401;292457;0;2546;868574;328140;27;0.040796239
3100-EAG-9;Naardermeer, Kwelgebied noord;20160428;;NL11_4_1;NL11_4_1;NL11_Naardermeer;NL11_Naardermeer;NL11_Naardermeer;Naardermeer;KRW Waterlichaam;;M14;WBP 2016-2021;plas;;Landelijk;overig;123687;17549;106138;5953;;;;7723;97928;18163;14;0.022253089
3110-EAG-1;Nieuwe Keverdijksche Polder en Hilversumse Bovenmeent, Meerlanden, Landbouw ZO;20160428;;;;;;;;KRW Overig water;;M25;20180216_WSABufferzoneNaardermeerDeel1;kleine plas;vijver;Landelijk;overig;1594510;454999;1139511;46393;;;;12596;1122834;459103;29;0.01453961
3110-EAG-2;Nieuwe Keverdijksche Polder en Hilversumse Bovenmeent, Hilversumse Bovenmeent;20160428;;;;;;;;KRW Overig water;;M25;20161205_MemoWatertypenOverigWater;kleine plas;vijver;Landelijk;overig;871799;77372;794427;27915;;;;20889;771355;79570;9;0.009964472
3110-EAG-3;Nieuwe Keverdijksche Polder en Hilversumse Bovenmeent, Nog opknippen in  EAG's;20160726;;;;;;;;KRW Overig water;;M25;20180216_WSABufferzoneNaardermeerDeel1;kleine plas;vijver;Landelijk;overig;980301;252593;727709;32765;;;;2188;723212;254917;26;0.015339121
3110-EAG-4;Nieuwe Keverdijksche Polder en Hilversumse Bovenmeent, Aalscholverkolonie;20160428;;;;;;;;KRW Overig water;;M8;WBP 2016-2021;sloot;;Landelijk;overig;457842;31736;426106;7885;;;;11884;413499;32464;7;0.022593026
3110-EAG-5;Nieuwe Keverdijksche Polder en Hilversumse Bovenmeent, Nog opknippen in  EAG's;20160428;;;;;;;;KRW Overig water;;M8;WBP 2016-2021;sloot;;Landelijk;hoge_potentie_lb;6328839;334940;5993899;246968;;;;375384;5603014;350558;5;0.002343381
3200-EAG-1;Spiegelpolder, Spiegel- en Blijkpolderplas;20160428;;NL11_3_6;NL11_3_6;NL11_Spiegelplas;NL11_Spiegelplas;NL11_Spiegelplas;Spiegelplas;KRW Waterlichaam;Spiegelplas;M20;WBP 2016-2021;plas;;Landelijk;hoge_potentie_lb;3213868;2554705;659164;34790;52152;745891;1757577;96776;562413;2554709;79;0.04594264
3200-EAG-2;Spiegelpolder, Spiegelweg;20160428;;;;;;;;KRW Overig water;;M8;20161205_MemoWatertypenOverigWater;sloot;;Landelijk;hoge_potentie_lb;586541;32748;553793;21420;;;;44083;509717;32752;6;0.00844837
3201-EAG-1;Stichtsch Ankeveensche Polder, Ankeveensche Plassen SAP noord;20160428;;NL11_6_3;NL11_6_3;NL11_StichtsAnkeveen;NL11_StichtseAnkeveense;NL11_StichtsAnkeveen;Stichts Ankeveense plassen;KRW Waterlichaam;Stichtsch Ankeveensche Plas;M27;WBP 2016-2021;plas;;Landelijk;overig;2017839;985025;1032814;54177;53668;847798;0;24185;1008597;985083;49;0.018319292
3201-EAG-2;Stichtsch Ankeveensche Polder, Ankeveensche Plassen SAP zuid;20160428;;NL11_6_3;NL11_6_3;NL11_StichtsAnkeveen;NL11_StichtseAnkeveense;NL11_StichtsAnkeveen;Stichts Ankeveense plassen;KRW Waterlichaam;Stichtsch Ankeveensche Plas;M27;WBP 2016-2021;plas;;Landelijk;overig;543642;277725;265917;24834;24064;222624;0;6719;259193;277735;51;0.021220754
3201-EAG-3;Stichtsch Ankeveensche Polder, Stichtsch Ankeveensche Polder oost;20160428;;;;;;;;KRW Overig water;;M8;WBP 2016-2021;sloot;;Landelijk;aandachtsgebied;2371152;195428;2175724;89239;;;;268937;1903970;198274;8;0.004953803
3210-EAG-1;Horn- en Kuyerpolder, bemalen gebied;20170118;;;;;;;;KRW Overig water;;M1a;WBP 2016-2021;sloot;;Landelijk;hoge_potentie_lb;1296596;55498;1241099;51931;;;;42171;1198944;55502;4;0.004536407
3210-EAG-2;Horn- en Kuyerpolder, gestuwde gebieden;20170118;;;;;;;;KRW Overig water;;M1a;WBP 2016-2021;sloot;;Landelijk;hoge_potentie_lb;441390;19357;422033;17694;;;;10693;414905;19968;4;0.007863086
3210-EAG-3;Horn- en Kuyerpolder, Stedelijk gebied Nederhorst Den Berg;20170118;;;;;;;;KRW Overig water;;M1a;WBP 2016-2021;sloot;;Stedelijk;hoge_potentie_lb;752312;66695;685617;26499;;;;171090;510950;66105;9;0.009745792
3220-EAG-1;Horstermeerpolder en Meeruiterdijksche Polder, Korremof;20160428;;;;;;;;KRW Overig water;;M1a;WBP 2016-2021;sloot;;Landelijk;overig;841013;60848;780165;26560;;;;62627;716973;61420;7;0.00928742
3220-EAG-2;Horstermeerpolder en Meeruiterdijksche Polder, polder;20160428;;;;;;;;KRW Overig water;;M1a;WBP 2016-2021;sloot;;Landelijk;aandachtsgebied;4557583;366168;4191416;312391;;;;462639;3725009;369992;8;0.001937054
3220-EAG-3;Horstermeerpolder en Meeruiterdijksche Polder, Anko zuid;20160428;;;;;;;;KRW Overig water;;M1a;WBP 2016-2021;sloot;;Landelijk;overig;1564490;89687;1474803;80699;;;;81262;1392516;90725;6;0.003711048
3220-EAG-4;Horstermeerpolder en Meeruiterdijksche Polder, Meeruiterdijksche Polder zuid;20160428;;;;;;;;KRW Overig water;;M1a;WBP 2016-2021;sloot;;Landelijk;overig;765434;29136;736298;26259;;;;28744;707560;29137;4;0.006500351
3220-EAG-5;Horstermeerpolder en Meeruiterdijksche Polder, Meeruiterdijksche Polder noord;20160428;;;;;;;;KRW Overig water;;M1a;WBP 2016-2021;sloot;;Stedelijk;overig;190569;4535;186034;4031;;;;111540;74350;4682;2;0.01670613
3220-EAG-6;Horstermeerpolder en Meeruiterdijksche Polder, Spiegelpolder zuid;20160428;;;;;;;;KRW Overig water;;M1a;WBP 2016-2021;sloot;;Landelijk;overig;223244;14039;209205;8049;;;;26703;182409;14139;6;0.014720622
3230-EAG-1;Polder Kortenhoef, Het Hol/Suikerpot;20160428;;NL11_6_4;NL11_6_6;NL11_Kortenhoefseplassen;NL11_HetHol;NL11_HetHol;Het Hol;KRW Waterlichaam;Kortenhoefse Plas;M27;WBP 2016-2021;plas;;Landelijk;overig;2636997;452947;2184050;101711;33555;190415;0;135849;2042004;459168;17;0.006616918
3230-EAG-2;Polder Kortenhoef, Wijde Blik;20160428;;NL11_3_7;NL11_3_7;NL11_WijdeBlik;NL11_WijdeBlik;NL11_WijdeBlik;Wijde Blik;KRW Waterlichaam;Wijde Blik;M20;WBP 2016-2021;plas;;Landelijk;overig;4015325;2930793;1084532;54345;36812;1167340;1606746;116075;966267;2933019;73;0.031501627
3230-EAG-3;Polder Kortenhoef, Wijde Gat;20160428;;NL11_6_4;NL11_6_7;NL11_Kortenhoefseplassen;NL11_WijdeGat;NL11_WijdeGat;Wijde Gat;KRW Waterlichaam;Kortenhoefse Plas;M27;WBP 2016-2021;plas;;Landelijk;overig;3353057;1109394;2243663;104005;40563;799021;0;89069;2149177;1114842;33;0.010127184
3230-EAG-4;Polder Kortenhoef, Kortenhoef;20160428;;;;;;;;KRW Overig water;;M8;WBP 2016-2021;sloot;;Landelijk;aandachtsgebied;2799564;232731;2566833;90766;;;;543403;2018394;237787;8;0.005315008
3230-EAG-5;Polder Kortenhoef, Hilversumsch Kanaal plas/dras;20160428;;NL11_6_4;NL11_6_8;NL11_Kortenhoefseplassen;NL11_HilversumsKanaal;NL11_HilversumsKanaal;Hilversums Kanaal;KRW Waterlichaam;Kortenhoefse Plas;M27;WBP 2016-2021;plas;;Landelijk;overig;909771;259103;650668;38179;20019;169326;0;13533;634629;261617;28;0.013332502
3230-EAG-6;Polder Kortenhoef, Hilversumsch Kanaal;20160428;;NL11_6_4;NL11_6_8;NL11_Kortenhoefseplassen;NL11_HilversumsKanaal;NL11_HilversumsKanaal;Hilversums Kanaal;KRW Waterlichaam;Kortenhoefse Plas;M27;WBP 2016-2021;plas;;Landelijk;overig;3560636;473268;3087368;26901;;;;1392349;1694360;474485;13;0.025573204
3240-EAG-1;Polder Dorssewaard, Polder Dorssewaard;20160428;;;;;;;;KRW Overig water;;M1a;WBP 2016-2021;sloot;;Landelijk;hoge_potentie_lb;1293695;77536;1216159;38645;;;;119484;1098828;75397;6;0.007205405
3250-EAG-1;Vreeland (oost), Vreeland (oost);20160428;;;;;;;;KRW Overig water;;M1a;WBP 2016-2021;sloot;;Landelijk;hoge_potentie_lb;109229;13339;95890;3908;;;;20496;75390;13339;12;0.029553375
3260-EAG-1;Blijkpolder, Blijkpolder;20160428;;;;;;;;KRW Overig water;;M10;20161205_MemoWatertypenOverigWater;sloot;;Landelijk;hoge_potentie_lb;448193;72245;375948;7379;;;;171866;204060;72279;16;0.036425573
3300-EAG-1;Muyeveld, Loosdrechtsche Plassen;20160428;;NL11_5_1;NL11_5_5;NL11_Loosdrechtseplassen;NL11_LoosdrechtsePlas1;NL11_LoosdrechtsePlas1tm5;Loosdrechtse plassen 1tm5;KRW Waterlichaam;Loosdrechtse Plas;M27;WBP 2016-2021;plas;;Landelijk;overig;11241307;9810351;1430956;96041;140853;9686080;0;336034;1100256;9867243;87;0.032612613
3300-EAG-13;Muyeveld, Weersloot oost;20190705;;NL11_6_1;NL11_6_1;NL11_Sterenzodden;NL11_SterenZodden;NL11_Sterenzodden;Ster en zodden;KRW Waterlichaam;;M10;;sloot;;Landelijk;aandachtsgebied;2362810;295267;2067543;97757;;;;4;0;0;12;0.005558525
3300-EAG-14;Muyeveld, Weersloot west;20190705;;NL11_6_1;NL11_6_1;NL11_Sterenzodden;NL11_SterenZodden;NL11_Sterenzodden;Ster en zodden;KRW Waterlichaam;;M10;;sloot;;Landelijk;overig;399145;56267;342878;14396;;;;;;;14;0.016477262
3300-EAG-15;Muyeveld, Oostelijke Drecht noord;20190705;;NL11_6_1;NL11_6_1;NL11_Sterenzodden;NL11_SterenZodden;NL11_Sterenzodden;Ster en zodden;KRW Waterlichaam;;M10;;sloot;;Landelijk;aandachtsgebied;3207634;517446;2690188;124483;;;;;;;16;0.005778598
3300-EAG-16;Muyeveld, Oostelijke Drecht zuid;20190705;;NL11_6_1;NL11_6_1;NL11_Sterenzodden;NL11_SterenZodden;NL11_Sterenzodden;Ster en zodden;KRW Waterlichaam;;M10;;sloot;;Landelijk;aandachtsgebied;1267781;73374;1194407;45843;;;;;;;6;0.005908783
3300-EAG-17;Muyeveld, De Ster noord;20190705;;;;;;;;KRW Overig water;;M1a;;sloot;;Landelijk;aandachtsgebied;4230828;205729;4025098;100129;;;;;;;5;0.004529892
3300-EAG-18;Muyeveld, De Ster zuid;20190705;;;;;;;;KRW Overig water;;M1a;;sloot;;Landelijk;overig;2238903;56656;2182247;31529;;;;;;;3;0.007549406
3300-EAG-2;Muyeveld, Nieuwe Polderplas;20160428;;NL11_5_1;NL11_5_5;NL11_Loosdrechtseplassen;NL11_LoosdrechtsePlas1;NL11_LoosdrechtsePlas1tm5;Loosdrechtse plassen 1tm5;KRW Waterlichaam;;M27;WBP 2016-2021;plas;;Landelijk;overig;265268;238162;27107;3314;4410;233928;0;6059;9299;183650;90;0.147259639
3300-EAG-3;Muyeveld, Kievitsbuurt noord;20160428;;NL11_5_1;NL11_5_6;NL11_Loosdrechtseplassen;NL11_Kievitsbuurt;NL11_Kievitsbuurt;Kievitsbuurt;KRW Waterlichaam;Kievitsbuurt;M27;WBP 2016-2021;plas;;Landelijk;hoge_potentie_lb;1664886;1251943;412943;91403;130050;1126739;0;114095;289241;1261553;75;0.012241421
3300-EAG-4;Muyeveld, Kievitsbuurt zuid;20160428;;NL11_5_1;NL11_5_6;NL11_Loosdrechtseplassen;NL11_Kievitsbuurt;NL11_Kievitsbuurt;Kievitsbuurt;KRW Waterlichaam;Kievitsbuurt;M27;WBP 2016-2021;plas;;Landelijk;hoge_potentie_lb;1121603;875411;246192;58441;87149;789210;0;9952;230316;881339;78;0.01600989
3300-EAG-5;Muyeveld, Breukeleveensche of Stille Plas;20160428;;NL11_5_1;NL11_5_7;NL11_Loosdrechtseplassen;NL11_BreukeleveenschePl;NL11_BreukeleveenschePlas;Breukeleveensche plas;KRW Waterlichaam;Stille Plas;M27;WBP 2016-2021;plas;;Landelijk;overig;2476608;1867327;609281;32705;48378;1818797;0;58367;552927;1867170;75;0.041782655
3300-EAG-6;Muyeveld, Tienhovensche Plassen noord;20160428;;NL11_5_1;NL11_5_8;NL11_Loosdrechtseplassen;NL11_TienhovensePlassen;NL11_TienhovensePlassen;Tienhovense plassen;KRW Waterlichaam;Tienhovense Plas;M27;WBP 2016-2021;plas;;Landelijk;overig;388057;210498;177559;17059;25066;185436;0;14484;163079;210496;54;0.02689493
3300-EAG-7;Muyeveld, Tienhovensche Plassen zuid;20160428;;NL11_5_1;NL11_5_8;NL11_Loosdrechtseplassen;NL11_TienhovensePlassen;NL11_TienhovensePlassen;Tienhovense plassen;KRW Waterlichaam;Tienhovense Plas;M27;WBP 2016-2021;plas;;Landelijk;overig;513496;246638;266858;25102;36728;209912;0;20016;246842;246638;48;0.019784345
3300-EAG-8;Muyeveld, Vuntus;20160428;;NL11_5_1;NL11_5_9;NL11_Loosdrechtseplassen;NL11_Vuntus;NL11_Vuntus;Vuntus;KRW Waterlichaam;Vuntus;M27;WBP 2016-2021;plas;;Landelijk;overig;1445318;958934;486384;28116;41700;917342;0;117734;366199;961395;66;0.034828985
3300-EAG-9;Muyeveld, Kromme Rade;20160428;;NL11_6_1;NL11_6_1;NL11_Sterenzodden;NL11_SterenZodden;NL11_Sterenzodden;Ster en zodden;KRW Waterlichaam;Vuntus;M10;WBP 2016-2021;sloot;;Landelijk;overig;1753624;337953;1415670;55188;;;;56966;1303761;315800;19;0.010533762
3301-EAG-1;Gansenhoef oost, Gansenhoef;20160428;;;;;;;;KRW Overig water;;M3;20161205_MemoWatertypenOverigWater;canal;;Landelijk;aandachtsgebied;796078;119997;676081;36501;;;;9725;664867;121487;15;0.009490311
3301-EAG-2;Gansenhoef oost, Staatsbosbheer;20160428;;;;;;;;KRW Overig water;;M11;20161205_MemoWatertypenOverigWater;kleine plas;;Landelijk;overig;28342;5217;23125;1184;;;;0;23006;5335;18;0.061004057
3302-EAG-1;Oostelijke Binnenpolder van Tienhoven, overig;20160428;;NL11_6_5;NL11_6_9;NL11_MolenpolderTienhove;NL11_OostelijkeBinnenpo;NL11_OostelijkeBinnenpolder;Oostelijke Binnenpolder van Tienhoven;KRW Waterlichaam;;M10;WBP 2016-2021;sloot;;Landelijk;aandachtsgebied;1878272;250968;1627304;100849;;;;8256;1620491;206996;13;0.004967497
3302-EAG-2;Oostelijke Binnenpolder van Tienhoven, petgaten;20160428;;NL11_6_5;NL11_6_9;NL11_MolenpolderTienhove;NL11_OostelijkeBinnenpo;NL11_OostelijkeBinnenpolder;Oostelijke Binnenpolder van Tienhoven;KRW Waterlichaam;;M10;WBP 2016-2021;sloot;;Landelijk;overig;194270;121511;72759;8585;;;;1282;74848;118144;63;0.040603876
3303-EAG-1;Gansenhoef west, Gansenhoef west;20160428;;;;;;;;KRW Overig water;;M8;20161205_MemoWatertypenOverigWater;sloot;;Landelijk;hoge_potentie_lb;364634;11001;353633;7866;;;;12227;340956;11450;3;0.013334052
3310-EAG-1;Loenderveen (GWA), Waterleidingkanaal;20160428;;;;;;;;KRW Overig water;;M10;WBP 2016-2021;sloot;;Landelijk;overig;241341;132173;109168;20648;;;;17705;90289;133346;55;0.017607325
3310-EAG-2;Loenderveen (GWA), Waterleidingplas;20160428;;NL11_3_9;NL11_3_9;NL11_Waterleidingplas;NL11_Waterleidingplas;NL11_Waterleidingplas;Waterleidingplas;KRW Waterlichaam;Waterleidingplas;M20;WBP 2016-2021;plas;;Landelijk;overig;1336313;1239669;96644;7459;11075;974788;253638;6105;89882;1240333;93;0.149269907
3311-EAG-1;Bethunepolder,;20170202;;;;;;;;KRW Overig water;;M8;WBP 2016-2021;sloot;;Landelijk;aandachtsgebied;2528229;249315;2278914;145437;;;;48608;2223108;256514;10;0.003433202
3311-EAG-10;Bethunepolder,;20170202;;;;;;;;KRW Overig water;;M8;WBP 2016-2021;sloot;;Landelijk;overig;63416;5597;57819;4975;;;;0;57643;5773;9;0.015037809
3311-EAG-2;Bethunepolder,;20170202;;;;;;;;KRW Overig water;;M8;WBP 2016-2021;sloot;;Landelijk;overig;190451;15189;175262;8618;;;;425;174240;15787;8;0.014300727
3311-EAG-3;Bethunepolder,;20170202;;;;;;;;KRW Overig water;;M8;WBP 2016-2021;sloot;;Landelijk;aandachtsgebied;924142;38666;885476;45753;;;;9910;872729;41503;4;0.004297789
3311-EAG-5;Bethunepolder,;20170202;;;;;;;;KRW Overig water;;M8;WBP 2016-2021;sloot;;Landelijk;overig;53585;5055;48530;2464;;;;8;48468;5109;9;0.02885492
3311-EAG-6;Bethunepolder,;20170202;;;;;;;;KRW Overig water;;M8;WBP 2016-2021;sloot;;Landelijk;overig;356808;21055;335753;10653;;;;1053;335796;19960;6;0.013620897
3311-EAG-7;Bethunepolder,;20170202;;;;;;;;KRW Overig water;;M8;WBP 2016-2021;sloot;;Landelijk;aandachtsgebied;375596;42367;333229;24198;;;;3532;326972;45092;11;0.008506176
3311-EAG-8;Bethunepolder,;20170202;;;;;;;;KRW Overig water;;M8;WBP 2016-2021;sloot;;Landelijk;overig;116098;11091;105008;8257;;;;43;104010;12044;10;0.012754489
3311-EAG-9;Bethunepolder,;20170202;;;;;;;;KRW Overig water;;M8;WBP 2016-2021;sloot;;Landelijk;aandachtsgebied;677405;54279;623126;47805;;;;16382;602438;58586;8;0.004873518
3320-EAG-1;Loenderveen, Terra Nova landelijk noord;20160428;;NL11_5_4;NL11_5_4;NL11_TerraNova;NL11_TerraNova;NL11_TerraNova;Terra Nova;KRW Waterlichaam;Terra Nova;M27;WBP 2016-2021;plas;;Landelijk;overig;267625;96790;170835;11704;8394;79130;0;12223;158000;97404;36;0.026581589
3320-EAG-2;Loenderveen, Terra Nova;20160428;;NL11_5_4;NL11_5_4;NL11_TerraNova;NL11_TerraNova;NL11_TerraNova;Terra Nova;KRW Waterlichaam;Terra Nova;M27;WBP 2016-2021;plas;;Landelijk;overig;989952;624604;365348;23871;23978;589151;0;26217;337552;626191;63;0.03310791
3320-EAG-3;Loenderveen, Terra Nova landelijk zuid;20160428;;;;;;;;KRW Overig water;;M3;20161205_MemoWatertypenOverigWater;canal;;Landelijk;overig;983394;142044;841350;39690;;;;74226;763397;145778;14;0.009495774
3320-EAG-4;Loenderveen, Loenderveensche Plas;20160428;;NL11_5_3;NL11_5_3;NL11_Loenderveenoost;NL11_LoenderveenOost;NL11_Loenderveenoost;Loenderveen Oost;KRW Waterlichaam;Loenderveense Plas;M27;WBP 2016-2021;plas;;Landelijk;overig;2374817;2119843;254974;9499;13850;2143870;0;42612;211765;2120456;89;0.15327593
3340-EAG-1;Polder Mijnden, Polder Mijnden west;20160428;;;;;;;;KRW Overig water;;M8;WBP 2016-2021;sloot;;Landelijk;hoge_potentie_lb;2126391;170343;1956048;85088;;;;67134;1883519;175749;8;0.004850582
3340-EAG-2;Polder Mijnden, Polder Mijnden oost;20160428;;;;;;;;KRW Overig water;;M1a;WBP 2016-2021;sloot;;Landelijk;overig;757912;62607;695305;38065;;;;619;691728;65569;8;0.006573333
3340-EAG-3;Polder Mijnden, Staatbosbeheer;20160428;;;;;;;;KRW Overig water;;M8;20161205_MemoWatertypenOverigWater;sloot;;Landelijk;overig;202639;14255;188384;7070;;;;50;187822;14768;7;0.016887455
3350-EAG-1;Polder Breukelen-Proostdij, bemalen gebied;20170214;;;;;;;;KRW Overig water;;M8;20161205_MemoWatertypenOverigWater;sloot;;Landelijk;hoge_potentie_lb;2908072;182461;2725611;110277;;;;60292;2655527;192257;6;0.003873469
3350-EAG-2;Polder Breukelen-Proostdij, Beringde landen;20170214;;;;;;;;KRW Overig water;;M8;20161205_MemoWatertypenOverigWater;sloot;;Landelijk;hoge_potentie_lb;680693;51909;628784;29584;;;;4892;621038;54764;8;0.007701307
3360-EAG-1;Polder Maarsseveen-Westbroek, Agrarisch Molenpolder;20160428;;;;;;;;KRW Overig water;;M8;WBP 2016-2021;sloot;;Landelijk;hoge_potentie_lb;3425724;276520;3149205;152904;;;;177016;2955718;277000;8;0.003439097
3360-EAG-10;Polder Maarsseveen-Westbroek, Maarsseveense Zodden;20160428;;NL11_6_5;NL11_6_10;NL11_MolenpolderTienhove;NL11_MaarsseveenseZodde;NL11_MaarsseveenseZoddenenomgeving;Maarsseveense Zodden en omgeving;KRW Waterlichaam;Molenpolder;M27;WBP 2016-2021;plas;;Landelijk;overig;526854;325563;201292;20653;30879;294684;0;8818;193580;325569;62;0.027627041
3360-EAG-11;Polder Maarsseveen-Westbroek, Grote Maarsseveensche Plas;20160428;;NL11_3_8;NL11_3_8;NL11_GroteMaarsseveensep;NL11_GroteMaarsseveense;NL11_GroteMaarsseveensep;Grote Maarsseveenseplas;KRW Waterlichaam;Grote Maarsseveense Plas;M20;WBP 2016-2021;plas;;Landelijk;hoge_potentie_lb;856916;608266;248649;5317;7807;197563;405977;44958;203689;608268;71;0.14668311
3360-EAG-12;Polder Maarsseveen-Westbroek, Nederreinsche Vaart;20160428;;NL11_6_5;;NL11_MolenpolderTienhove;;;;KRW Overig water;;M10;;sloot;;Landelijk;overig;207091;42867;164224;13866;;;;3126;160581;42854;21;0.014931738
3360-EAG-13;Polder Maarsseveen-Westbroek, Klein Molenpolder;20160428;;NL11_6_5;NL11_6_10;NL11_MolenpolderTienhove;NL11_MaarsseveenseZodde;NL11_MaarsseveenseZoddenenomgeving;Maarsseveense Zodden en omgeving;KRW Waterlichaam;;M27;WBP 2016-2021;sloot;;Landelijk;overig;299534;131446;168088;13563;19868;111578;0;1455;166626;131453;44;0.026731167
3360-EAG-14;Polder Maarsseveen-Westbroek, Taartpunt Zodden;20160428;;NL11_6_5;NL11_6_10;NL11_MolenpolderTienhove;NL11_MaarsseveenseZodde;NL11_MaarsseveenseZoddenenomgeving;Maarsseveense Zodden en omgeving;KRW Waterlichaam;Molenpolder;M27;WBP 2016-2021;plas;;Landelijk;overig;460203;127507;332696;19338;13107;96991;0;2806;329843;127563;28;0.018465261
3360-EAG-15;Polder Maarsseveen-Westbroek, Taartpunt;20160428;;;;;;;;KRW Overig water;;M8;WBP 2016-2021;sloot;;Landelijk;aandachtsgebied;1422263;136539;1285724;67647;;;;30324;1265349;129538;10;0.005462354
3360-EAG-16;Polder Maarsseveen-Westbroek, Molenpolder Natuurreservaat;20160428;;NL11_6_5;NL11_6_11;NL11_MolenpolderTienhove;NL11_MolenpolderenWest;NL11_MolenpolderenWestbroek;Molenpolder en Westbroek;KRW Waterlichaam;Molenpolder;M27;WBP 2016-2021;plas;;Landelijk;overig;1420882;512464;908418;68916;73770;373359;0;7698;901038;512332;36;0.010387514
3360-EAG-17;Polder Maarsseveen-Westbroek, Westbroekse Zodden;20160428;;NL11_6_5;NL11_6_11;NL11_MolenpolderTienhove;NL11_MolenpolderenWest;NL11_MolenpolderenWestbroek;Molenpolder en Westbroek;KRW Waterlichaam;;M27;WBP 2016-2021;sloot;;Landelijk;aandachtsgebied;2573880;635964;1937915;142325;69728;405510;0;20408;1909655;638214;25;0.005603186
3360-EAG-18;Polder Maarsseveen-Westbroek, Polder het Huis te Hart;20160428;;;;;;;;KRW Overig water;;M10;20161205_MemoWatertypenOverigWater;sloot;;Landelijk;overig;961133;131711;829421;50889;;;;10560;826258;132741;14;0.007131602
3360-EAG-19;Polder Maarsseveen-Westbroek, Taartpunt noord;20180605;;NL11_6_5;NL11_6_9;NL11_MolenpolderTienhove;NL11_OostelijkeBinnenpo;NL11_OostelijkeBinnenpolder;Oostelijke Binnenpolder van Tienhoven;KRW Waterlichaam;;M10;WBP 2016-2021;sloot;;Landelijk;overig;279179;119955;159224;15960;;;;1221;234542;83505;43;0.021700827
3360-EAG-2;Polder Maarsseveen-Westbroek, Polder Buitenweg;20160428;;;;;;;;KRW Overig water;;M8;WBP 2016-2021;sloot;;Landelijk;overig;1256056;132445;1123611;58857;;;;95364;1037664;132139;11;0.006183291
3360-EAG-3;Polder Maarsseveen-Westbroek, Zogwetering;20160428;;;;;;;;KRW Overig water;;M8;20161205_MemoWatertypenOverigWater;sloot;;Landelijk;overig;2132014;99930;2032084;32897;;;;496523;1535135;100352;5;0.009609298
3360-EAG-4;Polder Maarsseveen-Westbroek, Wilgenplas;20160428;;;;;;;;KRW Overig water;Wilgenplas;M25;20161205_MemoWatertypenOverigWater;kleine plas;vijver;Landelijk;overig;1323591;362166;961425;55288;80492;282007;0;85361;875071;363157;27;0.010884863
3360-EAG-5;Polder Maarsseveen-Westbroek, rond Kleine Maarsseveensche Plas;20160428;;;;;;;;KRW Overig water;;M8;WBP 2016-2021;sloot;;Landelijk;hoge_potentie_lb;710828;74494;636333;24467;;;;122084;514220;74524;10;0.011155266
3360-EAG-6;Polder Maarsseveen-Westbroek, Kassen;20160428;;;;;;;;KRW Overig water;;M8;WBP 2016-2021;sloot;;Landelijk;overig;327020;9658;317363;5291;;;;141598;176183;9659;3;0.018574017
3360-EAG-7;Polder Maarsseveen-Westbroek, Volkstuinen;20160428;;;;;;;;KRW Overig water;;M8;WBP 2016-2021;sloot;;Landelijk;hoge_potentie_lb;280771;13168;267603;5705;;;;34215;235878;13071;5;0.020114269
3360-EAG-8;Polder Maarsseveen-Westbroek, Oud tuinbouwgebied;20160428;;;;;;;;KRW Overig water;;M8;WBP 2016-2021;sloot;;Landelijk;hoge_potentie_lb;166979;7378;159601;7144;;;;21677;137817;7546;4;0.012023416
3360-EAG-9;Polder Maarsseveen-Westbroek, Kleine Maarsseveensche Plas;20160428;;;;;;;;KRW Overig water;Kleine Maarsseveense Plas;M20;WBP 2016-2021;plas;;Landelijk;hoge_potentie_lb;271056;214160;56896;3046;4551;88007;121379;8234;48872;213949;79;0.151928511
3370-EAG-1;Polder Achtienhoven, Gagelweg/Kooidijk;20160428;;;;;;;;KRW Overig water;;M1a;20161205_MemoWatertypenOverigWater;sloot;;Landelijk;hoge_potentie_lb;4096115;403532;3692584;207663;;;;90781;3557554;404185;10;0.003059003
3370-EAG-2;Polder Achtienhoven, Gagelbos;20160428;;;;;;;;KRW Overig water;;M3;20161205_MemoWatertypenOverigWater;canal;;Landelijk;hoge_potentie_lb;582636;91488;491148;24925;;;;19044;472103;91490;16;0.012135199
3370-EAG-3;Polder Achtienhoven, Kerkeindse Polder;20160428;;;;;;;;KRW Overig water;;M1a;WBP 2016-2021;sloot;;Landelijk;hoge_potentie_lb;2454144;234249;2219895;139631;;;;44608;2183713;233464;10;0.003466227
3370-EAG-4;Polder Achtienhoven,  Het Achteraf;20160428;;;;;;;;KRW Overig water;;M1a;WBP 2016-2021;sloot;;Landelijk;hoge_potentie_lb;3145044;202985;2942059;147448;;;;77380;3141787;210782;6;0.003055576
3370-EAG-5;Polder Achtienhoven,  Korssesteeg;20160428;;;;;;;;KRW Overig water;;M1a;WBP 2016-2021;sloot;;Landelijk;hoge_potentie_lb;516658;25227;491431;19511;;;;2642;209437;12846;5;0.008140541
4000-EAG-1;'s-Gravelandsche vaartboezem,  's-Gravelandsche Vaart;20160428;;NL11_2_2;NL11_2_2;NL11_VaartenVechtstreek;NL11_VaartenVechtstreek;NL11_VaartenVechtstreek;Vaarten Vechtstreek;KRW Waterlichaam;;M6a;WBP 2016-2021;canal;;Landelijk;overig;442740;130076;312664;14416;;;;98993;212871;130780;29;0.025018071
4000-EAG-2;'s-Gravelandsche vaartboezem, Cruijsbergen;20160428;;NL11_2_2;;NL11_VaartenVechtstreek;;;;KRW Overig water;;M6a;WBP 2016-2021;canal;;Landelijk;overig;441308;39744;401565;7804;;;;6634;394328;40365;9;0.025545742
4000-EAG-3;'s-Gravelandsche vaartboezem, Karnemelksloot;20160428;;NL11_2_2;NL11_2_2;NL11_VaartenVechtstreek;NL11_VaartenVechtstreek;NL11_VaartenVechtstreek;Vaarten Vechtstreek;KRW Waterlichaam;;M6a;WBP 2016-2021;canal;;Landelijk;overig;347007;78764;268243;15541;;;;46356;220559;80187;23;0.018058635
4000-EAG-4;'s-Gravelandsche vaartboezem, Naardertrekvaart;20160428;;NL11_2_2;NL11_2_2;NL11_VaartenVechtstreek;NL11_VaartenVechtstreek;NL11_VaartenVechtstreek;Vaarten Vechtstreek;KRW Waterlichaam;;M6a;WBP 2016-2021;canal;;Landelijk;kustpolder;1210257;309968;900288;27164;;;;308587;589614;312073;26;0.020495792
4000-EAG-6;'s-Gravelandsche vaartboezem, Vesting Naarden;20160428;;NL11_2_2;NL11_2_2;NL11_VaartenVechtstreek;NL11_VaartenVechtstreek;NL11_VaartenVechtstreek;Vaarten Vechtstreek;KRW Waterlichaam;;M6a;WBP 2016-2021;canal;;Landelijk;overig;1623744;405337;1218407;26829;;;;340032;877980;407321;25;0.023730322
4000-EAG-7;'s-Gravelandsche vaartboezem, Naarden-Bussum;20160428;;NL11_2_2;NL11_2_2;NL11_VaartenVechtstreek;NL11_VaartenVechtstreek;NL11_VaartenVechtstreek;Vaarten Vechtstreek;KRW Waterlichaam;;M6a;WBP 2016-2021;canal;;Landelijk;overig;719843;129633;590211;25171;;;;136617;451945;131609;18;0.014303994
4000-EAG-8;'s-Gravelandsche vaartboezem, Zanderijvaarten;20160428;;NL11_2_2;NL11_2_2;NL11_VaartenVechtstreek;NL11_VaartenVechtstreek;NL11_VaartenVechtstreek;Vaarten Vechtstreek;KRW Waterlichaam;;M6a;WBP 2016-2021;canal;;Landelijk;overig;2578209;183703;2394506;43406;;;;223706;2180668;187089;7;0.009874346
4100-EAG-1;Noordpolder beoosten Muiden, bemalen;20170227;;;;;;;;KRW Overig water;;M8;20161205_MemoWatertypenOverigWater;sloot;;Landelijk;kustpolder;3467566;113080;3354486;129088;;;;97762;3237246;134164;3;0.002604996
4100-EAG-2;Noordpolder beoosten Muiden, noord;20170227;;;;;;;;KRW Overig water;;M8;20161205_MemoWatertypenOverigWater;sloot;;Landelijk;kustpolder;254936;7287;247649;8840;;;;2105;243990;8845;3;0.009656553
4110-EAG-1;B.O.B.M.-polder en Buitendijken tussen Muiderberg en Naarden, B.O. bemalen;20170314;;;;;;;;KRW Overig water;;M1a;20161205_MemoWatertypenOverigWater;sloot;;Landelijk;kustpolder;2370792;133709;2237083;77724;;;;403673;1822395;143232;6;0.004704627
4110-EAG-2;B.O.B.M.-polder en Buitendijken tussen Muiderberg en Naarden, B.O. (oost);20170314;;;;;;;;KRW Overig water;;M1a;20161205_MemoWatertypenOverigWater;sloot;;Landelijk;kustpolder;313695;23869;289827;13276;;;;1322;286189;26191;8;0.011637237
4120-EAG-1;Buitendijken ten Noorden van Naarden, Schapenmeent;20170307;;;;;;;;KRW Overig water;;M1a;WBP 2016-2021;sloot;;Stedelijk;kustpolder;625674;14678;610996;3968;;;;392966;218652;15021;2;0.030532459
4120-EAG-2;Buitendijken ten Noorden van Naarden, Haverland;20170307;;;;;;;;KRW Overig water;;M1a;WBP 2016-2021;sloot;;Landelijk;kustpolder;482430;15022;467408;9550;;;;39381;426575;15780;3;0.012833955
4130-EAG-1;Zuidpolder beoosten Muiden, Zuidpolder beoosten Muiden;20160726;;;;;;;;KRW Overig water;;M8;WBP 2016-2021;sloot;;Landelijk;kustpolder;2558684;227661;2331022;87384;;;;651540;1677818;229374;9;0.005460248
4140-EAG-1;Keverdijkse Overscheense Polder,;20160726;;;;;;;;KRW Overig water;;M8;WBP 2016-2021;sloot;;Landelijk;kustpolder;723257;38538;684719;26644;;;;170811;511610;40853;5;0.007367924
4140-EAG-2;Keverdijkse Overscheense Polder,;20160726;;;;;;;;KRW Overig water;;M8;WBP 2016-2021;sloot;;Landelijk;overig;586330;23437;562894;23565;;;;30288;530869;25186;4;0.006496562
4140-EAG-3;Keverdijkse Overscheense Polder,;20160726;;;;;;;;KRW Overig water;;M8;WBP 2016-2021;sloot;;Landelijk;kustpolder;595657;51576;544081;29275;;;;20545;521149;53832;9;0.007757592
4140-EAG-4;Keverdijkse Overscheense Polder,;20160726;;;;;;;;KRW Overig water;;M8;20180216_WSABufferzoneNaardermeerDeel1;sloot;;Landelijk;kustpolder;119591;38987;80603;6991;;;;83;79979;39533;33;0.028243636
4140-EAG-5;Keverdijkse Overscheense Polder, Stadzicht;20170130;;;;;;;;KRW Overig water;;M1a;20180216_WSABufferzoneNaardermeerDeel1;sloot;;Landelijk;overig;115848;4112;111736;3990;;;;1941;109624;4347;4;0.016071398
4200-EAG-1;Heintjesrak- en Broekerpolder, nabij Faunapassage;20170116;;;;;;;;KRW Overig water;;M8;WBP 2016-2021;sloot;;Landelijk;overig;199109;8590;190519;6678;;;;17317;173186;8696;4;0.013878744
4200-EAG-2;Heintjesrak- en Broekerpolder, Broekerpolder;20170116;;;;;;;;KRW Overig water;;M8;WBP 2016-2021;sloot;;Landelijk;hoge_potentie_lb;1271905;49650;1222255;41053;;;;42722;1149927;47003;4;0.005427686
4200-EAG-3;Heintjesrak- en Broekerpolder, Heintjesrakpolder;20170116;;;;;;;;KRW Overig water;;M8;WBP 2016-2021;sloot;;Landelijk;hoge_potentie_lb;842477;31736;810741;29494;;;;34567;807864;32241;4;0.006040076
4210-EAG-1;Hollands Ankeveensche Polder, Hollandsch Ankeveensche Polder bemalen;20160428;;NL11_6_2;NL11_6_2;NL11_HollandsAnkeveen;NL11_HollandsAnkeveense;NL11_HollandsAnkeveen;Hollands Ankeveense plassen;KRW Waterlichaam;Hollandsch Ankeveensche Plas;M27;WBP 2016-2021;plas;;Landelijk;overig;100167;26696;73471;3543;;;;13228;59911;27026;27;0.046116033
4210-EAG-2;Hollands Ankeveensche Polder, Ankeveensche Plassen HAP noord;20160428;;NL11_6_2;NL11_6_2;NL11_HollandsAnkeveen;NL11_HollandsAnkeveense;NL11_HollandsAnkeveen;Hollands Ankeveense plassen;KRW Waterlichaam;Hollandsch Ankeveensche Plas;M27;WBP 2016-2021;plas;;Landelijk;overig;562462;193377;369085;17706;17597;140042;0;13393;500596;201651;34;0.024836017
4210-EAG-3;Hollands Ankeveensche Polder, Ankeveensche Plassen HAP zuid;20160428;;NL11_6_2;NL11_6_2;NL11_HollandsAnkeveen;NL11_HollandsAnkeveense;NL11_HollandsAnkeveen;Hollands Ankeveense plassen;KRW Waterlichaam;Hollandsch Ankeveensche Plas;M27;WBP 2016-2021;plas;;Landelijk;overig;1186445;723309;463136;26736;19727;669595;0;7786;454772;723897;61;0.031810134
4210-EAG-4;Hollands Ankeveensche Polder, Hollandsch Ankeveensche Polder oost;20160428;;;;;;;;KRW Overig water;;M10;20161205_MemoWatertypenOverigWater;sloot;;Landelijk;aandachtsgebied;1667060;256377;1410683;64807;;;;217272;1187565;262244;15;0.007812996
4210-EAG-5;Hollands Ankeveensche Polder, Ankeveense Plassen HAP oost;20160428;;NL11_6_2;NL11_6_2;NL11_HollandsAnkeveen;NL11_HollandsAnkeveense;NL11_HollandsAnkeveen;Hollands Ankeveense plassen;KRW Waterlichaam;Hollandsch Ankeveensche Plas;M27;WBP 2016-2021;plas;;Landelijk;overig;242786;98225;144561;10071;12519;82493;0;12232;131341;99216;40;0.031119916
4210-EAG-6;Hollands Ankeveensche Polder, Peilgebied 24-4;20191122;;;;;;;;KRW Overig water;;M8;;sloot;;Landelijk;overig;153160;6652;146508;5243;;;;;;;4;0.01555594
4230-EAG-1;Hilversumse Ondermeent, Hilversumse Ondermeent;20160726;;;;;;;;KRW Overig water;;M8;WBP 2016-2021;sloot;;Landelijk;aandachtsgebied;1277624;52813;1224812;37461;;;;30145;1192447;55051;4;0.006134668
4240-EAG-1;Hilversumse Meent, Hilversumse Meent;20160726;;;;;;;;KRW Overig water;;M10;20161205_MemoWatertypenOverigWater;sloot;;Landelijk;overig;888825;61510;827314;9175;;;;306873;519791;62152;7;0.027031291
4250-EAG-1;'s-Gravelandsche Polder, 's-Gravelandsche Polder;20160726;;;;;;;;KRW Overig water;;M3;20161205_MemoWatertypenOverigWater;canal;;Landelijk;aandachtsgebied;8224548;372416;7852132;93754;;;;1498230;6344222;381658;5;0.006509151
4250-EAG-2;'s-Gravelandsche Polder, 's-Gravelandsche Polder - KRW Waterlichaam;20190320;;NL11_2_2;NL11_2_2;NL11_VaartenVechtstreek;NL11_VaartenVechtstreek;NL11_VaartenVechtstreek;Vaarten Vechtstreek;KRW Waterlichaam;;M6a;WBP 2016-2021;canal;;Landelijk;overig;255788;100911;154878;16450;;;;69970;83627;102200;39;0.019310937
5000-EAG-2;'t Gooi, 't Gooi - 1;20170418;;;;;;;;KRW Overig water;;M3;;canal;;Landelijk;overig;19859112;87176;19771936;13652;;;;5173730;14597717;87974;0;0.021627294
5000-EAG-3;'t Gooi, 't Gooi;20180323;;;;;;;;KRW Overig water;;NVT;;canal;;Landelijk;overig;10258828;64388;10194441;21625;;;;1313021;8880046;65896;1;0.011734007
5000-EAG-4;'t Gooi, 't Gooi;20180323;;;;;;;;KRW Overig water;;M11;;kleine plas;vijver;Landelijk;overig;10272165;53985;10218180;15498;;;;1960575;8256783;54927;1;0.014992046
5000-EAG-5;'t Gooi, 't Gooi;20180323;;;;;;;;KRW Overig water;;M11;;kleine plas;vijver;Landelijk;overig;5700403;120201;5580202;7098;;;;912736;4666881;120831;2;0.048844767
5000-EAG-6;'t Gooi, 't Gooi;20180323;;;;;;;;KRW Overig water;;M11;;kleine plas;vijver;Landelijk;overig;12241437;34833;12206604;4410;;;;609553;11596737;35078;0;0.042321091
5000-EAG-7;'t Gooi, 't Gooi;20180323;;;;;;;;KRW Overig water;;M6a;;canal;;Stedelijk;overig;6330230;35552;6294677;2740;;;;3647729;2646721;35810;1;0.068814737
5000-EAG-8;'t Gooi, 't Gooi;20180323;;;;;;;;KRW Overig water;;M11;;kleine plas;vijver;Landelijk;overig;10183597;90905;10092692;16577;;;;1606701;8484212;92780;1;0.018188126
6000-EAG-10;Noordzeekanaal/IJ/Amsterdamrijnkanaalboezem, afstromend naar boezem - oost;20180314;;;;;;;;KRW Overig water;;M1b;;canal;;Stedelijk;overig;7832293;677920;7154373;52403;;;;5055643;2182567;675033;9;0.015712058
6000-EAG-2;Noordzeekanaal/IJ/Amsterdamrijnkanaalboezem, Nuoncentrale;20170414;;;;;;;;KRW Overig water;;M11;;canal;;Stedelijk;overig;169776;65403;104373;2845;;;;76647;27165;65516;39;0.089891073
6000-EAG-3;Noordzeekanaal/IJ/Amsterdamrijnkanaalboezem, Diemerzeedijk noord;20170414;;;;;;;;KRW Overig water;;M30;;canal;;Stedelijk;overig;464059;48720;415339;14356;;;;69977;344880;49217;10;0.015375179
6000-EAG-4;Noordzeekanaal/IJ/Amsterdamrijnkanaalboezem, Hoeker- en Garstenpolder noord-puntje;20170418;;;;;;;;KRW Overig water;;M11;;kleine plas;;Landelijk;overig;15234;6063;9170;798;;;;805;8365;6062;40;0.097575524
6000-EAG-5;Noordzeekanaal/IJ/Amsterdamrijnkanaalboezem, hoogspanningstrac?;20170414;;;;;;;;KRW Overig water;;M30;;canal;;Stedelijk;overig;360602;7984;352618;2805;;;;49533;303095;7986;2;0.031854985
6000-EAG-6;Noordzeekanaal/IJ/Amsterdamrijnkanaalboezem, haven;20170418;;;;;;;;KRW Overig water;;M11;;kleine plas;;Stedelijk;overig;13626;12764;862;492;;;;157;707;12806;94;0.229629825
6000-EAG-7;Geen EAG;20170414;;;;;;;;Geen KRW open water;;NVT;;canal;;Stedelijk;overig;83181;0;83181;0;;;;69408;13776;0;0;#DELING.DOOR.0!
6000-EAG-8;Noordzeekanaal/IJ/Amsterdamrijnkanaalboezem, tbv drinkwater;20170418;;;;;;;;KRW Overig water;;M11;;kleine plas;;Stedelijk;overig;18846;11655;7191;1121;;;;254;6931;11661;62;0.096305375
6000-EAG-9;Noordzeekanaal/IJ/Amsterdamrijnkanaalboezem, afstromend naar boezem - west;20160428;;;;;;;;KRW Overig water;;M30;;canal;;Stedelijk;overig;23487569;599790;22887779;224577;;;;15768758;7165890;620503;3;0.003448533
6040-EAG-1;Sportpark Tuindorp Oostzaan, Sportpark Tuindorp Oostzaan;20170331;;;;;;;;KRW Overig water;;M1a;;sloot;vijver;Stedelijk;sportpark;84508;4989;79519;2076;;;;14938;64566;4987;6;0.034023533
6050-EAG-1;Krasseurstraat, Krasseurstraat;20170329;;;;;;;;KRW Overig water;;M10;20161205_MemoWatertypenOverigWater;canal;;Stedelijk;overig;227690;9142;218548;1564;;;;27646;34639;9142;4;0.061134147
6060-EAG-1;W.H. Vliegenbos, W.H. Vliegenbos;20170329;;;;;;;;KRW Overig water;;M8;WBP 2016-2021;sloot;;Landelijk;overig;252627;18542;234085;7749;;;;7796;226003;18541;7;0.017572463
6080-EAG-1;Polder Bernard, Polder Polder Bernard;20170329;;;;;;;;KRW Overig water;;M1a;WBP 2016-2021;sloot;;Stedelijk;overig;25595;847;24748;639;;;;11931;12673;924;3;0.045545015
6100-EAG-1;Noorder IJ Polder, Noorder IJplas;20160428;;NL11_7_2;NL11_7_2;NL11_NoorderIJplas;NL11_NoorderIJplas;NL11_NoorderIJplas;Noorder IJplas;KRW Waterlichaam;Noorder IJ-plas;M20;WBP 2016-2021;plas;;Landelijk;overig;692761;512713;180047;7926;11857;331625;168843;67663;112346;512713;74;0.090340626
6110-EAG-1;Noorder IJ Polder, Noorder IJ Polder;20170331;;;;;;;;KRW Overig water;;M3;20161205_MemoWatertypenOverigWater;canal;;Stedelijk;overig;1485000;81281;1403720;13398;;;;620540;784217;80289;5;0.021279163
6400-EAG-1;Watergraafsmeer, zuid;20160428;;;;;;;;KRW Overig water;;M3;20161205_MemoWatertypenOverigWater;canal;;Stedelijk;overig;4655976;205805;4450170;52915;;;;2046929;2399538;209609;4;0.008573322
6400-EAG-2;Watergraafsmeer, noord;20160428;;;;;;;;KRW Overig water;;M3;20161205_MemoWatertypenOverigWater;canal;;Stedelijk;overig;1169349;148995;1020354;18783;;;;549196;469931;150251;13;0.020550429
6420-EAG-1;Gemeenschapspolder West (Tuincomplex Linnaeus), Gemeenschapspolder West (Tuincomplex Linnaeus);20160428;;;;;;;;KRW Overig water;;M10;20161205_MemoWatertypenOverigWater;sloot;;Stedelijk;volkstuinen;247645;39450;208195;11786;;;;28910;179289;39450;16;0.016852218
6430-EAG-1;Baambrugge Oostzijds;20160428;;;;;;;;KRW Overig water;;M8;WBP 2016-2021;sloot;;Landelijk;hoge_potentie_lb;7252899;429060;6823839;278194;;;;400811;6412846;439325;6;0.002354568
6440-EAG-1;Polder Breukelerwaard West, bemalen gebied;20170327;;;;;;;;KRW Overig water;;M1a;WBP 2016-2021;sloot;;Landelijk;hoge_potentie_lb;1230827;51249;1179577;31649;;;;215322;962959;52547;4;0.007152909
6440-EAG-2;Polder Breukelerwaard West,;20170327;;;;;;;;KRW Overig water;;M1a;WBP 2016-2021;sloot;;Landelijk;hoge_potentie_lb;285972;26867;259105;10685;;;;25244;233210;27522;9;0.015340343
6440-EAG-3;Polder Breukelerwaard West,;20170327;;;;;;;;KRW Overig water;;M1a;WBP 2016-2021;sloot;;Landelijk;overig;280693;9238;271456;8922;;;;3319;268476;8897;3;0.010772754
6440-EAG-4;Polder Breukelerwaard West,;20170327;;;;;;;;KRW Overig water;;M1a;WBP 2016-2021;sloot;;Landelijk;overig;339804;24224;315580;8352;;;;69409;245493;24903;7;0.018635131
6440-EAG-5;Polder Breukelerwaard West,;20170327;;;;;;;;KRW Overig water;;M1a;WBP 2016-2021;sloot;;Stedelijk;hoge_potentie_lb;193571;14879;178692;3372;;;;92158;86391;15024;8;0.036174231
6450-EAG-1;Aetsveldse Polder west, bemalen;20160428;;;;;;;;KRW Overig water;;M1a;WBP 2016-2021;sloot;;Landelijk;hoge_potentie_lb;2470401;109955;2360447;81514;;;;85903;2274585;110008;4;0.004067947
6450-EAG-2;Aetsveldse Polder west, fort;20160428;;;;;;;;KRW Overig water;;M3;20161205_MemoWatertypenOverigWater;sloot;;Landelijk;overig;48506;29081;19424;1408;;;;2408;17014;29082;60;0.121116138
6450-EAG-3;Aetsveldse Polder west, zuid;20160428;;;;;;;;KRW Overig water;;M1a;WBP 2016-2021;sloot;;Landelijk;hoge_potentie_lb;258937;8519;250419;7614;;;;19727;230671;8488;3;0.0121222
6460-EAG-1;Breukelen Noord, Breukelen Noord;20160428;;;;;;;;KRW Overig water;;M1a;WBP 2016-2021;sloot;;Landelijk;hoge_potentie_lb;795904;41015;754888;12332;;;;254391;499832;41678;5;0.016422446
6460-EAG-2;Breukelen Noord, landelijk;20160428;;;;;;;;KRW Overig water;;M1a;WBP 2016-2021;sloot;;Landelijk;hoge_potentie_lb;187174;19741;167433;8692;;;;1;166721;20454;11;0.016164596
6480-EAG-1;Hoeker- en Garstenpolder, bemalen gebied;20170214;;;;;;;;KRW Overig water;;M1a;WBP 2016-2021;sloot;;Landelijk;hoge_potentie_lb;2826210;124551;2701658;93210;;;;114620;2584199;127423;4;0.003786266
6480-EAG-2;Hoeker- en Garstenpolder, noord;20170221;;;;;;;;KRW Overig water;;M1a;WBP 2016-2021;sloot;;Landelijk;hoge_potentie_lb;846152;34987;811165;24850;;;;47487;767012;31664;4;0.007527087
6480-EAG-3;Hoeker- en Garstenpolder, oost;20170214;;;;;;;;KRW Overig water;;M1a;WBP 2016-2021;sloot;;Landelijk;hoge_potentie_lb;1494322;64069;1430253;53672;;;;52814;1377100;64420;4;0.004716026
6490-EAG-1;Aetsveldse Polder west (Driemond), Driemond;20160428;;;;;;;;KRW Overig water;;M1a;WBP 2016-2021;sloot;;Stedelijk;overig;67417;1060;66357;730;;;;37189;29169;1060;2;0.044599508
6500-EAG-1;Over-Diemen, elektriciteitscentrale;20160428;;;;;;;;KRW Overig water;;M1a;;canal;;Landelijk;overig;481097;26274;454823;13591;;;;145173;309513;26416;5;0.011926464
6510-EAG-1;Over-Diemen (Zeehoeve), Zeehoeve;20160428;;;;;;;;KRW Overig water;;M3;WBP 2016-2021;canal;;Landelijk;overig;199831;20965;178866;6588;;;;36116;142212;21510;10;0.021978287
6530-EAG-1;Bloemendalerpolder en Gemeenschapspolder Oost, bemalen;20160428;;;;;;;;KRW Overig water;;M8;WBP 2016-2021;sloot;;Landelijk;overig;4048346;257211;3791135;145440;;;;592061;3193918;262448;6;0.003487072
6530-EAG-2;Bloemendalerpolder en Gemeenschapspolder Oost, langs de Vecht;20160428;;;;;;;;KRW Overig water;;M8;WBP 2016-2021;sloot;;Landelijk;overig;228521;11809;216712;8705;;;;19557;196492;12477;5;0.012483541
6540-EAG-1;Aetsveldse Polder Oost, bemalen;20160428;;;;;;;;KRW Overig water;;M1a;WBP 2016-2021;sloot;;Landelijk;hoge_potentie_lb;6423870;352003;6071867;235453;;;;338933;5756972;350699;5;0.002519817
6540-EAG-2;Aetsveldse Polder Oost, blokbemaling;20160428;;;;;;;;KRW Overig water;;M1a;WBP 2016-2021;sloot;;Landelijk;hoge_potentie_lb;614462;24023;590440;17740;;;;5015;563003;23810;4;0.008736953
6540-EAG-3;Aetsveldse Polder Oost, stedelijk Weesp;20160428;;;;;;;;KRW Overig water;;M1a;WBP 2016-2021;sloot;;Stedelijk;hoge_potentie_lb;1510073;79045;1431028;30730;;;;702836;728259;79007;5;0.009149021
6550-EAG-1;Polder Nijenrode, landelijk gebied;20170213;;;;;;;;KRW Overig water;;M1a;WBP 2016-2021;sloot;;Landelijk;hoge_potentie_lb;2079514;105598;1973917;71290;;;;82277;1886524;110579;5;0.004558261
6550-EAG-2;Polder Nijenrode, Kasteel Neijenrode en sportvelden;20170213;;;;;;;;KRW Overig water;;M1a;WBP 2016-2021;sloot;;Landelijk;hoge_potentie_lb;634849;69035;565813;18979;;;;40832;523503;70514;11;0.013843992
6550-EAG-3;Polder Nijenrode, bebouwing;20170213;;;;;;;;KRW Overig water;;M1a;;sloot;;Stedelijk;overig;385697;16871;368826;6960;;;;147143;221063;17467;4;0.018662128
6560-EAG-1;Over-Diemen (noord), Over-Diemen (noord);20160428;;;;;;;;KRW Overig water;;M1a;;canal;;Landelijk;overig;33326;831;32495;622;;;;2589;29851;887;2;0.046345773
6570-EAG-1;Polder Broeckland, Polder Broeckland;20170214;;;;;;;;KRW Overig water;;M8;20161205_MemoWatertypenOverigWater;sloot;;Landelijk;hoge_potentie_lb;364840;24466;340374;8003;;;;81838;257878;25127;7;0.019544685
6580-EAG-1;Breukelen boezempeil, Breukelen boezempeil;20170214;;;;;;;;KRW Overig water;;NVT;WBP 2016-2021;canal;;Landelijk;hoge_potentie_lb;173963;1373;172590;833;;;;53325;119237;1398;1;0.044482611
6590-EAG-1;Rijnkade, Rijnkade;20160428;;;;;;;;KRW Overig water;;M1a;20161205_MemoWatertypenOverigWater;sloot;;Stedelijk;overig;624710;13376;611334;5669;;;;416769;194579;13376;2;0.020401245
7000-EAG-1;IJmeer, Markermeer, Gooimeer en Eemmeer, IJmeer, Bovenmaat;20170126;;;;;;;;KRW Overig water;;M3;WBP 2016-2021;canal;;Stedelijk;overig;901036;44896;856140;5896;;;;478567;377034;45448;5;0.035937375
7000-EAG-2;Geen EAG, afstromend;20170414;;;;;;;;Geen KRW open water;;NVT;;canal;;Stedelijk;overig;83560;0;83560;0;;;;56844;26718;0;0;#DELING.DOOR.0!
7000-EAG-3;Geen EAG, afstromend;20170414;;;;;;;;Geen KRW open water;;NVT;;canal;;Stedelijk;overig;50344;0;50344;0;;;;36038;14307;0;0;#DELING.DOOR.0!
7000-EAG-4;IJmeer, Markermeer, Gooimeer en Eemmeer, Diemerzeedijk noord;20170414;;;;;;;;KRW Overig water;;M3;;canal;;Landelijk;overig;606736;52107;554629;9344;;;;99522;455092;52135;9;0.024429535
7010-EAG-1;De Gooise Zomerkade, De Gooise Zomerkade;20170124;;;;;;;;KRW Overig water;;M1a;WBP 2016-2021;sloot;;Landelijk;overig;2117462;75911;2041551;51478;;;;87545;1949255;80691;4;0.00535218
7010-EAG-2;De Gooise Zomerkade, Blaricummer Meent;20170124;;;;;;;;KRW Overig water;;M1a;WBP 2016-2021;sloot;;Stedelijk;overig;927563;76080;851483;18927;;;;520638;341588;65351;8;0.014573151
7020-EAG-1;Huizen (oost), Bijvanck en Vierde Kwadrant;20170125;;;;;;;;KRW Overig water;;M3;20161205_MemoWatertypenOverigWater;canal;;Stedelijk;overig;2157198;63809;2093390;15408;;;;951019;1140819;65394;3;0.016394369
7030-EAG-1;Buitendijksgebied Naarden en Muiderberg, Buitendijksgebied Naarden en Muiderberg;20170414;;;;;;;;KRW Overig water;;M25;;kleine plas;;Landelijk;kustpolder;1688667;154655;1534012;20781;;;;324978;1207668;156045;9;0.018924113
7040-EAG-1;Eiland Zeeburg, Eiland Zeeburg;20170329;;;;;;;;KRW Overig water;;M1a;WBP 2016-2021;sloot;;Stedelijk;overig;937006;39994;897011;14576;;;;447056;449657;40314;4;0.013720156
7050-EAG-1;Haveneiland, Haveneiland;20160428;;;;;;;;KRW Overig water;;M3;20161205_MemoWatertypenOverigWater;canal;;Stedelijk;overig;1298602;144280;1154322;12622;;;;871400;281744;145487;11;0.030093652
7060-EAG-1;Steigereiland, Steigereiland;20160428;;;;;;;;KRW Overig water;;M3;20161205_MemoWatertypenOverigWater;canal;;Stedelijk;overig;392005;75690;316315;1486;;;;241248;74953;75813;19;0.185140078
7080-EAG-1;Eiland Zeeburg (oost), Eiland Zeeburg (oost);20170329;;;;;;;;KRW Overig water;;M1a;WBP 2016-2021;canal;;Stedelijk;overig;82485;2387;80098;1167;;;;47209;32754;2527;3;0.04186541
7090-EAG-1;Uitstroom gemaal Zeeburg, Uitstroom gemaal Zeeburg;20161228;;;;;;;;KRW Overig water;;M3;20161205_MemoWatertypenOverigWater;sloot;;Landelijk;overig;27177;11508;15670;684;;;;2918;12750;11510;42;0.156835302
7100-EAG-1;Huizen (west), Kwelvijvers;20170126;;;;;;;;KRW Overig water;;M3;;canal;;Stedelijk;overig;322141;30687;291454;3944;;;;37997;253010;31138;10;0.044416089
7100-EAG-2;Huizen (west), Huizermaat;20170126;;;;;;;;KRW Overig water;;M3;;canal;;Stedelijk;overig;2237690;55025;2182665;8470;;;;1112447;1069218;56074;2;0.027694697
7110-EAG-1;Eiland Zeeburg (zuid), Eiland Zeeburg (zuid);20170329;;;;;;;;KRW Overig water;;M3;20161205_MemoWatertypenOverigWater;canal;;Stedelijk;overig;72596;3931;68665;1282;;;;29106;39443;4048;5;0.048906152
8000-EAG-1;Rijnlands Boezem, boezemland;20170414;;;;;;;;KRW Overig water;;M6a;;canal;;Stedelijk;overig;783282;216876;566406;17878;;;;392393;254198;219020;28;0.026048746
8000-EAG-2;Geen EAG;20170504;;;;;;;;Geen KRW open water;;NVT;;canal;;Landelijk;overig;11372;96;11276;194;;;;2875;8353;145;1;0.050504943
8010-EAG-1;De Lange Bretten, natuurgebied;20160428;;;;;;;;KRW Overig water;;M8;WBP 2016-2021;sloot;;Stedelijk;natuur;1097489;107000;990488;28106;;;;89242;898601;109682;10;0.011638388
8010-EAG-2;De Lange Bretten, polder;20160428;;;;;;;;KRW Overig water;;M8;WBP 2016-2021;sloot;;Stedelijk;overig;1326905;131808;1195096;40442;;;;263769;844875;135992;10;0.008977145
8020-EAG-1;Overbraker Binnenpolder, volkstuinen;20160428;;;;;;;;KRW Overig water;;M8;WBP 2016-2021;sloot;;Stedelijk;volkstuinen;819231;66144;753086;28010;;;;166711;584073;68466;8;0.009181891
8020-EAG-2;Overbraker Binnenpolder, noord-oost;20160428;;;;;;;;KRW Overig water;;M8;WBP 2016-2021;sloot;;Stedelijk;overig;117903;16676;101227;5248;;;;20335;80501;17074;14;0.024606629
8030-EAG-1;Osdorperbinnenpolder, veenweide;20160428;;;;;;;;KRW Overig water;;M10;20161205_MemoWatertypenOverigWater;sloot;;Stedelijk;overig;1195877;184158;1011719;52148;;;;191027;817127;187749;15;0.0082292
8030-EAG-2;Osdorperbinnenpolder, Geuzenveld;20160428;;;;;;;;KRW Overig water;;M10;20161205_MemoWatertypenOverigWater;sloot;;Stedelijk;overig;295054;18670;276383;4827;;;;110122;166037;18898;6;0.028307066
8030-EAG-3;Osdorperbinnenpolder,  De Kluut 2;20160428;;;;;;;;KRW Overig water;;M10;20161205_MemoWatertypenOverigWater;sloot;;Stedelijk;overig;168924;83511;85413;7271;;;;6064;78901;83964;49;0.03974456
8030-EAG-4;Osdorperbinnenpolder, VTP Tigeno en Eendracht;20160428;;;;;;;;KRW Overig water;;M10;20161205_MemoWatertypenOverigWater;sloot;;Stedelijk;volkstuinen;260772;40446;220327;13590;;;;31682;187634;41461;16;0.014798522
8030-EAG-5;Osdorperbinnenpolder, polder;20160428;;;;;;;;KRW Overig water;;M10;20161205_MemoWatertypenOverigWater;sloot;;Stedelijk;overig;1344448;136663;1207785;41195;;;;174096;1031118;139263;10;0.008973895
8030-EAG-6;Osdorperbinnenpolder, Tom Schreurweg;20160428;;;;;;;;KRW Overig water;;M10;20161205_MemoWatertypenOverigWater;sloot;;Stedelijk;overig;37829;7571;30258;3178;;;;2374;27626;7841;20;0.027379325
8040-EAG-1;Osdorperbovenpolder, Osdorperbovenpolder;20160428;;;;;;;;KRW Overig water;;M8;WBP 2016-2021;sloot;;Stedelijk;overig;1533604;137594;1396010;64475;;;;333432;1058794;141413;9;0.005753186
8040-EAG-2;Osdorperbovenpolder, Bovensloot;20160428;;;;;;;;KRW Overig water;;M8;WBP 2016-2021;sloot;;Stedelijk;overig;60328;8372;51956;4969;;;;19861;31670;8801;14;0.018413893
8050-EAG-1;Lutkemeerpolder, Bisschopsmuts;20160428;;;;;;;;KRW Overig water;;M1a;WBP 2016-2021;sloot;;Stedelijk;overig;669904;43254;626649;5714;;;;326786;299520;43614;6;0.036397613
8050-EAG-2;Lutkemeerpolder, polder;20160428;;;;;;;;KRW Overig water;;M1a;WBP 2016-2021;sloot;;Stedelijk;overig;1734920;118095;1616824;43253;;;;218949;1397127;118885;7;0.007945103
8050-EAG-3;Lutkemeerpolder, natuurgebied;20160428;;;;;;;;KRW Overig water;;M1a;WBP 2016-2021;sloot;;Stedelijk;overig;535922;84296;451626;13439;;;;49375;402266;84296;16;0.021604117
8060-EAG-1;Middelveldse Akerpolder, polder;20160428;;;;;;;;KRW Overig water;;M3;20161205_MemoWatertypenOverigWater;canal;;Stedelijk;overig;1517910;159856;1358054;40932;;;;717103;639725;161114;11;0.009767907
8070-EAG-1;Sloterbinnen en Middelveldsepolder, Sloterplas;20160428;;NL11_3_1;NL11_3_1;NL11_Sloterplas;NL11_Sloterplas;NL11_Sloterplas;Sloterplas;KRW Waterlichaam;Sloterplas;M20;WBP 2016-2021;plas;;Stedelijk;overig;1462214;899874;562340;9129;14540;362465;530955;53442;508165;900647;62;0.103912464
8070-EAG-2;Sloterbinnen en Middelveldsepolder, Gecombineerde Polders;20160428;;;;;;;;KRW Overig water;;M3;20161205_MemoWatertypenOverigWater;canal;;Stedelijk;overig;12604571;754490;11850082;87759;;;;5447232;6398087;759544;6;0.009897718
8070-EAG-3;Sloterbinnen en Middelveldsepolder, SPP Ookmeer;20160428;;;;;;;;KRW Overig water;;M3;20161205_MemoWatertypenOverigWater;canal;;Stedelijk;overig;661487;34265;627222;12107;;;;186056;440390;35058;5;0.015289343
8080-EAG-1;Riekerpolder, Wielerbaan;20160428;;;;;;;;KRW Overig water;;M10;20161205_MemoWatertypenOverigWater;sloot;;Stedelijk;overig;376551;21427;355124;7943;;;;66022;288446;22090;6;0.01842876
8080-EAG-2;Riekerpolder, polder;20160428;;;;;;;;KRW Overig water;;M10;20161205_MemoWatertypenOverigWater;sloot;;Stedelijk;overig;3011395;237881;2773515;71860;;;;949368;1819780;242310;8;0.006787232
8090-EAG-1;Nieuw-Sloten, Nieuw-Sloten;20160428;;;;;;;;KRW Overig water;;M10;20161205_MemoWatertypenOverigWater;sloot;;Stedelijk;overig;1264353;96121;1168233;15060;;;;602519;564647;97207;8;0.020586578
8090-EAG-2;Nieuw-Sloten, Plesmanstrook;20160428;;;;;;;;KRW Overig water;;M10;20161205_MemoWatertypenOverigWater;sloot;;Stedelijk;overig;318450;61819;256631;16630;;;;50766;204681;63018;19;0.014950948
8110-EAG-1;Begraafplaats Vredenhof;20160428;;;;;;;;KRW Overig water;;M1a;WBP 2016-2021;sloot;;Stedelijk;overig;54182;3339;50842;1654;;;;13818;36945;3418;6;0.034935962
9010-EAG-1;Buiksloterdijk, Buiksloterdijk;20161227;;;;;;;;KRW Overig water;;M10;20161205_MemoWatertypenOverigWater;sloot;;Stedelijk;overig;186604;4424;182180;934;;;;116504;65739;4366;2;0.07121323
9020-EAG-1;Florapark (noord), Florapark (noord);20161227;;;;;;;;KRW Overig water;;M11;20161205_MemoWatertypenOverigWater;kleine plas;vijver;Stedelijk;park;136993;8980;128013;1065;;;;25916;102102;8980;7;0.088979213
9030-EAG-1;Florapark (zuid), Florapark (zuid);20161227;;;;;;;;KRW Overig water;;M11;20161205_MemoWatertypenOverigWater;kleine plas;vijver;Stedelijk;park;32620;3799;28821;538;;;;1814;27008;3798;12;0.114565109
9040-EAG-1;Buiksloterweg, Buiksloterweg;20161227;;;;;;;;KRW Overig water;;M11;20161205_MemoWatertypenOverigWater;kleine plas;vijver;Stedelijk;overig;8999;2604;6395;304;;;;233;6162;2604;29;0.167859879
9801-EAG-1;Wiel Onderwal, Wiel Onderwal;20170307;;;;;;;;KRW Overig water;;M11;;kleine plas;vijver;Landelijk;overig;35885;7765;28120;1188;;;;1758;26277;7852;22;0.074174442
9802-EAG-1;Buitendijks gebied Muiderberg, Buitendijks gebied Muiderberg;20170314;;;;;;;;KRW Overig water;;M11;;kleine plas;vijver;Landelijk;kustpolder;461228;63;461165;67;;;;136974;324264;0;0;0.118466477
9901-EAG-1;Geen EAG, lozend op riolering;20170418;;;;;;;;Geen KRW open water;;NVT;;canal;;Stedelijk;overig;46805;0;46805;0;;;;35231;11575;0;0;#DELING.DOOR.0!
9902-EAG-1;Geen EAG, lozend op riolering;20170418;;;;;;;;Geen KRW open water;;NVT;;canal;;Landelijk;hoge_potentie_lb;203805;0;203805;16;;;;70768;133038;0;0;0
