GAFIDENT;GAFNAAM;OPMERKING;Opp EAG (m²);Opp water (m²);Opp land (m²);Omtrek water (m);Opp water 0-1 m diep (m²);Opp water 1-8 m diep (m²);Opp water > 8 m diep (m²);Plas;watertype;type;vijver?;opmerking;Opp verhard;Opp onverhard;Opp water (BGT);verhardfactor;StedelijkLandelijk
6000-EAG-7;Geen EAG;Geen KRW open water;0;0;0;0;0;0;0;;NVT;canal;;;69407.6875;13775.5;0;0.834395622;Stedelijk
9901-EAG-1;Geen EAG, lozend op riolering;Geen KRW open water;0;0;0;0;0;0;0;;NVT;canal;;;35231.3125;11574.6875;0;0.752709321;Stedelijk
7000-EAG-3;Geen EAG, afstromend;Geen KRW open water;0;0;0;0;0;0;0;;NVT;canal;;;36038.125;14306.75;0;0.715825096;Stedelijk
2130-EAG-4;Noorder Legmeerpolder, Amstelzijde;KRW Overig water;212,596;10,163;202,433;4,084;0;0;0;;M1a;sloot;;;150158.125;52219.875;10219.9375;0.706300949;Stedelijk
1050-EAG-1;SP Zuid, SP Zuid;KRW Overig water;34,637;576;34,062;416;0;0;0;;NTB;canal;;;23803.9375;10220.125;614.4375;0.687210402;Stedelijk
7000-EAG-2;Geen EAG, afstromend;Geen KRW open water;0;0;0;0;0;0;0;;NVT;canal;;;56843.5625;26718.375;0;0.680256636;Stedelijk
7050-EAG-1;Haveneiland, Haveneiland;KRW Overig water;1,298,602;144,280;1,154,322;12,622;0;0;0;;M3;canal;;;871399.5;281744.25;145487.1875;0.671013969;Stedelijk
6000-EAG-9;Noordzeekanaal/IJ/Amsterdamrijnkanaalboezem, afstromend naar boezem - west;KRW Overig water;23,554,544;593,976;22,960,568;213,907;0;0;0;;NVT;canal;;;15768757.63;7165890.313;620503.1875;0.669439884;Stedelijk
6590-EAG-1;Rijnkade, Rijnkade;KRW Overig water;624,710;13,376;611,334;5,669;0;0;0;;M1a;sloot;;;416769.0625;194578.625;13375.9375;0.667125503;Stedelijk
6000-EAG-10;Noordzeekanaal/IJ/Amsterdamrijnkanaalboezem, afstromend naar boezem - oost;KRW Overig water;7,913,035;673,661;7,239,374;52,681;0;0;0;;NVT;canal;;;5055642.563;2182567.125;675032.5;0.638883841;Stedelijk
3050-EAG-2;Gemeenschapspolder zuid-oost, Bloemendalerpolder Weesp;KRW Overig water;389,398;8,072;381,326;2,739;0;0;0;;M8;sloot;;;248697.9375;132629.75;8072.875;0.638668665;Stedelijk
4120-EAG-1;Buitendijken ten Noorden van Naarden, Schapenmeent;KRW Overig water;626,629;14,674;611,955;3,959;0;0;0;;M1a;sloot;;;392965.875;218651.75;15020.8125;0.627101454;Stedelijk
3050-EAG-1;Gemeenschapspolder zuid-oost, Gemeenschapspolder zuid-oost;KRW Overig water;783,563;29,396;754,167;8,283;0;0;0;;M8;sloot;;;490932.3125;263241.8125;29404.125;0.626526212;Stedelijk
9010-EAG-1;Buiksloterdijk, Buiksloterdijk;KRW Overig water;186,604;4,366;182,238;931;0;0;0;;M10;sloot;;;116504.0625;65738.6875;4365.75;0.62432345;Stedelijk
1000-EAG-3;Stadsboezem Amsterdam, stad;NL11_2_1;374,119;81,540;292,579;6,324;0;0;0;;M6b;canal;;;231875.625;60707.625;81540.875;0.619782606;Stedelijk
7060-EAG-1;Steigereiland, Steigereiland;KRW Overig water;392,005;75,690;316,315;1,486;0;0;0;;M3;canal;;;241247.625;74953.375;75812.5;0.615406421;Stedelijk
1000-EAG-1;Stadsboezem Amsterdam, Oost;NL11_2_1;12,521,550;1,308,993;11,212,557;111,163;0;0;0;;M6b;canal;;;7407910.5;3800145.688;1313821.063;0.591597438;Stedelijk
3220-EAG-5;Horstermeerpolder en Meeruiterdijksche Polder, Meeruiterdijksche Polder noord;KRW Overig water;190,569;4,244;186,325;3,450;0;0;0;;M1a;sloot;;;111540.3125;74350.4375;4681.625;0.585291087;Stedelijk
5000-EAG-7;'t Gooi, 't Gooi;KRW Overig water;6,330,230;35,552;6,294,677;2,740;0;0;0;;NVT;canal;;;3647729.188;2646721.063;35809.875;0.576236855;Stedelijk
2250-EAG-4;Polder de Nieuwe Bullewijk en Holendrechter- en Bullewijker Polder noord, Bullewijk en AMC;KRW Overig water;4,522,725;325,723;4,197,002;49,030;0;0;0;;M8;sloot;;;2597097.125;1595668.563;330024.1875;0.574224582;Stedelijk
7080-EAG-1;Eiland Zeeburg (oost), Eiland Zeeburg (oost);KRW Overig water;82,485;2,387;80,098;1,167;0;0;0;;NTB;canal;;;47209.3125;32754.0625;2526.5625;0.572303895;Stedelijk
7010-EAG-2;De Gooise Zomerkade, Blaricummer Meent;KRW Overig water;927,563;62,409;865,154;15,188;0;0;0;;M1a;sloot;;;520637.6875;341588.0625;65350.8125;0.561288101;Stedelijk
2000-EAG-1;Boezem Amstelland-West, Noord;NL11_2_1;9,142,868;925,231;8,217,637;51,138;0;0;0;;M6b;canal;;;5073521.75;3141101.875;928446.5625;0.554903511;Stedelijk
6490-EAG-1;Aetsveldse Polder west (Driemond), Driemond;KRW Overig water;67,417;1,060;66,357;730;0;0;0;;M1a;sloot;;;37189.1875;29168.8125;1059.9375;0.551621555;Stedelijk
2280-EAG-1;Venserpolder, Venserpolder;KRW Overig water;7,925,836;402,422;7,523,414;84,959;0;0;0;;M3;canal;;;4354937.313;3162481.188;408568.25;0.549450491;Stedelijk
7000-EAG-1;IJmeer, Markermeer, Gooimeer en Eemmeer, IJmeer, Bovenmaat;KRW Overig water;901,036;44,896;856,140;5,896;0;0;0;;NVT;canal;;;478566.75;377033.5625;45448.1875;0.531122076;Stedelijk
2150-EAG-2;Zuider Legmeerpolder, Kudelstaart;KRW Overig water;1,367,610;87,349;1,280,262;23,665;0;0;0;;M1a;sloot;;;704879.0625;572753.75;89984.9375;0.515406489;Stedelijk
2250-EAG-3;Polder de Nieuwe Bullewijk en Holendrechter- en Bullewijker Polder noord, Ouderkerk aan de Amstel;KRW Overig water;954,881;59,051;895,830;17,881;0;0;0;;M8;sloot;;;489659;404603.125;60629.4375;0.512790163;Stedelijk
2130-EAG-2;Noorder Legmeerpolder, Bovenkerk;KRW Overig water;3,551,816;249,052;3,302,764;60,383;0;0;0;;M1a;sloot;;;1811478.25;1490283.688;250105.6875;0.510007253;Stedelijk
7100-EAG-2;Huizen (west), Huizermaat;KRW Overig water;2,237,690;55,025;2,182,665;8,470;0;0;0;;M3;canal;;;1112446.875;1069218.063;56073.8125;0.497129915;Stedelijk
2130-EAG-3;Noorder Legmeerpolder, Uithoorn;KRW Overig water;3,770,204;200,881;3,569,322;50,888;0;0;0;;M1a;sloot;;;1846012.5;1723117.938;201110.4375;0.489627205;Stedelijk
1000-EAG-2;Stadsboezem Amsterdam, West;NL11_2_1;2,281,305;254,247;2,027,058;16,012;0;0;0;;M6b;canal;;;1114576.625;911444.5625;255337.1875;0.488558324;Stedelijk
8050-EAG-1;Lutkemeerpolder, Bisschopsmuts;KRW Overig water;669,904;43,254;626,649;5,714;0;0;0;;M1a;sloot;;;326786.125;299519.75;43614.375;0.487798548;Stedelijk
1000-EAG-4;Stadsboezem Amsterdam, Zeeburg;NL11_2_1;574,732;181,270;393,462;10,023;0;0;0;;M6b;canal;;;278737.875;114642.0625;181281.6875;0.485046961;Stedelijk
2400-EAG-6;Polder de Rondehoep,Ouderkerk aan de Amstel;KRW Overig water;720,604;46,805;673,800;17,086;0;0;0;;M8;sloot;;;348441.875;323901;48273.5;0.483533107;Stedelijk
7040-EAG-1;Eiland Zeeburg, Eiland Zeeburg;KRW Overig water;937,006;39,994;897,011;14,576;0;0;0;;M1a;sloot;;;447056;449657.375;40314.1875;0.47710016;Stedelijk
8090-EAG-1;Nieuw-Sloten, Nieuw-Sloten;KRW Overig water;1,264,353;96,121;1,168,233;15,060;0;0;0;;M10;sloot;;;602519.375;564647.375;97206.5;0.476536003;Stedelijk
6440-EAG-5;Polder Breukelerwaard West,;KRW Overig water;193,571;14,879;178,692;3,372;0;0;0;;M1a;sloot;;;92158.1875;86390.5625;15023.625;0.47609163;Stedelijk
3040-EAG-1;Bloemendalerpolder (noord), Bloemendalerpolder (noord);KRW Overig water;1,042,140;136,549;905,592;32,226;0;0;0;;M8;sloot;;;496014.4375;407434.125;138715;0.475946824;Stedelijk
2110-EAG-5;Middelpolder onder Amstelveen, bebouwd gebied Amstelveen;KRW Overig water;4,523,813;231,801;4,292,012;40,440;0;0;0;;M10;sloot;;;2138138;2150349.125;235393.8125;0.47263357;Stedelijk
8060-EAG-1;Middelveldse Akerpolder, polder;KRW Overig water;1,517,910;159,826;1,358,084;40,868;0;0;0;;M3;canal;;;717102.875;639725.3125;161113.5625;0.472417914;Stedelijk
6400-EAG-2;Watergraafsmeer, noord;KRW Overig water;1,169,349;148,981;1,020,368;18,756;0;0;0;;M3;canal;;;549196.3125;469930.6875;150250.625;0.469648385;Stedelijk
2010-EAG-2;Diemerpolder, Diemen;KRW Overig water;1,730,320;98,353;1,631,967;29,720;0;0;0;;M8;sloot;;;810906.6875;819968.25;99481.25;0.468635702;Stedelijk
6080-EAG-1;Polder Bernard, Polder Polder Bernard;KRW Overig water;25,527;896;24,630;1,067;0;0;0;;M1a;sloot;;;11931.125;12672.5625;923.5;0.467388936;Stedelijk
6540-EAG-3;Aetsveldse Polder Oost, stedelijk Weesp;KRW Overig water;1,510,073;79,058;1,431,016;30,944;0;0;0;;M1a;sloot;;;702836.25;728258.5625;79007.375;0.465422973;Stedelijk
2540-EAG-4;Polder Groot Mijdrecht en Polder de Eerste Bedijking (oost), stedelijk;KRW Overig water;4,097,415;241,807;3,855,608;98,527;0;0;0;;M1a;sloot;;;1899378.625;1948661.688;248565.4375;0.463646917;Stedelijk
2230-EAG-2;Broekzijdse Polder, Abcoude;KRW Overig water;710,948;43,441;667,507;13,928;0;0;0;;M8;sloot;;;324280.25;342173.625;44501.5;0.456118993;Stedelijk
8000-EAG-1;Rijnlands Boezem, boezemland;KRW Overig water;865,606;216,876;648,730;17,878;0;0;0;;NVT;canal;;;392392.9375;254197.875;219020.125;0.453313285;Stedelijk
6000-EAG-2;Noordzeekanaal/IJ/Amsterdamrijnkanaalboezem, Nuoncentrale;KRW Overig water;169,325;65,284;104,041;2,798;0;0;0;;NVT;canal;;;76647;27164.8125;65516.4375;0.452653352;Stedelijk
2310-EAG-2;Gemeenschapspolder West, Driemond;KRW Overig water;144,155;4,959;139,196;3,429;0;0;0;;M8;sloot;;;64977.3125;74219.1875;4961;0.450738342;Stedelijk
2100-EAG-1;Binnendijkse Buitenvelderse Polder, Binnendijkse Buitenvelderse Polder;KRW Overig water;5,556,130;386,412;5,169,718;51,201;0;0;0;;M10;sloot;;;2502475.125;2662106.125;391651;0.450390663;Stedelijk
2150-EAG-3;Zuider Legmeerpolder, landelijk;KRW Overig water;7,423,665;277,238;7,146,426;118,587;0;0;0;;M1a;sloot;;;3333207.125;3790930.563;299597.625;0.448993261;Stedelijk
2110-EAG-7;Middelpolder onder Amstelveen, zuid;KRW Overig water;347,732;21,635;326,097;6,976;0;0;0;;M10;sloot;;;154771.25;170631.375;22335.8125;0.4450795;Stedelijk
7020-EAG-1;Huizen (oost), Bijvanck en Vierde Kwadrant;KRW Overig water;2,157,198;63,809;2,093,390;15,408;0;0;0;;M3;canal;;;951019.1875;1140818.875;65393.5;0.440851693;Stedelijk
6400-EAG-1;Watergraafsmeer, zuid;KRW Overig water;4,655,976;205,805;4,450,170;52,915;0;0;0;;M3;canal;;;2046929.125;2399537.875;209608.6875;0.439625398;Stedelijk
2120-EAG-3;Bovenkerkerpolder, Amstelveen;KRW Overig water;5,196,670;280,333;4,916,337;61,964;0;0;0;;M1a;sloot;;;2280757.25;2630729.125;285261.6875;0.438881628;Stedelijk
2160-EAG-1;Fred Roeskestraat, Fred Roeskestraat;KRW Overig water;144,418;10,145;134,273;1,955;0;0;0;;NTB;canal;;;63135.8125;70966.8125;10318.5;0.437164663;Stedelijk
2210-EAG-1;Bijlmer, Bijlmer;KRW Overig water;6,192,676;510,024;5,682,652;48,429;0;0;0;;M8;sloot;;;2705601;2976708.063;510480.6875;0.436895343;Stedelijk
3360-EAG-6;Polder Maarsseveen-Westbroek, Kassen;KRW Overig water;327,439;9,658;317,781;5,291;0;0;0;;M8;sloot;;EJ: landelijk;141598.1875;176182.625;9658.5;0.432441011;Landelijk
8070-EAG-2;Sloterbinnen en Middelveldsepolder, Gecombineerde Polders;KRW Overig water;12,604,571;753,245;11,851,326;87,772;0;0;0;;M3;canal;;;5447232.25;6398086.625;759544;0.432153234;Stedelijk
2050-EAG-1;Atekpolder, Atekpolder;KRW Overig water;25,879;805;25,074;614;0;0;0;;M10;sloot;;;11140.8125;13891.4375;847.5;0.430483776;Stedelijk
6110-EAG-1;Noorder IJ Polder, Noorder IJ Polder;KRW Overig water;1,485,000;81,281;1,403,720;13,398;0;0;0;;M3;canal;;;620539.8125;784216.625;80288.875;0.417859177;Stedelijk
2506-EAG-1;Eilinzon, Eilinzon;KRW Overig water;37,271;5,528;31,742;1,879;0;0;0;;NTB;canal;;;15077.8125;16564.1875;5628.9375;0.404546102;Stedelijk
7110-EAG-1;Eiland Zeeburg (zuid), Eiland Zeeburg (zuid);KRW Overig water;72,596;3,931;68,665;1,282;0;0;0;;M3;canal;;;29105.75;39442.9375;4048.4375;0.400921524;Stedelijk
3230-EAG-6;Polder Kortenhoef, Hilversumsch Kanaal;NL11_6_4;3,561,179;473,268;3,087,911;26,901;204,507;268,964;0;Kortenhoefse Plas;M27;plas;;;1392348.563;1694360.25;474484.9375;0.390978043;Landelijk
6050-EAG-1;Krasseurstraat, Krasseurstraat;KRW Overig water;71,426;9,142;62,284;1,564;0;0;0;;NTB;canal;;EJ: stedelijk;27645.875;34638.9375;9141.9375;0.38705212;Stedelijk
3260-EAG-1;Blijkpolder, Blijkpolder;KRW Overig water;448,193;72,177;376,016;7,239;0;0;0;;M8;sloot;;;171865.875;204059.9375;72278.8125;0.383454042;Landelijk
6550-EAG-3;Polder Nijenrode, bebouwing;KRW Overig water;385,678;16,836;368,841;6,901;0;0;0;;M1a;sloot;;EJ: stedelijk;147142.8125;221062.5;17467.25;0.381522636;Stedelijk
2520-EAG-2;Polder de Derde Bedijking, stedelijk;KRW Overig water;1,708,535;103,605;1,604,931;29,528;0;0;0;;M1a;sloot;;EJ: stedelijk;651007.375;953453.9375;104083.9375;0.381030221;Stedelijk
8030-EAG-2;Osdorperbinnenpolder, Geuzenveld;KRW Overig water;295,054;18,670;276,383;4,827;0;0;0;;M10;sloot;;;110121.5625;166036.5;18897.6875;0.373222899;Landelijk
2410-EAG-2;Polder Waardassacker en Holendrecht, stedelijkgebied (noord);KRW Overig water;983,179;70,323;912,856;24,446;0;0;0;;M8;sloot;;EJ: stedelijk;354404.375;556744.9375;72042.4375;0.360463129;Stedelijk
2010-EAG-1;Diemerpolder, Diemen-Noord;KRW Overig water;1,601,071;144,598;1,456,472;43,476;0;0;0;;M8;sloot;;EJ: stedelijk;573019.3125;882552.5;145534.0625;0.357889707;Stedelijk
2110-EAG-2;Middelpolder onder Amstelveen, Amsterdamse Bos;KRW Overig water;731,538;74,640;656,898;14,245;0;0;0;;M10;sloot;;;261212.4375;393965.5625;76368.6875;0.357068718;Landelijk
2520-EAG-4;Polder de Derde Bedijking, kassen;KRW Overig water;448,504;32,109;416,395;19,969;0;0;0;;M1a;sloot;;;156290;260117.25;32099.9375;0.348467102;Landelijk
9902-EAG-1;Geen EAG, lozend op riolering;Geen KRW open water;203,805;0;203,805;16;0;0;0;;NVT;canal;;;70767.5;133038.125;0;0.347230357;Landelijk
4240-EAG-1;Hilversumse Meent, Hilversumse Meent;KRW Overig water;888,804;61,510;827,294;9,175;0;0;0;;M10;sloot;;;306873.125;519790.6875;62152.125;0.345260601;Landelijk
2220-EAG-2;Zuid Bijlmer, Gaasperdam;KRW Overig water;6,099,285;355,772;5,743,513;93,863;0;0;0;;M10;sloot;;;2069743.5;3672527.313;357110.9375;0.339336606;Landelijk
2130-EAG-1;Noorder Legmeerpolder, landelijk;KRW Overig water;8,999,836;280,780;8,719,056;138,632;0;0;0;;M1a;sloot;;;3000596.563;5688073.125;311272.5625;0.333401757;Landelijk
8040-EAG-2;Osdorperbovenpolder, Bovensloot;KRW Overig water;60,328;8,372;51,956;4,969;0;0;0;;M8;sloot;;;19860.5625;31669.9375;8801.25;0.329189233;Landelijk
6460-EAG-1;Breukelen Noord, Breukelen Noord;KRW Overig water;795,904;41,015;754,888;12,332;0;0;0;;M1a;sloot;;;254390.9375;499832;41677.6875;0.319626508;Landelijk
8080-EAG-2;Riekerpolder, polder;KRW Overig water;3,011,395;237,517;2,773,878;71,777;0;0;0;;M10;sloot;;;949367.9375;1819779.813;242309.6875;0.315251986;Landelijk
2140-EAG-6;Uithoornsche Polder, De Kwakel;KRW Overig water;2,013,566;369,846;1,643,720;84,013;0;0;0;;M8;sloot;;;625868;1013094.25;374619.5625;0.310823229;Landelijk
6580-EAG-1;Breukelen boezempeil, Breukelen boezempeil;KRW Overig water;173,963;1,373;172,590;833;0;0;0;;NTB;canal;;;53324.875;119237.3125;1397.75;0.306535377;Landelijk
6500-EAG-1;Over-Diemen, elektriciteitscentrale;KRW Overig water;481,097;26,274;454,823;13,591;0;0;0;;NTB;canal;;;145172.625;309513.4375;26416.125;0.301750083;Landelijk
9802-EAG-1;Buitendijks gebied Muiderberg, Buitendijks gebied Muiderberg;KRW Overig water;461,228;63;461,165;67;0;0;0;;NVT;sloot;;;136973.8125;324263.5625;0;0.296970324;Landelijk
2370-EAG-1;Gemeenschapspolder West (Betlem), Gemeenschapspolder West (Betlem);KRW Overig water;396,159;34,807;361,352;10,743;0;0;0;;M8;sloot;;;116061.5;244479.875;35625.875;0.292960864;Landelijk
8070-EAG-3;Sloterbinnen en Middelveldsepolder, SPP Ookmeer;KRW Overig water;661,487;34,265;627,222;12,107;0;0;0;;M3;canal;;;186055.6875;440389.5625;35058.4375;0.281261754;Stedelijk
4250-EAG-2;'s-Gravelandsche Polder, 's-Gravelandsche Polder - KRW Waterlichaam;NL11_2_2;255,789;100,911;154,879;16,450;0;0;0;;M6a;canal;;;69969.9375;83627.3125;102199.875;0.273536841;Landelijk
2290-EAG-1;Polder De Toekomst, Polder De Toekomst;KRW Overig water;992,750;56,620;936,129;15,672;0;0;0;;M8;sloot;;;265983.6875;662689.25;64095.5625;0.267921159;Landelijk
5000-EAG-2;'t Gooi, 't Gooi - 1;KRW Overig water;19,859,133;87,176;19,771,956;13,652;0;0;0;;NVT;canal;;;5173730.375;14597717;87973.875;0.260517681;Landelijk
8110-EAG-1;Begraafplaats Vredenhof;KRW Overig water;54,182;3,339;50,842;1,654;0;0;0;;M1a;sloot;;;13818.125;36944.75;3418.375;0.255035183;Landelijk
4000-EAG-4;'s-Gravelandsche vaartboezem, Naardertrekvaart;NL11_2_2;1,210,257;309,968;900,289;27,164;0;0;0;;M6a;canal;;;308586.5625;589613.6875;312072.9375;0.254972651;Landelijk
4130-EAG-1;Zuidpolder beoosten Muiden, Zuidpolder beoosten Muiden;KRW Overig water;2,558,684;223,583;2,335,100;86,024;0;0;0;;M8;sloot;;;651540.3125;1677817.625;229373.9375;0.25463407;Landelijk
8000-EAG-2;Geen EAG;Geen KRW open water;0;0;0;0;0;0;0;;NVT;canal;;;2874.6875;8352.625;144.6875;0.252786449;Landelijk
2610-EAG-1;Buitendijkse Oosterpolder, Buitenwesterpolder en Blokland (noord), bemalen gebied;KRW Overig water;2,610,659;307,107;2,303,552;110,924;0;0;0;;M8;sloot;;;652041.875;1645477.5;313155.6875;0.249759874;Landelijk
2300-EAG-1;Overdiemerpolder, Overdiemerpolder;KRW Overig water;987,582;141,097;846,485;32,339;0;0;0;;M8;sloot;;;243107.9375;603327.9375;141169.5;0.246158986;Landelijk
2000-EAG-3;Boezem Amstelland-West, Noord-Oost;NL11_1_1;981,158;535,485;445,674;22,965;0;0;0;;M6b;canal;;;232165.3125;213483;535525.5;0.236619964;Landelijk
4140-EAG-1;Keverdijkse Overscheense Polder,;KRW Overig water;723,259;38,653;684,606;26,727;0;0;0;;M8;sloot;;;170811.375;511610.125;40853;0.236163967;Landelijk
3360-EAG-3;Polder Maarsseveen-Westbroek, Zogwetering;KRW Overig water;2,132,014;99,930;2,032,084;32,897;0;0;0;;M8;sloot;;;496523.0625;1535135.188;100352.3125;0.232889588;Landelijk
3210-EAG-3;Horn- en Kuyerpolder, Stedelijk gebied Nederhorst Den Berg;KRW Overig water;748,146;66,089;682,057;25,661;0;0;0;;M1a;sloot;;EJ: stedelijk;171090.1875;510950.375;66105.25;0.228685618;Stedelijk
2340-EAG-2;Polder Holland en Sticht west, Loendersloot;KRW Overig water;391,584;16,725;374,859;11,699;0;0;0;;M1a;sloot;;;89294.9375;284622.3125;17671.4375;0.228032475;Landelijk
6570-EAG-1;Polder Broeckland, Polder Broeckland;KRW Overig water;364,840;24,367;340,473;7,807;0;0;0;;NTB;sloot;;;81837.9375;257877.6875;25127.0625;0.224310204;Landelijk
2110-EAG-6;Middelpolder onder Amstelveen, landelijk en sportpark;KRW Overig water;1,436,719;147,132;1,289,587;53,142;0;0;0;;M10;sloot;vijver;;321797.8125;962827.9375;152118.6875;0.223977072;Landelijk
4000-EAG-1;'s-Gravelandsche vaartboezem,  's-Gravelandsche Vaart;NL11_2_2;442,650;130,024;312,625;14,413;0;0;0;;M6a;canal;;;98993.25;212870.8125;130780.1875;0.223640655;Landelijk
2140-EAG-4;Uithoornsche Polder, Bebouwing Uithoorn-Zuid;KRW Overig water;2,139,217;377,502;1,761,715;81,248;0;0;0;;M8;sloot;;EJ: stedelijk;466129.75;1294455.625;378652.8125;0.217895208;Stedelijk
8040-EAG-1;Osdorperbovenpolder, Osdorperbovenpolder;KRW Overig water;1,533,604;137,594;1,396,010;64,475;0;0;0;;M8;sloot;;;333431.75;1058794.313;141413.25;0.217412104;Landelijk
2500-EAG-1;Polder Groot Wilnis Vinkeveen, Overig;KRW Overig water;4,472,963;1,213,396;3,259,567;207,518;0;0;0;;M10;sloot;;;966647.9375;2275774.188;1230571.813;0.216107589;Landelijk
1060-EAG-1;Vondelpark, Vondelpark;KRW Overig water;733,376;85,570;647,806;9,537;0;0;0;;M10;sloot;vijver;EJ: stedelijk;157812.4375;489125.4375;86454;0.215181601;Stedelijk
8010-EAG-2;De Lange Bretten, polder;KRW Overig water;1,244,581;131,808;1,112,772;40,442;0;0;0;;M8;sloot;;;263768.75;844874.5;135992.25;0.211924495;Landelijk
2110-EAG-1;Middelpolder onder Amstelveen, bemalen gebied;KRW Overig water;1,127,046;110,781;1,016,265;38,504;0;0;0;;M10;sloot;;;237687.1875;774664.8125;114727.3125;0.210887721;Landelijk
1030-EAG-1;BP Huis Te Vraag, BP Huis Te Vraag;KRW Overig water;41,938;3,709;38,228;1,962;0;0;0;;NTB;canal;;;8811.0625;29300.0625;3808.3125;0.21019038;Landelijk
4000-EAG-6;'s-Gravelandsche vaartboezem, Vesting Naarden;NL11_2_2;1,625,306;405,337;1,219,969;26,829;0;0;0;;M6a;canal;;;340032.3125;877980.1875;407321.125;0.209207702;Landelijk
3010-EAG-1;Noorder- of Rietpolder (zuid), Noorder- of Rietpolder (zuid) (De Krijgsman);KRW Overig water;37,345;2,826;34,519;1,666;0;0;0;;NTB;canal;;;7709.375;26643.0625;2997.4375;0.20640966;Landelijk
6440-EAG-4;Polder Breukelerwaard West,;KRW Overig water;339,804;23,848;315,955;7,597;0;0;0;;M1a;sloot;;;69409.4375;245492.75;24902.875;0.204262517;Landelijk
8020-EAG-1;Overbraker Binnenpolder, volkstuinen;KRW Overig water;819,231;66,144;753,086;28,010;0;0;0;;M8;sloot;;;166711.3125;584072.75;68465.5;0.203492709;Landelijk
3230-EAG-4;Polder Kortenhoef, Kortenhoef;KRW Overig water;2,799,562;232,081;2,567,481;89,464;0;0;0;;M8;sloot;;;543402.6875;2018394.063;237786.8125;0.194101257;Landelijk
2120-EAG-2;Bovenkerkerpolder, Amsteldijk Zuid;KRW Overig water;1,516,075;176,146;1,339,929;61,297;0;0;0;;M1a;sloot;;;292992.6875;1041985.688;181112.875;0.193255312;Landelijk
7030-EAG-1;Buitendijksgebied Naarden en Muiderberg, Buitendijksgebied Naarden en Muiderberg;KRW Overig water;1,688,667;154,618;1,534,049;20,705;0;0;0;;NVT;canal;;;324978.1875;1207668;156045.375;0.19244378;Landelijk
5000-EAG-4;'t Gooi, 't Gooi;KRW Overig water;10,272,165;53,212;10,218,953;13,907;0;0;0;;NVT;canal;;;1960574.5;8256782.875;54927;0.190860614;Landelijk
4000-EAG-7;'s-Gravelandsche vaartboezem, Naarden-Bussum;NL11_2_2;720,164;129,633;590,531;25,171;0;0;0;;M6a;canal;;;136617.4375;451944.625;131609.375;0.189701272;Landelijk
9020-EAG-1;Florapark (noord), Florapark (noord);KRW Overig water;136,993;8,980;128,013;1,065;0;0;0;;M11;kleine plas;vijver;EJ: stedelijk;25915.875;102102.3125;8980.3125;0.189169042;Stedelijk
3250-EAG-1;Vreeland (oost), Vreeland (oost);KRW Overig water;109,229;13,339;95,890;3,908;0;0;0;;M1a;sloot;;;20495.9375;75389.5625;13338.5625;0.187650386;Landelijk
2600-EAG-2;Polder Zevenhoven, Oude Nieuwveenseweg;KRW Overig water;677,642;34,173;643,469;18,739;0;0;0;;M1a;sloot;;;125739.875;515500.3125;36411;0.185552504;Landelijk
2410-EAG-3;Polder Waardassacker en Holendrecht, stedelijkgebied (zuid);KRW Overig water;1,668,234;129,079;1,539,155;50,072;0;0;0;;M8;sloot;;EJ: stedelijk;308613.625;1228609.688;131035.5;0.184991455;Stedelijk
4250-EAG-1;'s-Gravelandsche Polder, 's-Gravelandsche Polder;KRW Overig water;8,224,005;372,163;7,851,841;93,249;0;0;0;;M3;canal;;;1498230.438;6344222.25;381658.375;0.182175365;Landelijk
6510-EAG-1;Over-Diemen (Zeehoeve), Zeehoeve;NVT;199,831;20,965;178,866;6,588;0;0;0;;NTB;canal;;;36115.9375;142211.5625;21509.5625;0.180726923;Landelijk
2520-EAG-3;Polder de Derde Bedijking, natuur;KRW Overig water;188,227;25,479;162,748;8,471;0;0;0;;M1a;sloot;;;33709;129045.9375;25472.75;0.179086299;Landelijk
2140-EAG-3;Uithoornsche Polder, Zijdelmeer;KRW Overig water;313,020;141,687;171,333;8,233;0;0;0;;M25;kleine plas;vijver;EJ: stedelijk;55432.5625;115257.9375;142334.75;0.177086553;Stedelijk
6040-EAG-1;Sportpark Tuindorp Oostzaan, Sportpark Tuindorp Oostzaan;KRW Overig water;84,488;4,989;79,499;2,076;0;0;0;;NTB;canal;vijver;EJ: stedelijk;14937.625;64565.8125;4986.6875;0.176797288;Stedelijk
8080-EAG-1;Riekerpolder, Wielerbaan;KRW Overig water;376,551;21,427;355,124;7,943;0;0;0;;M10;sloot;;;66022.3125;288446.375;22089.5625;0.175330941;Landelijk
6440-EAG-1;Polder Breukelerwaard West, bemalen gebied;KRW Overig water;1,230,827;50,344;1,180,483;29,922;0;0;0;;M1a;sloot;;;215321.5;962959.1875;52546.5;0.174940481;Landelijk
8020-EAG-2;Overbraker Binnenpolder, noord-oost;KRW Overig water;117,903;16,676;101,227;5,248;0;0;0;;M8;sloot;;;20334.9375;80500.75;17073.75;0.17246234;Landelijk
3360-EAG-5;Polder Maarsseveen-Westbroek, rond Kleine Maarsseveensche Plas;KRW Overig water;710,828;74,400;636,428;24,276;0;0;0;;M8;sloot;;;122083.8125;514219.75;74523.625;0.171748935;Landelijk
2200-EAG-1;Venserpolder (volkstuinparken), Nieuw Vredelust, Ons Lustoord en Dijkzicht;KRW Overig water;505,399;59,949;445,449;27,344;0;0;0;;M1a;sloot;vijver;EJ: stedelijk;86751.625;356553;62104;0.171646507;Stedelijk
4110-EAG-1;B.O.B.M.-polder en Buitendijken tussen Muiderberg en Naarden, B.O. bemalen;KRW Overig water;2,369,258;120,296;2,248,961;51,949;0;0;0;;M1a;sloot;;;403673;1822394.938;143232.375;0.17037646;Landelijk
7000-EAG-4;IJmeer, Markermeer, Gooimeer en Eemmeer, Diemerzeedijk noord;KRW Overig water;606,736;52,107;554,629;9,344;0;0;0;;NVT;canal;;;99521.6875;455092.0625;52135.1875;0.164024494;Landelijk
5000-EAG-5;'t Gooi, 't Gooi;KRW Overig water;5,700,403;120,201;5,580,202;7,098;0;0;0;;NVT;canal;;;912736.1875;4666880.875;120830.8125;0.160116575;Landelijk
2110-EAG-3;Middelpolder onder Amstelveen, Bovenland;KRW Overig water;1,943,817;230,818;1,712,999;79,585;0;0;0;;M10;sloot;;;311229.375;1395104.438;237515.6875;0.16010981;Landelijk
8030-EAG-1;Osdorperbinnenpolder, veenweide;KRW Overig water;1,195,877;183,560;1,012,317;51,785;0;0;0;;M10;sloot;;;191027.25;817127.375;187748.6875;0.159734694;Landelijk
8090-EAG-2;Nieuw-Sloten, Plesmanstrook;KRW Overig water;318,450;61,819;256,631;16,630;0;0;0;;M10;sloot;;;50765.5;204681.1875;63017.625;0.159407186;Landelijk
5000-EAG-8;'t Gooi, 't Gooi;KRW Overig water;10,183,597;90,812;10,092,785;16,389;0;0;0;;NVT;canal;;;1606701.125;8484211.75;92779.875;0.157771956;Landelijk
6000-EAG-3;Noordzeekanaal/IJ/Amsterdamrijnkanaalboezem, Diemerzeedijk noord;KRW Overig water;464,059;48,720;415,339;14,346;0;0;0;;NVT;canal;;;69977.0625;344880.3125;49217.125;0.150788424;Landelijk
2220-EAG-1;Zuid Bijlmer, Gaasperplas;NL11_3_2;2,022,350;705,537;1,316,812;28,810;58,429;156,712;399,520;Gaasperplas;M20;plas;;;304035.625;1012812.688;705540.1875;0.150334926;Landelijk
2500-EAG-6;Polder Groot Wilnis Vinkeveen, Mijdrechtse  Bovenlanden;NL11_8_2;2,924,372;527,819;2,396,553;123,051;0;0;0;;M10;sloot;;;437063;1958292.125;529039.25;0.149454193;Landelijk
2600-EAG-3;Polder Zevenhoven, Nieuw Amstel;KRW Overig water;2,319,328;160,254;2,159,073;52,298;0;0;0;;M1a;sloot;;;345752.1875;1811434.188;162153;0.149073564;Landelijk
6530-EAG-1;Bloemendalerpolder en Gemeenschapspolder Oost, bemalen;KRW Overig water;4,048,346;256,289;3,792,057;143,577;0;0;0;;M8;sloot;;;592060.5;3193917.938;262447.875;0.146244603;Landelijk
2250-EAG-7;Polder de Nieuwe Bullewijk en Holendrechter- en Bullewijker Polder noord, Bullewijker Polder noord;KRW Overig water;1,101,914;99,149;1,002,765;40,979;0;0;0;;M8;sloot;;;158499.6875;839976.75;103454.75;0.143838099;Landelijk
2040-EAG-1;Oosterpark, Oosterpark;KRW Overig water;109,532;14,753;94,780;1,289;0;0;0;;M1a;sloot;vijver;EJ: stedelijk;15578.25;79205.4375;14751.875;0.142220934;Stedelijk
2540-EAG-6;Polder Groot Mijdrecht en Polder de Eerste Bedijking (oost), landelijk - KRW Waterlichaam;NL11_2_7;261,456;86,276;175,179;11,646;0;0;0;;M10;sloot;;;37082.9375;137922.75;86448.5;0.141833404;Landelijk
6000-EAG-5;Noordzeekanaal/IJ/Amsterdamrijnkanaalboezem, hoogspanningstrac?®;KRW Overig water;360,602;7,984;352,618;2,805;0;0;0;;NVT;canal;;;49532.75;303094.75;7986;0.137356893;Landelijk
2310-EAG-1;Gemeenschapspolder West, landelijk;KRW Overig water;4,003,651;329,602;3,674,049;140,171;0;0;0;;M8;sloot;;;548444.1875;3114956;340326.3125;0.13698343;Landelijk
3300-EAG-12;Muyeveld, De Ster;KRW Overig water;6,536,672;282,606;6,254,066;126,253;0;0;0;;M8;sloot;;;880051.625;5366658.75;289989.0625;0.134632414;Landelijk
4000-EAG-3;'s-Gravelandsche vaartboezem, Karnemelksloot;NL11_2_2;347,097;78,555;268,542;15,029;0;0;0;;M6a;canal;;;46355.75;220559.125;80186.75;0.133550945;Landelijk
2020-EAG-1;Flevopark, Flevopark;KRW Overig water;442,817;39,590;403,228;8,298;0;0;0;;M1a;sloot;vijver;EJ: stedelijk;58978.125;344260.3125;39588.25;0.13318557;Stedelijk
2110-EAG-8;Middelpolder onder Amstelveen, bemalen gebied - KRW Waterlichaam;NL11_2_6;63,365;15,335;48,030;3,281;0;0;0;;M10;sloot;;;8384.625;39280.625;15700.625;0.132320827;Landelijk
3000-EAG-1;Vechtboezem, Vecht;NL11_1_2;6,636,325;3,302,353;3,333,972;180,498;0;0;0;;M7b;canal;;;877210.875;2447141.188;3311994.75;0.132182796;Landelijk
4210-EAG-1;Hollands Ankeveensche Polder, Hollandsch Ankeveensche Polder bemalen;NL11_6_2;100,167;26,696;73,471;3,543;12,688;14,020;0;Hollandsch Ankeveensche Plas;M27;plas;;;13227.875;59911.0625;27025.625;0.132061426;Landelijk
4210-EAG-4;Hollands Ankeveensche Polder, Hollandsch Ankeveensche Polder oost;KRW Overig water;1,667,060;256,377;1,410,683;64,807;0;0;0;;M10;sloot;;;217272.25;1187564.938;262243.875;0.130330945;Landelijk
3360-EAG-8;Polder Maarsseveen-Westbroek, Oud tuinbouwgebied;KRW Overig water;167,039;7,033;160,007;6,454;0;0;0;;M8;sloot;;;21677.4375;137817.3125;7545.625;0.12977364;Landelijk
8030-EAG-5;Osdorperbinnenpolder, polder;KRW Overig water;1,344,448;136,468;1,207,980;40,993;0;0;0;;M10;sloot;;;174096;1031118.188;139262.625;0.129489775;Landelijk
2511-EAG-1;Hoogwaterzone Amstelkade P1, Hoogwaterzone Amstelkade P1;KRW Overig water;300,945;49,306;251,640;14,126;0;0;0;;M8;sloot;;;38613.4375;212450.9375;49880.75;0.128307237;Landelijk
5000-EAG-3;'t Gooi, 't Gooi;KRW Overig water;10,258,828;63,642;10,195,186;20,118;0;0;0;;NVT;canal;;;1313021.313;8880046.375;65895.5625;0.12798772;Landelijk
2130-EAG-5;Noorder Legmeerpolder, landelijk - KRW Waterlichaam;NL11_2_6;111,848;40,946;70,903;6,709;0;0;0;;M10;sloot;;;14194;56709;40948.3125;0.126900612;Landelijk
2250-EAG-2;Polder de Nieuwe Bullewijk en Holendrechter- en Bullewijker Polder noord, Korte Dwarsweg;KRW Overig water;518,799;29,237;489,562;16,591;0;0;0;;M8;sloot;;;65720;418031;35055.75;0.126675299;Landelijk
8050-EAG-2;Lutkemeerpolder, polder;KRW Overig water;1,734,920;118,095;1,616,824;43,253;0;0;0;;M1a;sloot;;;218948.8125;1397127.188;118884.6875;0.12619814;Landelijk
2250-EAG-5;Polder de Nieuwe Bullewijk en Holendrechter- en Bullewijker Polder noord, golfterrein;KRW Overig water;728,304;111,491;616,812;23,931;0;0;0;;M8;sloot;;;89371.4375;525785.625;113166.3125;0.122708457;Landelijk
8030-EAG-4;Osdorperbinnenpolder, VTP Tigeno en Eendracht;KRW Overig water;260,772;40,446;220,327;13,590;0;0;0;;M10;sloot;;;31681.9375;187634.1875;41460.875;0.121490536;Landelijk
3360-EAG-7;Polder Maarsseveen-Westbroek, Volkstuinen;KRW Overig water;283,165;13,072;270,093;5,633;0;0;0;;M8;sloot;;;34215.125;235878.375;13070.875;0.120831319;Landelijk
3220-EAG-6;Horstermeerpolder en Meeruiterdijksche Polder, Spiegelpolder zuid;KRW Overig water;223,244;13,846;209,399;7,658;0;0;0;;M1a;sloot;;;26702.5;182408.625;14139;0.119607996;Landelijk
7100-EAG-1;Huizen (west), Kwelvijvers;KRW Overig water;322,141;30,687;291,454;3,944;0;0;0;;M3;canal;;;37997.25;253010.1875;31137.625;0.117950745;Landelijk
6420-EAG-1;Gemeenschapspolder West (Tuincomplex Linnaeus), Gemeenschapspolder West (Tuincomplex Linnaeus);KRW Overig water;247,645;39,450;208,195;11,786;0;0;0;;M10;sloot;;;28910.4375;179288.75;39449.75;0.116739598;Landelijk
2530-EAG-2;Polder de Eerste Bedijking (west), oost;KRW Overig water;3,327,028;229,677;3,097,351;130,208;0;0;0;;M1a;sloot;;;385726.5625;2706249.813;235079.375;0.115936309;Landelijk
2240-EAG-1;Holendrechter- en Bullewijker Polder (zuid en west), zuid en west;KRW Overig water;1,718,619;221,657;1,496,962;73,051;0;0;0;;M8;sloot;;;196521.5;1295988.25;226132.125;0.114346975;Landelijk
3201-EAG-3;Stichtsch Ankeveensche Polder, Stichtsch Ankeveensche Polder oost;KRW Overig water;2,371,152;195,234;2,175,918;88,848;0;0;0;;M8;sloot;;;268936.5625;1903970.375;198273.625;0.113418846;Landelijk
7090-EAG-1;Uitstroom gemaal Zeeburg, Uitstroom gemaal Zeeburg;NVT;27,177;11,508;15,670;684;0;0;0;;M1a;sloot;;;2918;12749.8125;11509.9375;0.10736724;Landelijk
1020-EAG-1;Westerpark, Westerpark;KRW Overig water;63,252;3,233;60,019;401;0;0;0;;M8;sloot;vijver;EJ: stedelijk;6579;53442.8125;3233.625;0.104006869;Stedelijk
3070-EAG-2;Holland, Sticht, Voorburg en Polder het Honderd oost, Nog opknippen in  EAG's;KRW Overig water;5,422,598;341,420;5,081,178;183,008;0;0;0;;M1a;sloot;;;555529.9375;4511856.813;355245.8125;0.102446539;Landelijk
2540-EAG-5;Polder Groot Mijdrecht en Polder de Eerste Bedijking (oost), Veldweg;KRW Overig water;587,958;63,563;524,395;25,626;0;0;0;;M1a;sloot;;;59784.0625;462885.8125;65305.125;0.101677899;Landelijk
3220-EAG-2;Horstermeerpolder en Meeruiterdijksche Polder, polder;KRW Overig water;4,557,583;358,554;4,199,029;297,120;0;0;0;;M1a;sloot;;;462638.5;3725008.75;369992.0625;0.101508362;Landelijk
3080-EAG-1;Sportcombinatie Muiden, Sportcombinatie Muiden;KRW Overig water;23,847;1,017;22,830;607;0;0;0;;NTB;canal;;;2420.75;20381.5625;1046.25;0.10150507;Landelijk
2501-EAG-1;Polder Oukoop en Polder Groot Wilnis-Vinkeveen (oost), Oukoop;KRW Overig water;3,710,678;382,601;3,328,076;136,043;0;0;0;;M8;sloot;;;376597.75;2941635.688;392464.5625;0.101489733;Landelijk
3070-EAG-1;Holland, Sticht, Voorburg en Polder het Honderd oost, Voorburg;KRW Overig water;1,187,937;54,117;1,133,820;40,268;0;0;0;;M1a;sloot;;;120462.9375;1012247.063;55226.5625;0.101405194;Landelijk
2350-EAG-1;Venserpolder (volkstuinpark Amstelglorie), Venserpolder (volkstuinpark Amstelglorie);KRW Overig water;287,613;28,532;259,080;12,286;0;0;0;;M1a;sloot;vijver;EJ: stedelijk;29050.75;228746.6875;29821.875;0.10100417;Stedelijk
6100-EAG-1;Noorder IJ Polder, Noorder IJplas;NL11_7_2;692,761;512,713;180,047;7,926;11,996;331,486;168,843;Noorder IJ-plas;M20;plas;;;67663;112346.0625;512712.75;0.097677017;Landelijk
2330-EAG-1;Baambrugge Oostzijds (west);KRW Overig water;1,393,604;103,082;1,290,523;50,504;0;0;0;;M8;sloot;;;135836.75;1150915.688;106869.125;0.097470327;Landelijk
2220-EAG-3;Zuid Bijlmer, Recreatiegebied De Hoge Dijk;KRW Overig water;249,335;73,964;175,372;9,018;0;0;0;;M10;sloot;;;24255.0625;150399.6875;74683.0625;0.097277915;Landelijk
2570-EAG-1;Baambrugge Westzijds, polder;KRW Overig water;5,386,153;340,570;5,045,583;182,474;0;0;0;;M8;sloot;;;520995.375;4504681.125;360526.75;0.09672776;Landelijk
2512-EAG-1;Hoogwaterzone Amstelkade P2, Hoogwaterzone Amstelkade P2;KRW Overig water;167,973;27,744;140,229;7,280;0;0;0;;NTB;canal;;;15759.1875;124475.125;27741.9375;0.09381795;Landelijk
3240-EAG-1;Polder Dorssewaard, Polder Dorssewaard;KRW Overig water;1,293,695;75,015;1,218,680;38,939;0;0;0;;M1a;sloot;;;119483.6875;1098828.313;75396.875;0.092357477;Landelijk
8050-EAG-3;Lutkemeerpolder, natuurgebied;KRW Overig water;535,922;84,296;451,626;13,439;0;0;0;;M1a;sloot;;;49374.625;402265.6875;84296.125;0.092127763;Landelijk
2340-EAG-1;Polder Holland en Sticht west, bemalen;KRW Overig water;1,857,364;86,867;1,770,497;59,526;0;0;0;;M1a;sloot;;;166569.25;1581081.25;109726.1875;0.089679843;Landelijk
6440-EAG-2;Polder Breukelerwaard West,;KRW Overig water;285,972;26,843;259,128;10,638;0;0;0;;M1a;sloot;;;25243.8125;233210;27522.125;0.088272505;Landelijk
4200-EAG-1;Heintjesrak- en Broekerpolder, nabij Faunapassage;KRW Overig water;199,196;8,239;190,957;6,901;0;0;0;;M8;sloot;;;17316.6875;173185.6875;8695.75;0.08693198;Landelijk
4000-EAG-8;'s-Gravelandsche vaartboezem, Zanderijvaarten;NL11_2_2;2,591,428;183,703;2,407,726;43,406;0;0;0;;M6a;canal;;;223705.5625;2180668.438;187088.5625;0.086324057;Landelijk
6530-EAG-2;Bloemendalerpolder en Gemeenschapspolder Oost, langs de Vecht;KRW Overig water;228,521;11,819;216,702;8,710;0;0;0;;M8;sloot;;;19556.625;196492.125;12476.875;0.085577383;Landelijk
2630-EAG-1;Noordse Buurt en Westveense Polder, Noordse buurt;KRW Overig water;2,068,007;138,443;1,929,564;65,659;0;0;0;;M8;sloot;;;176809.8125;1743948.813;145856.9375;0.085555251;Landelijk
2000-EAG-2;Boezem Amstelland-West, Noord-West;NL11_1_1;1,101,803;825,101;276,701;27,289;0;0;0;;M6b;canal;;;92432.875;182528.3125;826861.5625;0.083890875;Landelijk
4120-EAG-2;Buitendijken ten Noorden van Naarden, Haverland;KRW Overig water;481,729;15,026;466,703;9,556;0;0;0;;M1a;sloot;;;39380.5;426574.6875;15779.9375;0.081747205;Landelijk
3300-EAG-8;Muyeveld, Vuntus;NL11_5_1;1,445,318;958,934;486,384;28,116;285,259;673,783;0;Vuntus;M27;plas;;;117734.3125;366199.0625;961394.5;0.08145855;Landelijk
8010-EAG-1;De Lange Bretten, natuurgebied;KRW Overig water;1,097,489;107,000;990,488;28,106;0;0;0;;M8;sloot;;;89241.5;898601.125;109682.25;0.081311597;Landelijk
2120-EAG-4;Bovenkerkerpolder, landelijk- KRW Waterlichaam;NL11_2_6;121,173;48,490;72,683;10,887;0;0;0;;M10;sloot;;;9522.375;62791.5;48862.3125;0.07858289;Landelijk
2600-EAG-1;Polder Zevenhoven, bemalen gebied;KRW Overig water;3,609,640;302,169;3,307,470;131,186;0;0;0;;M1a;sloot;;;282653.4375;3017038.438;309968.125;0.078304726;Landelijk
6560-EAG-1;Over-Diemen (noord), Over-Diemen (noord);KRW Overig water;33,326;831;32,495;622;0;0;0;;NTB;canal;;;2589;29850.5625;886.5625;0.0776868;Landelijk
6450-EAG-3;Aetsveldse Polder west, zuid;KRW Overig water;258,882;8,487;250,395;7,600;0;0;0;;M1a;sloot;;;19726.9375;230671.3125;8488.125;0.076199211;Landelijk
2520-EAG-1;Polder de Derde Bedijking, landelijk;KRW Overig water;5,305,378;381,561;4,923,817;207,890;0;0;0;;M8;sloot;;;404121.125;4512978.313;388298.5;0.07617169;Landelijk
3320-EAG-3;Loenderveen, Terra Nova landelijk zuid;KRW Overig water;983,394;142,239;841,155;39,763;0;0;0;;M3;canal;;;74226.25;763396.625;145778;0.075479138;Landelijk
3360-EAG-2;Polder Maarsseveen-Westbroek, Polder Buitenweg;KRW Overig water;1,265,173;132,317;1,132,856;58,905;0;0;0;;M8;sloot;;;95363.5625;1037663.563;132138.75;0.075376332;Landelijk
3200-EAG-2;Spiegelpolder, Spiegelweg;KRW Overig water;586,541;32,748;553,793;21,420;0;0;0;;M1a;sloot;;;44082.875;509717.4375;32751.6875;0.075155954;Landelijk
3220-EAG-1;Horstermeerpolder en Meeruiterdijksche Polder, Korremof;KRW Overig water;841,013;60,547;780,466;26,111;0;0;0;;M1a;sloot;;;62627.0625;716972.625;61419.875;0.074465643;Landelijk
3310-EAG-1;Loenderveen (GWA), Waterleidingkanaal;KRW Overig water;241,341;132,267;109,074;20,650;0;0;0;;M10;sloot;;;17704.75;90288.625;133345.75;0.073360463;Landelijk
2600-EAG-10;Polder Zevenhoven, bemalen gebied - KRW Waterlichaam;NL11_2_4;201,582;67,745;133,836;14,886;0;0;0;;M10;sloot;;;14314.8125;118930.25;68336.5625;0.071012487;Landelijk
2270-EAG-1;Duivendrechtsepolder noord en midden;KRW Overig water;2,973,850;196,668;2,777,182;99,549;0;0;0;;M8;sloot;;;205969.3125;2554272.438;213663.375;0.069258871;Landelijk
3300-EAG-3;Muyeveld, Kievitsbuurt noord;NL11_5_1;1,664,886;1,251,910;412,976;91,391;698,597;558,192;0;Kievitsbuurt;M27;plas;;;114094.6875;289240.5625;1261552.75;0.068529948;Landelijk
2140-EAG-2;Uithoornsche Polder, Uithoornse Polder zuid;KRW Overig water;492,717;78,241;414,477;26,935;0;0;0;;M8;sloot;;;32901.3125;379985.5;79832;0.066775028;Landelijk
2000-EAG-4;Boezem Amstelland-West, Oost;NL11_1_1;934,171;665,076;269,095;52,465;0;0;0;;M6b;canal;;;62214.625;203829.4375;668140.375;0.066597796;Landelijk
3300-EAG-11;Muyeveld, Oostenlijke Drecht;NL11_6_1;4,516,606;596,646;3,919,960;170,106;0;0;0;;M10;sloot;;;300101.3125;3618151.313;598381.0625;0.06644358;Landelijk
3360-EAG-4;Polder Maarsseveen-Westbroek, Wilgenplas;KRW Overig water;1,323,591;362,166;961,425;55,288;197,775;164,723;0;Wilgenplas;M25;kleine plas;vijver;;85360.5625;875070.875;363156.9375;0.064491774;Landelijk
6550-EAG-2;Polder Nijenrode, Kasteel Neijenrode en sportvelden;KRW Overig water;634,849;69,035;565,813;18,979;0;0;0;;M1a;sloot;;;40831.625;523502.875;70514.3125;0.064317085;Landelijk
2250-EAG-6;Polder de Nieuwe Bullewijk en Holendrechter- en Bullewijker Polder noord, nabij recreatiegebied;KRW Overig water;217,768;21,399;196,369;14,722;0;0;0;;M8;sloot;;;13780.8125;181310.25;22683.25;0.063280248;Landelijk
8030-EAG-6;Osdorperbinnenpolder, Tom Schreurweg;KRW Overig water;37,829;7,571;30,258;3,178;0;0;0;;M10;sloot;;;2373.625;27626;7840.8125;0.062727208;Landelijk
3100-EAG-9;Naardermeer, Kwelgebied noord;NL11_4_1;123,812;17,310;106,501;5,472;0;0;0;;M14;plas;;;7723.1875;97927.5625;18163;0.062377462;Landelijk
2500-EAG-5;Polder Groot Wilnis Vinkeveen, Noordplas;NL11_3_4;8,586,666;6,285,025;2,301,642;225,830;339,228;3,719,273;1,671,903;Vinkeveense Plas (EAG 5 - Noordplas);M20;plas;;;511032.375;1772419.438;6303300.438;0.059514047;Landelijk
2400-EAG-3;Polder de Rondehoep, noord-west;KRW Overig water;1,824,656;117,496;1,707,160;69,014;0;0;0;;M8;sloot;;;108496.5;1595788.5;120399.3125;0.059460422;Landelijk
3110-EAG-5;Nieuwe Keverdijksche Polder en Hilversumse Bovenmeent, Nog opknippen in  EAG's;KRW Overig water;6,328,839;334,818;5,994,021;246,873;0;0;0;;M8;sloot;;;375383.5;5603014.125;350557.5;0.059312081;Landelijk
2500-EAG-3;Polder Groot Wilnis Vinkeveen, Kleine plas;NL11_3_4;841,875;614,342;227,533;21,621;62,931;514,915;38,823;Vinkeveense Plas;M20;plas;;;49692.5;175559.875;616629.125;0.059025528;Landelijk
2540-EAG-3;Polder Groot Mijdrecht en Polder de Eerste Bedijking (oost), Botshol West;KRW Overig water;106,124;7,494;98,630;4,376;0;0;0;;M1a;sloot;;;6257.8125;92043.5625;7826.625;0.058964764;Landelijk
6480-EAG-2;Hoeker- en Garstenpolder, noord;KRW Overig water;846,152;31,665;814,488;24,659;0;0;0;;M1a;sloot;;;47486.6875;767012;31664;0.056120044;Landelijk
9030-EAG-1;Florapark (zuid), Florapark (zuid);KRW Overig water;32,620;3,799;28,821;538;0;0;0;;M11;kleine plas;vijver;EJ: stedelijk;1813.6875;27008.375;3798.4375;0.055599623;Stedelijk
6430-EAG-1;Baambrugge Oostzijds;KRW Overig water;7,252,899;429,060;6,823,839;278,194;0;0;0;;M8;sloot;;;400810.6875;6412846.063;439325.25;0.055261503;Landelijk
3020-EAG-1;Noorder- of Rietpolder (De Krijgsman), landelijk;KRW Overig water;502,293;81,831;420,462;21,154;0;0;0;;M1a;sloot;;;27572.625;391007.9375;83718.625;0.054892832;Landelijk
2380-EAG-1;Honderdsche polder west, Honderdsche polder west;KRW Overig water;1,018,056;49,095;968,962;34,457;0;0;0;;M1a;sloot;;;55684;911394.9375;50979.875;0.054696251;Landelijk
6000-EAG-4;Noordzeekanaal/IJ/Amsterdamrijnkanaalboezem, Hoeker- en Garstenpolder noord-puntje;KRW Overig water;15,234;6,063;9,170;798;0;0;0;;NVT;canal;;;805.3125;8365.25;6061.625;0.05286913;Landelijk
6540-EAG-1;Aetsveldse Polder Oost, bemalen;KRW Overig water;6,446,511;349,427;6,097,083;236,032;0;0;0;;M1a;sloot;;;338932.875;5756972.375;350699.0625;0.052575412;Landelijk
3360-EAG-11;Polder Maarsseveen-Westbroek, Grote Maarsseveensche Plas;NL11_3_8;856,916;608,266;248,649;5,317;40,161;165,271;405,977;Grote Maarsseveense Plas;M20;plas;;;44957.625;203689;608267.5625;0.052464559;Landelijk
3220-EAG-3;Horstermeerpolder en Meeruiterdijksche Polder, Anko zuid;KRW Overig water;1,564,490;88,306;1,476,184;77,916;0;0;0;;M1a;sloot;;;81262.1875;1392516.375;90725.125;0.051941193;Landelijk
3360-EAG-1;Polder Maarsseveen-Westbroek, Agrarisch Molenpolder;KRW Overig water;3,409,739;276,937;3,132,802;153,201;0;0;0;;M8;sloot;;;177016.4375;2955718.438;276999.5;0.051915023;Landelijk
2030-EAG-1;Sarphatipark, Sarphatipark;KRW Overig water;42,114;5,367;36,747;741;0;0;0;;M1a;sloot;vijver;EJ: stedelijk;2185.4375;34497.3125;5431.875;0.051892603;Stedelijk
4140-EAG-2;Keverdijkse Overscheense Polder,;NVT;586,330;23,437;562,894;23,565;0;0;0;;M8;sloot;;;30288.0625;530868.5625;25185.5625;0.05165595;Landelijk
3230-EAG-1;Polder Kortenhoef, Het Hol/Suikerpot;NL11_6_4;2,636,997;452,466;2,184,530;100,750;319,051;133,534;0;Kortenhoefse Plas;M27;plas;;;135848.75;2042004.25;459167.5;0.051516001;Landelijk
4210-EAG-5;Hollands Ankeveensche Polder, Ankeveense Plassen HAP oost;NL11_6_2;242,786;98,225;144,561;10,071;30,530;67,806;0;Hollandsch Ankeveensche Plas;M27;plas;;;12231.8125;131341.25;99216.125;0.050380384;Landelijk
5000-EAG-6;'t Gooi, 't Gooi;KRW Overig water;12,241,307;34,772;12,206,536;4,260;0;0;0;;NVT;canal;;;609553.375;11596736.75;35078.0625;0.049794546;Landelijk
6450-EAG-2;Aetsveldse Polder west, fort;KRW Overig water;48,506;29,081;19,424;1,408;0;0;0;;M1a;sloot;;;2407.9375;17014.0625;29081.5625;0.049644549;Landelijk
9801-EAG-1;Wiel Onderwal, Wiel Onderwal;KRW Overig water;35,885;7,765;28,120;1,188;0;0;0;;NVT;sloot;;;1757.75;26276.75;7851.5;0.048981497;Landelijk
2550-EAG-5;Noorderpolder of Botshol (zuid en west), Noorderpolder (west);KRW Overig water;615,737;47,116;568,621;22,891;0;0;0;;M8;sloot;;;30113.1875;537884.625;47750.5;0.048905026;Landelijk
2504-EAG-1;Polder deTweede Bedijking, Polder deTweede Bedijking;KRW Overig water;1,786,027;148,527;1,637,500;80,406;0;0;0;;M1a;sloot;;;85696.25;1551814.125;148529.4375;0.047981153;Landelijk
2530-EAG-1;Polder de Eerste Bedijking (west), west;KRW Overig water;5,582,310;465,088;5,117,223;268,643;0;0;0;;M1a;sloot;;;267242.5;4847037.125;468072.625;0.04787274;Landelijk
2000-EAG-5;Boezem Amstelland-West, Midden;NL11_1_1;1,069,037;831,186;237,851;50,553;0;0;0;;M6b;canal;;;50805.875;183108.75;835136.9375;0.047524251;Landelijk
2500-EAG-4;Polder Groot Wilnis Vinkeveen, Zuidplas;NL11_3_4;3,733,467;3,230,141;503,326;49,452;349,116;2,547,627;335,506;Vinkeveense Plas (EAG 4 - Zuidplas);M20;plas;;;175120.875;323697.8125;3234679.563;0.046905305;Landelijk
3320-EAG-1;Loenderveen, Terra Nova landelijk noord;NL11_5_4;267,625;96,799;170,826;11,704;79,793;17,526;0;Terra Nova;M27;plas;;;12223.4375;157999.625;97403.875;0.04567342;Landelijk
2540-EAG-1;Polder Groot Mijdrecht en Polder de Eerste Bedijking (oost), landelijk;KRW Overig water;14,728,192;863,301;13,864,891;626,185;0;0;0;;M1a;sloot;;;634900;13196336.44;897051.375;0.043107523;Landelijk
7010-EAG-1;De Gooise Zomerkade, De Gooise Zomerkade;KRW Overig water;2,117,462;74,388;2,043,074;48,426;0;0;0;;M1a;sloot;;;87545.4375;1949255.063;80691.4375;0.04134393;Landelijk
3300-EAG-10;Muyeveld, Weersloot;NL11_6_1;2,733,132;345,003;2,388,129;110,043;0;0;0;;M10;sloot;;;112917.3125;2274866.75;345356.625;0.041314124;Landelijk
2630-EAG-3;Noordse Buurt en Westveense Polder, Westveen;KRW Overig water;1,211,014;323,627;887,387;66,955;0;0;0;;M8;sloot;;;49769.25;837665;323582.3125;0.041097085;Landelijk
6480-EAG-1;Hoeker- en Garstenpolder, bemalen gebied;KRW Overig water;2,826,210;122,970;2,703,239;90,005;0;0;0;;M1a;sloot;;;114619.875;2584199;127422.8125;0.040555581;Landelijk
2410-EAG-1;Polder Waardassacker en Holendrecht, Holendrechter polder;KRW Overig water;3,203,741;231,716;2,972,025;109,410;0;0;0;;M8;sloot;;;127450.9375;2841245.438;235086.125;0.039781395;Landelijk
2140-EAG-1;Uithoornsche Polder, Uithoornse Polder midden;KRW Overig water;1,368,003;254,605;1,113,399;63,419;0;0;0;;M8;sloot;;;54403.125;1056426.313;257181.125;0.039768059;Landelijk
6550-EAG-1;Polder Nijenrode, landelijk gebied;KRW Overig water;2,079,381;104,859;1,974,521;69,789;0;0;0;;M1a;sloot;;;82277;1886524.438;110578.75;0.039568041;Landelijk
4200-EAG-3;Heintjesrak- en Broekerpolder, Heintjesrakpolder;KRW Overig water;874,663;30,734;843,929;27,485;0;0;0;;M8;sloot;;;34567.3125;807863.6875;32241.25;0.039520303;Landelijk
3300-EAG-7;Muyeveld, Tienhovensche Plassen zuid;NL11_5_1;513,496;246,638;266,858;25,102;237,896;8,744;0;Tienhovense Plas;M27;plas;;;20015.625;246842.4375;246638.25;0.038979102;Landelijk
2600-EAG-6;Polder Zevenhoven, Achterweg_Zeerust;KRW Overig water;2,506,180;35,956;2,470,224;22,731;0;0;0;;M1a;sloot;;;97542.4375;2371057.688;37591.375;0.038920584;Landelijk
2120-EAG-1;Bovenkerkerpolder, landelijk;KRW Overig water;8,465,878;528,723;7,937,155;340,360;0;0;0;;M1a;sloot;;;324576;7570490.563;570915.8125;0.038338847;Landelijk
3220-EAG-4;Horstermeerpolder en Meeruiterdijksche Polder, Meeruiterdijksche Polder zuid;KRW Overig water;765,434;29,136;736,298;26,259;0;0;0;;M1a;sloot;;;28743.875;707559.5625;29137.1875;0.037552064;Landelijk
3300-EAG-6;Muyeveld, Tienhovensche Plassen noord;NL11_5_1;388,057;210,498;177,559;17,059;155,811;54,692;0;Tienhovense Plas;M27;plas;;;14483.9375;163078.875;210495.875;0.03732409;Landelijk
2620-EAG-1;Voordijkschepolder, Voordijkschepolder;NL11_8_2;1,676,544;349,298;1,327,247;77,142;0;0;0;;M10;sloot;;;62226.5625;1262561.75;351756.8125;0.037115948;Landelijk
2410-EAG-4;Polder Waardassacker en Holendrecht, Slot polder;KRW Overig water;178,437;13,147;165,290;5,512;0;0;0;;M8;sloot;;;6586.25;158581.1875;13270.4375;0.036910605;Landelijk
8070-EAG-1;Sloterbinnen en Middelveldsepolder, Sloterplas;NL11_3_1;1,462,214;899,874;562,340;9,129;93,690;283,315;530,955;Sloterplas;M20;plas;;;53441.6875;508165.0625;900646.9375;0.03654748;Stedelijk
2000-EAG-7;Boezem Amstelland-West, Zuid;NL11_1_1;527,657;329,077;198,579;40,888;0;0;0;;M6b;canal;;;19283.5625;181461;326916.875;0.036545332;Landelijk
2230-EAG-1;Broekzijdse Polder, landelijk;KRW Overig water;2,469,087;170,063;2,299,025;91,693;0;0;0;;M8;sloot;;;90088.875;2206318.938;172712.9375;0.036486217;Landelijk
2570-EAG-2;Baambrugge Westzijds, Schrobberpolder;KRW Overig water;830,774;25,345;805,429;17,167;0;0;0;;M8;sloot;;;30310.1875;767605.25;32875.0625;0.036483551;Landelijk
2503-EAG-1;Polder Wilnis-Veldzijde, Polder Wilnis-Veldzijde;KRW Overig water;5,707,776;313,573;5,394,203;164,681;0;0;0;;M1a;sloot;;;205242.25;5179112.063;323450;0.035958179;Landelijk
8030-EAG-3;Osdorperbinnenpolder,  De Kluut 2;KRW Overig water;168,924;83,511;85,413;7,271;0;0;0;;M10;sloot;;;6063.875;78901.1875;83963.875;0.035896011;Landelijk
2630-EAG-2;Noordse Buurt en Westveense Polder, Noordse dorp;KRW Overig water;624,254;37,210;587,044;18,129;0;0;0;;M10;sloot;;;22176.875;564335.625;37741.5625;0.0355254;Landelijk
6480-EAG-3;Hoeker- en Garstenpolder, oost;KRW Overig water;1,494,322;60,833;1,433,489;48,574;0;0;0;;M1a;sloot;;;52814.3125;1377100.188;64420.4375;0.035343022;Landelijk
6450-EAG-1;Aetsveldse Polder west, bemalen;KRW Overig water;2,470,457;109,991;2,360,466;81,541;0;0;0;;M1a;sloot;;;85903;2274584.813;110007.5;0.03477157;Landelijk
4140-EAG-3;Keverdijkse Overscheense Polder,;KRW Overig water;595,519;51,576;543,943;29,274;0;0;0;;M8;sloot;;;20545.1875;521149.4375;53832;0.034499192;Landelijk
4200-EAG-2;Heintjesrak- en Broekerpolder, Broekerpolder;KRW Overig water;1,239,632;41,492;1,198,140;37,110;0;0;0;;M8;sloot;;;42721.75;1149927.188;47002.5;0.034462712;Landelijk
2250-EAG-1;Polder de Nieuwe Bullewijk en Holendrechter- en Bullewijker Polder noord, Ouderkerkerplas;NL11_3_3;928,499;730,052;198,447;12,044;13,961;277,404;438,036;Ouderkerkerplas;M20;plas;;;31628.25;165709.6875;731179.5625;0.034063171;Landelijk
3300-EAG-9;Muyeveld, Kromme Rade;NL11_6_1;1,676,520;313,097;1,363,423;51,290;311,384;1,714;0;Vuntus;M10;sloot;;;56965.9375;1303761;315800.0625;0.033978539;Landelijk
2140-EAG-5;Uithoornsche Polder, Natuurgebied Uithoorn;KRW Overig water;228,892;59,967;168,924;10,059;0;0;0;;M8;sloot;;;7730.4375;161197.875;59965.0625;0.033773094;Landelijk
2501-EAG-3;Polder Oukoop en Polder Groot Wilnis-Vinkeveen (oost), Polder Demmerik - KRW Waterlichaam;NL11_2_3;47,308;27,226;20,082;3,770;0;0;0;;M10;sloot;;;1590.5;18316.4375;27402.875;0.033618819;Landelijk
3303-EAG-1;Gansenhoef west, Gansenhoef west;KRW Overig water;364,634;11,001;353,633;7,866;0;0;0;;M1a;sloot;;;12227.375;340955.9375;11450.375;0.033533311;Landelijk
6100-EAG-2;Noorder IJ Polder, Noorder IJplas;NVT;116,947;81,468;35,479;1,216;0;0;0;;M20;plas;;;3904.25;31578.8125;81467.0625;0.033383889;Landelijk
2400-EAG-1;Polder de Rondehoep, bemalen gebied;KRW Overig water;2,970,109;152,680;2,817,429;105,248;0;0;0;;M8;sloot;;;98872.6875;2714063.188;157211.0625;0.03328882;Landelijk
3370-EAG-2;Polder Achtienhoven, Gagelbos;KRW Overig water;582,636;91,488;491,148;24,925;0;0;0;;M3;canal;;;19044.125;472102.8125;91489.6875;0.03268611;Landelijk
3210-EAG-1;Horn- en Kuyerpolder, bemalen gebied;KRW Overig water;1,296,596;55,498;1,241,099;51,931;0;0;0;;M1a;sloot;;;42170.75;1198944.375;55501.5625;0.032523683;Landelijk
2500-EAG-2;Polder Groot Wilnis Vinkeveen, Reservaat Demmerik;NL11_8_1;2,003,546;587,559;1,415,987;99,842;0;0;0;;M10;sloot;;;63271.875;1342625.188;597657.375;0.031579813;Landelijk
3340-EAG-1;Polder Mijnden, Polder Mijnden west;KRW Overig water;2,128,122;170,180;1,957,943;85,335;0;0;0;;M8;sloot;;;67133.5625;1883518.5;175748.8125;0.031571452;Landelijk
2400-EAG-4;Polder de Rondehoep, noord-oost;KRW Overig water;2,233,170;111,959;2,121,211;74,296;0;0;0;;M8;sloot;;;69736.3125;2048807;114658.75;0.03122705;Landelijk
6060-EAG-1;W.H. Vliegenbos, W.H. Vliegenbos;KRW Overig water;254,007;18,594;235,413;7,796;0;0;0;;M8;sloot;;;7795.9375;226002.8125;18540.6875;0.030894646;Landelijk
3300-EAG-2;Muyeveld, Nieuwe Polderplas;NL11_5_1;199,005;183,607;15,398;2,487;0;0;0;;M27;plas;;;6058.8125;9299.4375;183649.6875;0.03044508;Landelijk
3360-EAG-9;Polder Maarsseveen-Westbroek, Kleine Maarsseveensche Plas;KRW Overig water;271,056;213,951;57,105;3,068;14,043;78,515;121,379;Kleine Maarsseveense Plas;M20;plas;;;8233.75;48871.5;213949.4375;0.030376711;Landelijk
3200-EAG-1;Spiegelpolder, Spiegel- en Blijkpolderplas;NL11_3_6;3,213,868;2,554,705;659,164;34,790;222,569;575,475;1,757,577;Spiegelplas;M20;plas;;;96775.6875;562412.6875;2554709.125;0.030111628;Landelijk
3300-EAG-1;Muyeveld, Loosdrechtsche Plassen;NL11_5_1;11,303,488;9,864,444;1,439,044;95,854;830,926;9,050,561;0;Loosdrechtse Plas;M27;plas;;;336033.75;1100255.625;9867243.063;0.029728207;Landelijk
2400-EAG-2;Polder de Rondehoep, zuid-west;KRW Overig water;3,336,778;240,411;3,096,368;136,189;0;0;0;;M8;sloot;;;96702.8125;2992018.188;248102.4375;0.0289805;Landelijk
3230-EAG-2;Polder Kortenhoef, Wijde Blik;NL11_3_7;4,015,325;2,930,739;1,084,586;54,234;187,962;1,016,190;1,606,746;Wijde Blik;M20;plas;;;116074.8125;966266.9375;2933019.438;0.028907689;Landelijk
4100-EAG-1;Noordpolder beoosten Muiden, bemalen;KRW Overig water;3,469,100;76,626;3,392,474;56,337;0;0;0;;M8;sloot;;;97761.8125;3237246;134164.0625;0.028180158;Landelijk
3230-EAG-3;Polder Kortenhoef, Wijde Gat;NL11_6_4;3,353,057;1,109,248;2,243,809;103,714;716,352;392,897;0;Kortenhoefse Plas;M27;plas;;;89068.8125;2149177;1114842.375;0.026563218;Landelijk
3320-EAG-2;Loenderveen, Terra Nova;NL11_5_4;989,952;625,061;364,890;23,894;268,790;356,250;0;Terra Nova;M27;plas;;;26217.3125;337552;626190.875;0.026483199;Landelijk
3110-EAG-4;Nieuwe Keverdijksche Polder en Hilversumse Bovenmeent, Aalscholverkolonie;KRW Overig water;457,842;31,756;426,086;7,892;0;0;0;;M8;sloot;;;11884.125;413498.8125;32464.4375;0.025956521;Landelijk
9040-EAG-1;Buiksloterweg, Buiksloterweg;KRW Overig water;8,999;2,604;6,395;304;0;0;0;;M11;kleine plas;vijver;EJ: stedelijk;233.0625;6161.75;2604.1875;0.025898711;Stedelijk
1010-EAG-1;Erasmuspark, Erasmuspark;KRW Overig water;112,020;18,956;93,064;2,299;0;0;0;;M10;sloot;vijver;EJ: stedelijk;2854.4375;90021.5;19146.9375;0.025480845;Stedelijk
2000-EAG-6;Boezem Amstelland-West, West;NL11_1_1;1,367,947;1,081,854;286,093;52,323;0;0;0;;M6b;canal;;;34800.8125;249608.5;1083540.938;0.025440116;Landelijk
2625-EAG-1;Blokland, Blokland;KRW Overig water;2,878,299;451,815;2,426,484;131,294;0;0;0;;M8;sloot;;;71289.75;2350092.188;456938.0625;0.024767833;Landelijk
3100-EAG-10;Naardermeer, Meerlanden;KRW Overig water;348,969;27,169;321,800;14,505;0;0;0;;M8;canal;;krw watertype aangepast, klopte niet;8530;312337.8125;28105.9375;0.024443099;Landelijk
3311-EAG-9;Bethunepolder,;KRW Overig water;677,405;47,729;629,676;33,316;0;0;0;;M8;sloot;;;16382;602437.75;58585.5;0.024183456;Landelijk
3210-EAG-2;Horn- en Kuyerpolder, gestuwde gebieden;KRW Overig water;445,556;19,963;425,593;18,533;0;0;0;;M1a;sloot;;;10692.75;414905.125;19968.1875;0.023998125;Landelijk
3110-EAG-2;Nieuwe Keverdijksche Polder en Hilversumse Bovenmeent, Hilversumse Bovenmeent;KRW Overig water;871,799;77,739;794,060;28,197;0;0;0;;M25;kleine plas;vijver;;20889.3125;771355.4375;79570.3125;0.023960715;Landelijk
4230-EAG-1;Hilversumse Ondermeent, Hilversumse Ondermeent;KRW Overig water;1,277,624;52,813;1,224,812;37,461;0;0;0;;M8;sloot;;;30144.625;1192446.75;55051.4375;0.023593938;Landelijk
3300-EAG-5;Muyeveld, Breukeleveensche of Stille Plas;NL11_5_1;2,478,462;1,867,175;611,287;32,684;669,061;1,198,114;0;Stille Plas;M27;plas;;;58366.75;552927.4375;1867170.125;0.023549562;Landelijk
2510-EAG-1;Groot Wilnis-Vinkeveen (zuid) en Polder Groot en Klein Oud-Aa, Heicop & Geer;KRW Overig water;8,629,928;1,036,047;7,593,880;372,401;0;0;0;;M10;sloot;;;201771.125;7366690.313;1061480.313;0.023380358;Landelijk
2600-EAG-8;Polder Zevenhoven, Kousmolentocht/Jonge Zevenhovenseweg;KRW Overig water;3,588,483;220,583;3,367,899;108,738;0;0;0;;M1a;sloot;;;80957.5625;3273150.25;234385.875;0.022560319;Landelijk
3370-EAG-4;Polder Achtienhoven,  Het Achteraf;KRW Overig water;3,429,948;214,730;3,215,218;155,983;0;0;0;;M1a;sloot;;;77379.625;3141786.75;210781.875;0.022559998;Landelijk
3370-EAG-1;Polder Achtienhoven, Gagelweg/Kooidijk;KRW Overig water;4,052,530;403,401;3,649,129;206,623;0;0;0;;M1a;sloot;;;90780.625;3557554.063;404185.4375;0.02240103;Landelijk
3360-EAG-15;Polder Maarsseveen-Westbroek, Taartpunt;KRW Overig water;1,425,219;126,811;1,298,408;63,695;0;0;0;;M8;sloot;;;30323.5;1265349.438;129538.0625;0.021276499;Landelijk
3350-EAG-1;Polder Breukelen-Proostdij, bemalen gebied;KRW Overig water;2,919,517;183,489;2,736,028;111,861;0;0;0;;M8;sloot;;;60291.8125;2655527.375;192256.8125;0.020732544;Landelijk
2400-EAG-7;Polder de Rondehoep, bemalen gebied - KRW Waterlichaam;NL11_2_5;129,602;39,808;89,794;9,024;0;0;0;;M10;sloot;;;2644.625;86814.8125;40145.3125;0.020405309;Landelijk
2502-EAG-1;Polder Groot Wilnis-Vinkeveen (midden), oost;KRW Overig water;2,747,269;366,428;2,380,841;106,424;0;0;0;;M10;sloot;;;55915.3125;2319839.563;371520.75;0.020353004;Landelijk
3311-EAG-1;Bethunepolder,;KRW Overig water;2,528,251;228,605;2,299,646;111,024;0;0;0;;M8;sloot;;;48608.375;2223107.938;256514.0625;0.019226244;Landelijk
2600-EAG-5;Polder Zevenhoven, Odesssa_Driesprong_De Jonker;KRW Overig water;2,266,435;64,790;2,201,644;36,204;0;0;0;;M1a;sloot;;;42417.1875;2155210.125;68819.3125;0.018715282;Landelijk
4210-EAG-2;Hollands Ankeveensche Polder, Ankeveensche Plassen HAP noord;NL11_6_2;715,623;200,029;515,594;22,832;108,254;91,928;0;Hollandsch Ankeveensche Plas;M27;plas;;;13393;500595.625;201650.5625;0.018714738;Landelijk
3370-EAG-3;Polder Achtienhoven, Kerkeindse Polder;KRW Overig water;2,461,778;226,501;2,235,277;129,621;0;0;0;;M1a;sloot;;;44607.5;2183712.938;233463.8125;0.018119988;Landelijk
3320-EAG-4;Loenderveen, Loenderveensche Plas;NL11_5_3;2,374,817;2,119,843;254,974;9,499;105,057;2,052,663;0;Loenderveense Plas;M27;plas;;;42612.0625;211765;2120456.188;0.017943181;Landelijk
2560-EAG-1;Noorderpolder of Botshol (Nellestein), agrarisch;KRW Overig water;527,081;43,052;484,029;22,573;0;0;0;;M8;sloot;;;9366.8125;473839.875;43880.5625;0.017770896;Landelijk
2505-EAG-1;Veldhuiswetering, Veldhuisweg;KRW Overig water;4,709,823;689,609;4,020,214;181,085;0;0;0;;M10;sloot;;;80967.5;3929506.625;699365.6875;0.017191137;Landelijk
4140-EAG-5;Keverdijkse Overscheense Polder, Stadzicht;NVT;115,910;4,112;111,798;3,990;0;0;0;;M8;sloot;;;1941;109623.5;4347.4375;0.016745471;Landelijk
3360-EAG-10;Polder Maarsseveen-Westbroek, Maarsseveense Zodden;NL11_6_5;527,966;325,563;202,404;20,653;276,740;48,760;0;Molenpolder;M27;plas;;;8817.5;193579.5625;325569.375;0.016700872;Landelijk
3100-EAG-4;Naardermeer, Veertigmorgen;NL11_4_1;1,148,256;208,562;939,694;17,233;151,022;15,016;0;Naardermeer;M14;plas;;;18762.9375;918188.375;211320.9375;0.016340147;Landelijk
2600-EAG-4;Polder Zevenhoven, Bloklandseweg;KRW Overig water;1,187,052;32,305;1,154,748;16,843;0;0;0;;M1a;sloot;;;19339.0625;1134734;32988.375;0.016291543;Landelijk
2600-EAG-9;Polder Zevenhoven, Groene Jonker;KRW Overig water;1,130,573;810,194;320,380;16,843;0;0;0;;M1a;sloot;;;17769.125;301541.75;811265.6875;0.01571687;Landelijk
2400-EAG-8;Polder de Rondehoep, noord-oost - KRW Waterlichaam;NL11_2_5;51,671;21,979;29,692;4,896;0;0;0;;M10;sloot;;;798.0625;28701.5;22171.6875;0.015445001;Landelijk
3360-EAG-12;Polder Maarsseveen-Westbroek, Nederreinsche Vaart;NL11_6_5;206,569;42,854;163,715;13,864;0;0;0;;M27;sloot;;dit is een krw watertype die als plas gezien wordt, maar een afwijkend gebied binnen een krw waterlichaam;3126.1875;160580.6875;42854.0625;0.015134456;Landelijk
4000-EAG-2;'s-Gravelandsche vaartboezem, Cruijsbergen;NL11_2_2;441,308;39,744;401,565;7,804;0;0;0;;M6a;canal;;;6633.625;394327.625;40365.3125;0.015031103;Landelijk
3230-EAG-5;Polder Kortenhoef, Hilversumsch Kanaal plas/dras;NL11_6_4;909,771;258,873;650,898;37,721;247,848;11,025;0;Kortenhoefse Plas;M27;plas;;;13533.125;634629.1875;261616.75;0.014875177;Landelijk
2110-EAG-4;Middelpolder onder Amstelveen, Natuurgebied;KRW Overig water;328,213;72,650;255,563;14,748;0;0;0;;M10;sloot;;;4868;249822.75;73527.875;0.014831578;Landelijk
6000-EAG-8;Noordzeekanaal/IJ/Amsterdamrijnkanaalboezem, tbv drinkwater;KRW Overig water;18,846;11,655;7,191;1,121;0;0;0;;NVT;canal;;;253.75;6931.375;11660.5625;0.013464619;Landelijk
2501-EAG-2;Polder Oukoop en Polder Groot Wilnis-Vinkeveen (oost), Polder Demmerik;KRW Overig water;5,939,919;672,439;5,267,479;241,168;0;0;0;;M8;sloot;;;75485.0625;5176840.625;687625;0.012708028;Landelijk
3201-EAG-2;Stichtsch Ankeveensche Polder, Ankeveensche Plassen SAP zuid;NL11_6_3;543,642;277,725;265,917;24,834;158,601;119,130;0;Stichtsch Ankeveensche Plas;M27;plas;;;6718.5625;259192.8125;277735.125;0.012358329;Landelijk
3301-EAG-1;Gansenhoef oost, Gansenhoef;KRW Overig water;797,212;118,034;679,178;34,281;0;0;0;;M3;canal;;;9725.125;664867;121486.8125;0.012216282;Landelijk
3201-EAG-1;Stichtsch Ankeveensche Polder, Ankeveensche Plassen SAP noord;NL11_6_3;2,017,839;984,909;1,032,930;53,945;346,904;638,156;0;Stichtsch Ankeveensche Plas;M27;plas;;;24185.0625;1008596.938;985082.875;0.011985472;Landelijk
6440-EAG-3;Polder Breukelerwaard West,;KRW Overig water;280,693;8,001;272,692;7,702;0;0;0;;M1a;sloot;;;3319.125;268476.25;8897.375;0.011824762;Landelijk
3370-EAG-5;Polder Achtienhoven,  Korssesteeg;KRW Overig water;224,924;12,850;212,073;10,230;0;0;0;;M1a;sloot;;;2641.5;209436.8125;12845.9375;0.011743954;Landelijk
6000-EAG-6;Noordzeekanaal/IJ/Amsterdamrijnkanaalboezem, haven;KRW Overig water;13,670;12,764;906;492;0;0;0;;NVT;canal;;;157.4375;706.625;12806.375;0.011516639;Landelijk
3360-EAG-18;Polder Maarsseveen-Westbroek, Polder het Huis te Hart;KRW Overig water;969,558;129,951;839,607;47,273;0;0;0;;M10;sloot;;;10559.625;826257.5;132740.5625;0.010891178;Landelijk
3311-EAG-3;Bethunepolder,;KRW Overig water;924,142;22,694;901,448;19,997;0;0;0;;M8;sloot;;;9910.4375;872728.8125;41503.1875;0.010723929;Landelijk
2550-EAG-2;Noorderpolder of Botshol (zuid en west), Botshol Midden;NL11_7_1;401,283;96,947;304,336;13,188;83,623;13,605;0;Botshol;M27;plas;;;4078.9375;299381.75;97825.375;0.010164663;Landelijk
2510-EAG-2;Groot Wilnis-Vinkeveen (zuid) en Polder Groot en Klein Oud-Aa, Armenland;KRW Overig water;29,734;2,599;27,136;2,139;0;0;0;;M1a;sloot;;;280.25;26274.5625;3179.375;0.009425178;Landelijk
3311-EAG-7;Bethunepolder,;KRW Overig water;375,596;41,597;333,999;20,256;0;0;0;;M8;sloot;;;3532.0625;326971.5;45091.625;0.009403908;Landelijk
3300-EAG-4;Muyeveld, Kievitsbuurt zuid;NL11_5_1;1,121,603;875,411;246,192;58,441;582,352;294,007;0;Kievitsbuurt;M27;plas;;;9952.3125;230316.0625;881338.75;0.008873261;Landelijk
6540-EAG-2;Aetsveldse Polder Oost, blokbemaling;KRW Overig water;591,821;23,813;568,008;17,774;0;0;0;;M1a;sloot;;;5014.8125;563003;23810.25;0.008473428;Landelijk
3100-EAG-3;Naardermeer, Groote Meer ZO;NL11_4_1;1,355,738;531,200;824,538;23,425;436,312;36,523;0;Naardermeer;M14;plas;;;11412.6875;810202.9375;534144.3125;0.008417926;Landelijk
4100-EAG-2;Noordpolder beoosten Muiden, noord;KRW Overig water;254,936;4,946;249,990;4,155;0;0;0;;M1a;sloot;;;2105.1875;243989.5;8845.4375;0.008257576;Landelijk
3360-EAG-17;Polder Maarsseveen-Westbroek, Westbroekse Zodden;NL11_6_5;2,568,271;631,452;1,936,819;133,297;0;0;0;;M27;sloot;;;20407.6875;1909655.188;638213.75;0.007946063;Landelijk
3110-EAG-1;Nieuwe Keverdijksche Polder en Hilversumse Bovenmeent, Meerlanden, Landbouw ZO;KRW Overig water;1,594,510;455,036;1,139,474;46,391;0;0;0;;M25;kleine plas;vijver;;12595.5625;1122834.125;459103.3125;0.007899217;Landelijk
3020-EAG-2;Noorder- of Rietpolder (De Krijgsman), Kruitfabriek eo;KRW Overig water;188,157;8,982;179,175;4,601;0;0;0;;M1a;sloot;;;1381.5;177428.5;9349.25;0.007342185;Landelijk
3350-EAG-2;Polder Breukelen-Proostdij, Beringde landen;KRW Overig water;680,693;51,909;628,784;29,584;0;0;0;;M8;sloot;;;4892.0625;621037.75;54764.3125;0.007186873;Landelijk
2510-EAG-4;Groot Wilnis-Vinkeveen (zuid) en Polder Groot en Klein Oud-Aa, Heicop & Geer - KRW Waterlichaam;NL11_2_3;163,475;68,675;94,800;11,639;0;0;0;;M10;sloot;;;1139;93144.125;69192.3125;0.006967408;Landelijk
3302-EAG-2;Oostelijke Binnenpolder van Tienhoven, petgaten;NL11_6_5;194,270;118,142;76,129;8,669;0;0;0;;M27;sloot;;dit is een krw watertype die als plas gezien wordt, maar een afwijkend gebied binnen een krw waterlichaam;1281.8125;74847.5625;118143.8125;0.00659799;Landelijk
4210-EAG-3;Hollands Ankeveensche Polder, Ankeveensche Plassen HAP zuid;NL11_6_2;1,186,445;723,309;463,136;26,736;250,441;473,059;0;Hollandsch Ankeveensche Plas;M27;plas;;;7785.6875;454772.3125;723896.875;0.006562144;Landelijk
3360-EAG-14;Polder Maarsseveen-Westbroek, Taartpunt Zodden;NL11_6_5;460,203;127,561;332,642;19,377;124,409;3,152;0;Molenpolder;M27;plas;;;2805.5;329842.6875;127563.125;0.006096113;Landelijk
2550-EAG-4;Noorderpolder of Botshol (zuid en west), Noorderpolder (oost);KRW Overig water;650,583;110,103;540,480;24,712;103,062;7,108;0;Botshol;M8;sloot;;;3936.25;534352.3125;112301.375;0.006050278;Landelijk
3360-EAG-16;Polder Maarsseveen-Westbroek, Molenpolder Natuurreservaat;NL11_6_5;1,421,069;512,067;909,003;68,545;488,713;23,365;0;Molenpolder;M27;plas;;;7697.8125;901038.125;512332.0625;0.005416921;Landelijk
2502-EAG-2;Polder Groot Wilnis-Vinkeveen (midden), west;KRW Overig water;293,984;43,172;250,812;14,940;0;0;0;;M8;sloot;;;1533.875;247795.6875;44654.4375;0.005217546;Landelijk
3360-EAG-13;Polder Maarsseveen-Westbroek, Klein Molenpolder;NL11_6_5;299,534;131,446;168,088;13,563;0;0;0;;M27;sloot;;dit is een krw watertype die als plas gezien wordt, maar een afwijkend gebied binnen een krw waterlichaam;1455.125;166626;131452.8125;0.004857964;Landelijk
2550-EAG-1;Noorderpolder of Botshol (zuid en west), Botshol Kleine- en Groote Wije;NL11_7_1;1,128,445;739,978;388,467;26,348;170,861;569,884;0;Botshol;M27;plas;;;5248.8125;381520.8125;741687;0.00465132;Landelijk
2510-EAG-3;Groot Wilnis-Vinkeveen (zuid) en Polder Groot en Klein Oud-Aa, Bovenland;KRW Overig water;3,802,281;616,694;3,185,587;162,035;0;0;0;;M10;sloot;;;17491.4375;3162994.25;621807.9375;0.004600233;Landelijk
3310-EAG-2;Loenderveen (GWA), Waterleidingplas;NL11_3_9;1,336,313;1,239,669;96,644;7,459;46,328;939,534;253,638;Waterleidingplas;M20;plas;;;6105.125;89881.75;1240333.25;0.00456861;Landelijk
3???-EAG-1;Oud-Zuilen, Oud-Zuilen;KRW Overig water;178,274;7,365;170,909;5,191;0;0;0;;M1a;sloot;;;8256.0625;1620490.75;206996.3125;0.004497395;Landelijk
3302-EAG-1;Oostelijke Binnenpolder van Tienhoven, overig;NL11_6_5;1,835,741;202,390;1,633,351;92,533;0;0;0;;M27;sloot;;dit is een krw watertype die als plas gezien wordt, maar een afwijkend gebied binnen een krw waterlichaam;8256.0625;1620490.75;206996.3125;0.004497395;Landelijk
4110-EAG-2;B.O.B.M.-polder en Buitendijken tussen Muiderberg en Naarden, B.O. (oost);KRW Overig water;313,695;19,882;293,813;5,299;0;0;0;;M8;sloot;;;1321.5;286188.9375;26191.1875;0.004212602;Landelijk
3360-EAG-19;Polder Maarsseveen-Westbroek, Taartpunt noord;NL11_6_5;319,266;82,198;237,068;15,026;0;0;0;;M27;sloot;;;1221.1875;234542;83505.4375;0.003824953;Landelijk
3100-EAG-1;Naardermeer, Binnezij/Spookgat;NL11_4_1;995,677;298,387;697,290;33,549;85,767;102,552;0;Naardermeer;M14;plas;;;3801.625;690775.5;301117.75;0.003818062;Landelijk
2510-EAG-5;Groot Wilnis-Vinkeveen (zuid) en Polder Groot en Klein Oud-Aa, Bovenland - KRW Waterlichaam;NL11_2_3;245,837;95,426;150,411;10,540;0;0;0;;M10;sloot;;;884.75;149045.0625;95904.3125;0.003598971;Landelijk
3311-EAG-6;Bethunepolder,;KRW Overig water;356,786;19,657;337,129;10,130;0;0;0;;M8;sloot;;;1053.125;335796;19959.5625;0.002951512;Landelijk
3110-EAG-3;Nieuwe Keverdijksche Polder en Hilversumse Bovenmeent, Nog opknippen in  EAG's;KRW Overig water;980,301;252,593;727,709;32,765;0;0;0;;M25;kleine plas;vijver;;2188.4375;723211.625;254916.625;0.002232378;Landelijk
3311-EAG-2;Bethunepolder,;KRW Overig water;190,451;12,486;177,965;4,698;0;0;0;;M8;sloot;;;424.5625;174239.875;15786.9375;0.002229244;Landelijk
3100-EAG-5;Naardermeer, Wijde- of Bovenste Blik;NL11_4_1;1,199,242;326,708;872,534;13,428;297,857;0;0;Naardermeer;M14;plas;;;2545.5625;868573.75;328140.25;0.002122612;Landelijk
3100-EAG-2;Naardermeer, Groote Meer Noord;NL11_4_1;1,281,756;831,945;449,810;14,011;368,253;446,499;0;Naardermeer;M14;plas;;;2400.3125;446215.6875;833160;0.001872646;Landelijk
2150-EAG-1;Zuider Legmeerpolder, waterberging;KRW Overig water;199,577;8,160;191,417;4,850;0;0;0;;M1a;sloot;;;287.5;191007.1875;8284.0625;0.001440534;Landelijk
2540-EAG-2;Polder Groot Mijdrecht en Polder de Eerste Bedijking (oost), natuurreservaat;KRW Overig water;500,307;277,496;222,811;13,052;0;0;0;;M1a;sloot;;;613.875;221615.375;278084.4375;0.00122698;Landelijk
3340-EAG-2;Polder Mijnden, Polder Mijnden oost;KRW Overig water;757,912;62,455;695,457;37,723;0;0;0;;M1a;sloot;;;618.6875;691727.9375;65568.5625;0.000816302;Landelijk
4140-EAG-4;Keverdijkse Overscheense Polder,;KRW Overig water;119,591;38,987;80,603;6,991;0;0;0;;M8;sloot;;;83.3125;79978.8125;39532.5625;0.000696624;Landelijk
3311-EAG-8;Bethunepolder,;KRW Overig water;116,098;9,628;106,470;5,106;0;0;0;;M8;sloot;;;43.3125;104010.375;12044.4375;0.000373068;Landelijk
3340-EAG-3;Polder Mijnden, Staatbosbeheer;KRW Overig water;202,639;14,255;188,384;7,070;0;0;0;;M1a;sloot;;;50.125;187821.8125;14767.5;0.000247361;Landelijk
2560-EAG-2;Noorderpolder of Botshol (Nellestein), natuurgebied;KRW Overig water;519,262;63,333;455,929;23,359;0;0;0;;M8;sloot;;;102.75;455377.625;63787.875;0.000197875;Landelijk
3311-EAG-5;Bethunepolder,;KRW Overig water;53,585;5,055;48,530;2,464;0;0;0;;M8;sloot;;;7.75;48468.4375;5109.3125;0.000144629;Landelijk
6460-EAG-2;Breukelen Noord, landelijk;KRW Overig water;187,174;19,741;167,433;8,692;0;0;0;;M1a;sloot;;;0.625;166721.125;20453.5;3.34E-06;Landelijk
2400-EAG-5;Polder de Rondehoep, weidevogel gebied;KRW Overig water;1,408,520;165,490;1,243,030;49,765;0;0;0;;M8;sloot;;;2.5;1242516.5;166007.9375;1.77E-06;Landelijk
2400-EAG-9;Polder de Rondehoep, weidevogel gebied - KRW Waterlichaam;NL11_2_5;16,474;2,428;14,046;676;0;0;0;;M10;sloot;;;0;14043.875;2435.1875;0;Landelijk
3301-EAG-2;Gansenhoef oost, Staatsbosbheer;KRW Overig water;28,342;5,217;23,125;1,184;0;0;0;;M1a;sloot;;;0;23006.375;5335.1875;0;Landelijk
3311-EAG-10;Bethunepolder,;KRW Overig water;63,416;5,430;57,986;4,572;0;0;0;;M8;sloot;;;0;57643.25;5773.4375;0;Landelijk
3311-EAG-4;Bethunepolder,;KRW Overig water;0;0;0;0;0;0;0;;M8;sloot;;;0;119736.125;0;0;Landelijk
